# -*- coding: utf-8 -*-

# Resource object code
#
# Created by: The Resource Compiler for PyQt5 (Qt v5.15.2)
#
# WARNING! All changes made in this file will be lost!

from PyQt5 import QtCore

qt_resource_data = b"\
\x00\x00\xef\x4a\
\x89\
\x50\x4e\x47\x0d\x0a\x1a\x0a\x00\x00\x00\x0d\x49\x48\x44\x52\x00\
\x00\x00\xc8\x00\x00\x00\xc8\x08\x06\x00\x00\x00\xad\x58\xae\x9e\
\x00\x00\x01\x81\x69\x43\x43\x50\x73\x52\x47\x42\x20\x49\x45\x43\
\x36\x31\x39\x36\x36\x2d\x32\x2e\x31\x00\x00\x28\xcf\x95\x91\xbb\
\x4b\x03\x41\x10\x87\xbf\x24\x4a\x44\x23\x0a\xa6\x50\xb0\x08\x12\
\xad\x54\x62\x84\xa0\x8d\x45\x82\x46\x41\x2d\x92\x08\xbe\x9a\xe4\
\xf2\x12\xf2\x38\xee\x12\x24\xd8\x0a\xb6\x01\x05\xd1\xc6\x57\xa1\
\x7f\x81\xb6\x82\xb5\x20\x28\x8a\x20\xd6\x62\xa9\x68\xa3\x72\xce\
\x25\x81\x88\x60\xe1\x2c\x3b\xfb\xed\x6f\x77\x86\x9d\x59\xb0\x46\
\x32\x4a\x56\x6f\xf0\x40\x36\x57\xd0\x42\x41\xbf\x6b\x7e\x61\xd1\
\x65\x7f\xc6\x82\x93\x56\xac\x74\x45\x15\x5d\x9d\x09\x4f\x44\xf8\
\xd3\xde\x6f\xe5\xb6\xd8\xf5\x80\x99\x8b\xff\x59\x4b\x3c\xa1\x2b\
\x60\x69\x12\x1e\x53\x54\xad\x20\x3c\x29\x3c\xbd\x5a\x50\x4d\xde\
\x12\x76\x2a\xe9\x68\x5c\xf8\x44\xb8\x5f\x93\x07\x0a\xdf\x98\x7a\
\xac\xca\x4f\x26\xa7\xaa\xfc\x69\xb2\x16\x09\x05\xa4\xb6\x76\x61\
\x57\xea\x07\xc7\x7e\xb0\x92\xd6\xb2\xc2\x52\x39\xee\x6c\xa6\xa8\
\xd4\xde\x63\x56\xe2\x48\xe4\xe6\xc2\xb2\xf6\xc8\xec\x46\x27\x44\
\x10\x3f\x2e\xa6\x18\x27\x80\x8f\x21\x46\xc5\xfb\x18\xc0\xcb\xa0\
\xec\xf8\x23\xde\x53\x89\x9f\x25\x2f\xb1\x8a\x78\x95\x12\x1a\x2b\
\xa4\x48\x53\xa0\x5f\xd4\xa2\x64\x4f\xc8\x9a\x14\x3d\x21\x23\x43\
\xc9\xec\xff\xef\xbe\xea\xc9\x61\x6f\x35\xbb\xc3\x0f\x8d\x8f\x86\
\xf1\xda\x0b\xf6\x4d\xf8\x2a\x1b\xc6\xc7\x81\x61\x7c\x1d\x82\xed\
\x01\xce\x73\xf5\xf8\xfc\x3e\x8c\xbc\x89\x5e\xae\x6b\xee\x3d\x68\
\x5b\x87\xd3\x8b\xba\x16\xdb\x86\xb3\x0d\xe8\xbc\x57\xa3\x5a\xb4\
\x22\xd9\x64\x5a\x93\x49\x78\x39\x86\xd6\x05\xe8\xb8\x82\xe6\xa5\
\x6a\xcf\x6a\xe7\x1c\xdd\x41\x64\x4d\xbe\xea\x12\x76\x76\xa1\x4f\
\xee\xb7\x2d\x7f\x03\x23\x2c\x67\xc7\x74\x73\x98\x4c\x00\x00\x00\
\x09\x70\x48\x59\x73\x00\x00\x0b\x13\x00\x00\x0b\x13\x01\x00\x9a\
\x9c\x18\x00\x00\x05\x9b\x69\x54\x58\x74\x58\x4d\x4c\x3a\x63\x6f\
\x6d\x2e\x61\x64\x6f\x62\x65\x2e\x78\x6d\x70\x00\x00\x00\x00\x00\
\x3c\x3f\x78\x70\x61\x63\x6b\x65\x74\x20\x62\x65\x67\x69\x6e\x3d\
\x22\xef\xbb\xbf\x22\x20\x69\x64\x3d\x22\x57\x35\x4d\x30\x4d\x70\
\x43\x65\x68\x69\x48\x7a\x72\x65\x53\x7a\x4e\x54\x63\x7a\x6b\x63\
\x39\x64\x22\x3f\x3e\x0a\x3c\x78\x3a\x78\x6d\x70\x6d\x65\x74\x61\
\x20\x78\x6d\x6c\x6e\x73\x3a\x78\x3d\x22\x61\x64\x6f\x62\x65\x3a\
\x6e\x73\x3a\x6d\x65\x74\x61\x2f\x22\x20\x78\x3a\x78\x6d\x70\x74\
\x6b\x3d\x22\x58\x4d\x50\x20\x43\x6f\x72\x65\x20\x35\x2e\x35\x2e\
\x30\x22\x3e\x0a\x20\x3c\x72\x64\x66\x3a\x52\x44\x46\x20\x78\x6d\
\x6c\x6e\x73\x3a\x72\x64\x66\x3d\x22\x68\x74\x74\x70\x3a\x2f\x2f\
\x77\x77\x77\x2e\x77\x33\x2e\x6f\x72\x67\x2f\x31\x39\x39\x39\x2f\
\x30\x32\x2f\x32\x32\x2d\x72\x64\x66\x2d\x73\x79\x6e\x74\x61\x78\
\x2d\x6e\x73\x23\x22\x3e\x0a\x20\x20\x3c\x72\x64\x66\x3a\x44\x65\
\x73\x63\x72\x69\x70\x74\x69\x6f\x6e\x20\x72\x64\x66\x3a\x61\x62\
\x6f\x75\x74\x3d\x22\x22\x0a\x20\x20\x20\x20\x78\x6d\x6c\x6e\x73\
\x3a\x74\x69\x66\x66\x3d\x22\x68\x74\x74\x70\x3a\x2f\x2f\x6e\x73\
\x2e\x61\x64\x6f\x62\x65\x2e\x63\x6f\x6d\x2f\x74\x69\x66\x66\x2f\
\x31\x2e\x30\x2f\x22\x0a\x20\x20\x20\x20\x78\x6d\x6c\x6e\x73\x3a\
\x65\x78\x69\x66\x3d\x22\x68\x74\x74\x70\x3a\x2f\x2f\x6e\x73\x2e\
\x61\x64\x6f\x62\x65\x2e\x63\x6f\x6d\x2f\x65\x78\x69\x66\x2f\x31\
\x2e\x30\x2f\x22\x0a\x20\x20\x20\x20\x78\x6d\x6c\x6e\x73\x3a\x70\
\x68\x6f\x74\x6f\x73\x68\x6f\x70\x3d\x22\x68\x74\x74\x70\x3a\x2f\
\x2f\x6e\x73\x2e\x61\x64\x6f\x62\x65\x2e\x63\x6f\x6d\x2f\x70\x68\
\x6f\x74\x6f\x73\x68\x6f\x70\x2f\x31\x2e\x30\x2f\x22\x0a\x20\x20\
\x20\x20\x78\x6d\x6c\x6e\x73\x3a\x78\x6d\x70\x3d\x22\x68\x74\x74\
\x70\x3a\x2f\x2f\x6e\x73\x2e\x61\x64\x6f\x62\x65\x2e\x63\x6f\x6d\
\x2f\x78\x61\x70\x2f\x31\x2e\x30\x2f\x22\x0a\x20\x20\x20\x20\x78\
\x6d\x6c\x6e\x73\x3a\x78\x6d\x70\x4d\x4d\x3d\x22\x68\x74\x74\x70\
\x3a\x2f\x2f\x6e\x73\x2e\x61\x64\x6f\x62\x65\x2e\x63\x6f\x6d\x2f\
\x78\x61\x70\x2f\x31\x2e\x30\x2f\x6d\x6d\x2f\x22\x0a\x20\x20\x20\
\x20\x78\x6d\x6c\x6e\x73\x3a\x73\x74\x45\x76\x74\x3d\x22\x68\x74\
\x74\x70\x3a\x2f\x2f\x6e\x73\x2e\x61\x64\x6f\x62\x65\x2e\x63\x6f\
\x6d\x2f\x78\x61\x70\x2f\x31\x2e\x30\x2f\x73\x54\x79\x70\x65\x2f\
\x52\x65\x73\x6f\x75\x72\x63\x65\x45\x76\x65\x6e\x74\x23\x22\x0a\
\x20\x20\x20\x74\x69\x66\x66\x3a\x49\x6d\x61\x67\x65\x4c\x65\x6e\
\x67\x74\x68\x3d\x22\x31\x37\x39\x39\x22\x0a\x20\x20\x20\x74\x69\
\x66\x66\x3a\x49\x6d\x61\x67\x65\x57\x69\x64\x74\x68\x3d\x22\x31\
\x38\x30\x30\x22\x0a\x20\x20\x20\x74\x69\x66\x66\x3a\x52\x65\x73\
\x6f\x6c\x75\x74\x69\x6f\x6e\x55\x6e\x69\x74\x3d\x22\x32\x22\x0a\
\x20\x20\x20\x74\x69\x66\x66\x3a\x58\x52\x65\x73\x6f\x6c\x75\x74\
\x69\x6f\x6e\x3d\x22\x37\x32\x2f\x31\x22\x0a\x20\x20\x20\x74\x69\
\x66\x66\x3a\x59\x52\x65\x73\x6f\x6c\x75\x74\x69\x6f\x6e\x3d\x22\
\x37\x32\x2f\x31\x22\x0a\x20\x20\x20\x65\x78\x69\x66\x3a\x50\x69\
\x78\x65\x6c\x58\x44\x69\x6d\x65\x6e\x73\x69\x6f\x6e\x3d\x22\x31\
\x38\x30\x30\x22\x0a\x20\x20\x20\x65\x78\x69\x66\x3a\x50\x69\x78\
\x65\x6c\x59\x44\x69\x6d\x65\x6e\x73\x69\x6f\x6e\x3d\x22\x31\x37\
\x39\x39\x22\x0a\x20\x20\x20\x65\x78\x69\x66\x3a\x43\x6f\x6c\x6f\
\x72\x53\x70\x61\x63\x65\x3d\x22\x31\x22\x0a\x20\x20\x20\x70\x68\
\x6f\x74\x6f\x73\x68\x6f\x70\x3a\x43\x6f\x6c\x6f\x72\x4d\x6f\x64\
\x65\x3d\x22\x33\x22\x0a\x20\x20\x20\x70\x68\x6f\x74\x6f\x73\x68\
\x6f\x70\x3a\x49\x43\x43\x50\x72\x6f\x66\x69\x6c\x65\x3d\x22\x73\
\x52\x47\x42\x20\x49\x45\x43\x36\x31\x39\x36\x36\x2d\x32\x2e\x31\
\x22\x0a\x20\x20\x20\x78\x6d\x70\x3a\x4d\x6f\x64\x69\x66\x79\x44\
\x61\x74\x65\x3d\x22\x32\x30\x32\x36\x2d\x30\x31\x2d\x32\x30\x54\
\x31\x34\x3a\x30\x35\x3a\x31\x39\x2b\x30\x31\x3a\x30\x30\x22\x0a\
\x20\x20\x20\x78\x6d\x70\x3a\x4d\x65\x74\x61\x64\x61\x74\x61\x44\
\x61\x74\x65\x3d\x22\x32\x30\x32\x36\x2d\x30\x31\x2d\x32\x30\x54\
\x31\x34\x3a\x30\x35\x3a\x31\x39\x2b\x30\x31\x3a\x30\x30\x22\x3e\
\x0a\x20\x20\x20\x3c\x74\x69\x66\x66\x3a\x42\x69\x74\x73\x50\x65\
\x72\x53\x61\x6d\x70\x6c\x65\x3e\x0a\x20\x20\x20\x20\x3c\x72\x64\
\x66\x3a\x53\x65\x71\x3e\x0a\x20\x20\x20\x20\x20\x3c\x72\x64\x66\
\x3a\x6c\x69\x3e\x38\x3c\x2f\x72\x64\x66\x3a\x6c\x69\x3e\x0a\x20\
\x20\x20\x20\x3c\x2f\x72\x64\x66\x3a\x53\x65\x71\x3e\x0a\x20\x20\
\x20\x3c\x2f\x74\x69\x66\x66\x3a\x42\x69\x74\x73\x50\x65\x72\x53\
\x61\x6d\x70\x6c\x65\x3e\x0a\x20\x20\x20\x3c\x74\x69\x66\x66\x3a\
\x59\x43\x62\x43\x72\x53\x75\x62\x53\x61\x6d\x70\x6c\x69\x6e\x67\
\x3e\x0a\x20\x20\x20\x20\x3c\x72\x64\x66\x3a\x53\x65\x71\x3e\x0a\
\x20\x20\x20\x20\x20\x3c\x72\x64\x66\x3a\x6c\x69\x3e\x32\x3c\x2f\
\x72\x64\x66\x3a\x6c\x69\x3e\x0a\x20\x20\x20\x20\x20\x3c\x72\x64\
\x66\x3a\x6c\x69\x3e\x32\x3c\x2f\x72\x64\x66\x3a\x6c\x69\x3e\x0a\
\x20\x20\x20\x20\x3c\x2f\x72\x64\x66\x3a\x53\x65\x71\x3e\x0a\x20\
\x20\x20\x3c\x2f\x74\x69\x66\x66\x3a\x59\x43\x62\x43\x72\x53\x75\
\x62\x53\x61\x6d\x70\x6c\x69\x6e\x67\x3e\x0a\x20\x20\x20\x3c\x78\
\x6d\x70\x4d\x4d\x3a\x48\x69\x73\x74\x6f\x72\x79\x3e\x0a\x20\x20\
\x20\x20\x3c\x72\x64\x66\x3a\x53\x65\x71\x3e\x0a\x20\x20\x20\x20\
\x20\x3c\x72\x64\x66\x3a\x6c\x69\x0a\x20\x20\x20\x20\x20\x20\x73\
\x74\x45\x76\x74\x3a\x61\x63\x74\x69\x6f\x6e\x3d\x22\x70\x72\x6f\
\x64\x75\x63\x65\x64\x22\x0a\x20\x20\x20\x20\x20\x20\x73\x74\x45\
\x76\x74\x3a\x73\x6f\x66\x74\x77\x61\x72\x65\x41\x67\x65\x6e\x74\
\x3d\x22\x41\x66\x66\x69\x6e\x69\x74\x79\x20\x33\x2e\x30\x2e\x31\
\x22\x0a\x20\x20\x20\x20\x20\x20\x73\x74\x45\x76\x74\x3a\x77\x68\
\x65\x6e\x3d\x22\x32\x30\x32\x36\x2d\x30\x31\x2d\x32\x30\x54\x31\
\x34\x3a\x30\x35\x3a\x31\x39\x2b\x30\x31\x3a\x30\x30\x22\x2f\x3e\
\x0a\x20\x20\x20\x20\x3c\x2f\x72\x64\x66\x3a\x53\x65\x71\x3e\x0a\
\x20\x20\x20\x3c\x2f\x78\x6d\x70\x4d\x4d\x3a\x48\x69\x73\x74\x6f\
\x72\x79\x3e\x0a\x20\x20\x3c\x2f\x72\x64\x66\x3a\x44\x65\x73\x63\
\x72\x69\x70\x74\x69\x6f\x6e\x3e\x0a\x20\x3c\x2f\x72\x64\x66\x3a\
\x52\x44\x46\x3e\x0a\x3c\x2f\x78\x3a\x78\x6d\x70\x6d\x65\x74\x61\
\x3e\x0a\x3c\x3f\x78\x70\x61\x63\x6b\x65\x74\x20\x65\x6e\x64\x3d\
\x22\x72\x22\x3f\x3e\xdd\xab\xf5\x24\x00\x00\xe7\xc8\x49\x44\x41\
\x54\x78\x5e\xec\xfd\x79\xdc\x6e\xd7\x55\xdf\x09\xae\x67\x1e\xdf\
\xe9\x4e\xba\x92\xae\x66\xcb\xb2\x06\x1b\xcb\xf2\x8c\x41\x80\x6d\
\x6c\x06\x87\x00\x36\x4e\x0c\xc1\x71\x31\xa4\xa9\xc2\x49\x51\x90\
\xaa\x74\x75\x75\xbb\xe8\xae\x7c\x92\x74\xa8\xea\x4e\x52\x9f\xea\
\x14\xe9\x24\x05\xa4\x93\x4a\x19\x2a\x4c\x31\xe0\x18\x8c\x31\x38\
\xd8\x46\x9e\xf0\x28\xd9\x1a\xee\xd5\x95\xee\xf8\x8e\xcf\x3c\xf6\
\xef\xfb\x5b\xcf\xb9\x12\xfd\x47\x77\xfb\xbd\xb2\x4c\xea\x73\xf7\
\x7b\xcf\x3d\xcf\x39\x67\x0f\x6b\xaf\x79\xed\xbd\xcf\x3e\x71\x2d\
\x5d\x4b\xd7\xd2\xb5\x74\x2d\x5d\x4b\x87\x4a\xa5\xd5\xf9\x5a\xfa\
\x3a\xa5\x1f\xfa\xa1\x1f\x3a\xf1\xc2\x17\xde\xfe\x57\x6e\xba\xe9\
\xc6\xef\xd9\xdc\xda\x3a\xb9\xb5\xb5\x55\x6e\x77\xba\x97\x3b\xad\
\xf6\x87\xcf\x9c\x79\xfc\x1f\xbf\xf9\xcd\xdf\xf3\xe5\x55\xd6\x6b\
\xe9\xeb\x90\x2a\xab\xf3\xb5\xf4\x75\x48\x3f\xf4\xae\xbf\xfc\x13\
\xad\x4e\xe3\xb7\xbb\xdd\xf6\x77\x2e\x97\x8b\x5b\xaa\x95\xd2\x51\
\xa9\xac\x23\x27\xaf\x3b\x71\xe3\xad\xb7\xdf\xfe\xda\x9b\x6f\xba\
\xf5\x3f\xfe\xb1\x1f\xfb\x91\x53\x37\xdc\xd0\xfc\xd0\x07\x3e\xf0\
\x91\xc9\xaa\xd8\xb5\xf4\x3c\xa6\x6b\x16\xe4\xeb\x93\x4a\xdf\xf7\
\xd6\xef\xfe\x3f\x6d\x6e\xae\xbd\x67\x59\x5e\x96\xba\xed\x76\x3c\
\x7d\xe6\xa9\x38\x7f\xee\x7c\x34\xea\xd5\x38\x72\x64\x2b\xee\x7d\
\xc9\x4b\xe3\xbb\xde\xf2\xbd\x71\xcf\xdd\xf7\xc4\xa5\xcb\xdb\x1f\
\x7d\xff\x6f\xff\xee\x1b\x7f\xf4\x47\x7f\xf4\x60\x55\xfe\x5a\x7a\
\x9e\xd2\x35\x01\xf9\x3a\xa4\x6f\xf9\x96\xd7\xbc\x7e\x63\xa3\xf3\
\x81\xa3\x47\xb7\xe2\x25\xf7\xde\x1d\x1f\x78\xff\x07\xa2\x3f\x18\
\xc5\xd1\x23\x47\x63\xad\x5b\x8f\x72\xa9\x14\xbd\x7e\x3f\xf6\x7a\
\x93\x78\xcb\xf7\xbe\x35\xfe\xf2\x5f\x7e\x47\x5c\xba\xb8\xfd\xaf\
\x5f\xf8\xc2\xbb\xff\xd2\xaa\x8a\x6b\xe9\x79\x4a\xd7\x5c\xac\xe7\
\x39\x7d\xe7\x77\x7e\xeb\x2d\xc3\x71\xff\x0f\x26\xa3\x51\xfd\x2d\
\xdf\xf9\x96\xf8\xc8\x1f\xfd\x51\xbc\xf8\x1b\xee\x8f\x5b\xee\xb8\
\x3d\x1a\x8d\x7a\x34\xda\x9d\xd8\xd9\xdb\x8f\xde\x60\x10\x77\xbd\
\xf0\x2e\x3d\xff\xe3\x68\x77\xbb\x71\xef\xbd\xf7\xde\xf7\xc6\x37\
\xbf\xe9\x0b\xbf\xf4\x8b\xbf\xf4\xb9\x55\x55\xd7\xd2\xf3\x90\xca\
\xab\xf3\xb5\xf4\x3c\xa5\xfe\x70\xfc\x13\xe3\xe1\xa4\xfb\xed\x6f\
\x7a\x73\x3c\xf4\xc9\x3f\x89\x57\xbc\xfa\xd5\x71\xa7\xdc\xa8\x7f\
\xf7\x81\xdf\x8f\x7f\xf6\x0b\xff\x2a\xfe\xe9\x2f\xfe\xeb\xf8\xa3\
\x3f\xfe\x74\x3c\x7d\x61\x37\x3e\xf7\xc5\x2f\xc4\x2b\x5f\x71\x7f\
\xfc\xda\xaf\xfe\x6a\xec\xed\xed\xc6\xc6\x5a\xe7\xdd\xab\x6a\xae\
\xa5\xe7\x29\x5d\x13\x90\xe7\x37\x95\xda\xad\xc6\x83\x8d\x46\x23\
\xee\xbe\xfb\xee\xa8\x54\x2a\x71\xd7\x5d\x77\xc5\x2f\xff\xf2\xbf\
\x89\x8f\xff\xc9\xa7\xa3\x3f\x9a\x44\xbf\x3f\x8a\xb3\x4f\x9e\x8b\
\xcf\x7f\xfe\xcb\x31\x18\x4c\xe2\xf4\x99\xd3\xb1\xbd\xb3\x1d\x1f\
\xfc\xe0\x07\xa3\xd5\x6e\xbf\xf6\xef\xfd\xa3\xbf\x77\xc3\xaa\xae\
\x6b\xe9\x79\x48\xd7\x04\xe4\x79\x4c\x0f\x3e\xf8\x60\x63\x36\x1d\
\xff\x7e\x67\x6d\x2d\x36\xb7\x8e\xc4\xa9\x1b\x4e\xc5\x7c\xbe\x8c\
\x8f\x7d\xf4\x4f\x62\xa1\x33\xc7\x72\xa1\x43\x91\xe1\x78\x3c\x89\
\xfd\x83\x5e\x3c\xfa\xf8\x19\x89\x55\x29\x1e\x7e\xf8\xe1\xe8\x76\
\x3b\xe5\x1b\xb7\xae\xff\x8e\x55\x75\xd7\xd2\xf3\x90\xae\x09\xc8\
\xf3\x9b\x66\xb3\xd9\xfc\x0d\x9d\xf6\x5a\xac\xaf\x6d\xc6\xe6\x91\
\x63\x31\x9d\xcd\x75\x73\x1e\xcb\xe5\x72\x95\x25\xf4\x5b\x84\x29\
\x97\xa2\xdd\x6e\xfb\xfe\x74\x32\x91\xc0\x8c\xa2\x5a\xad\xc6\xd6\
\xd1\xad\x1f\x53\x96\x6b\x83\x2b\xcf\x53\xba\x26\x20\xcf\x53\x7a\
\xdb\xdb\xde\x56\x69\x36\x97\xaf\xd8\xdb\xef\x3d\xb0\xbe\xbe\x1e\
\xc7\x8e\x1f\x8f\x9b\x6f\xbb\x23\x4a\xe5\x6a\x5c\x77\xdd\xc9\x90\
\xdd\x70\xbe\x92\xac\x45\xb5\x5a\x89\x7a\xa3\x16\x2f\xba\xfb\xae\
\x68\x36\x1b\x92\x86\x52\x6c\x1d\xd9\x88\x9d\xdd\xed\x78\xe1\x0b\
\x5f\xf8\xaa\x9f\xfb\x07\x3f\xf7\x1a\x67\xbe\x96\xbe\xe6\xe9\x9a\
\x80\x3c\x4f\x69\x67\xe7\xa9\x1b\x87\xa3\xc9\x2f\xad\x75\x3a\xa5\
\x4e\xbb\x15\x97\x2e\x5d\x8a\x57\xbc\xfc\x15\x62\xf8\xbb\xe2\xf5\
\xaf\xff\xb6\x68\x35\x9b\xb2\x1a\x65\x5b\x89\x46\xb3\x1e\xf7\xdf\
\xff\xe2\xb8\x74\xf9\x92\xdc\xad\x52\x74\xba\xed\xb8\xfe\xc4\xf1\
\xb8\x78\xfe\xe9\x38\x79\xdd\x89\x78\xe5\xcb\x5f\xfe\x9f\xad\xaa\
\xbd\x96\xbe\xc6\xe9\xda\x30\xef\xf3\x90\xb0\x1e\x93\xd9\xe8\x7d\
\x95\xd2\xf2\x25\x6f\x7e\xd3\x1b\xe2\x0f\x3f\xfc\xfb\x31\x1c\x8d\
\xe2\x55\xaf\x7e\x4d\x1c\x3d\x7a\x24\x6e\xbe\xe5\x54\xbc\xf6\x1b\
\x5f\x6b\xcb\x71\xdb\xed\xb7\xc6\xbd\xf7\xbe\x30\xea\xf5\xaa\x5c\
\xaf\x85\xdd\xac\x97\xbf\xe2\x65\x31\xeb\xf7\xe3\xc3\x2a\x77\xea\
\xd4\x4d\x71\xd7\xdd\xf7\xdc\xf3\x9d\xdf\xfd\xe6\x8f\xfd\x4f\xff\
\xfc\x17\xaf\x2d\x43\xf9\x1a\xa7\x6b\x02\xf2\x35\x4e\xaf\x7e\xf5\
\xab\x8f\xcc\x96\x83\x9f\x2c\x2d\x16\xef\xfa\x8e\x6f\x7f\x43\x7c\
\xfa\x13\x9f\x88\xd1\x68\x18\x67\x9f\x3c\xa3\xf8\x63\x11\x2f\x79\
\xc9\x4b\xe3\xc4\x89\x13\x71\xfd\x0d\x27\x15\x84\xb7\xa3\xbb\xd6\
\x96\xb5\xd9\x89\xf5\xf5\x0d\x5b\x94\x5b\x6f\xba\x39\x4e\x6c\x6d\
\xc6\x67\x3e\xfd\xa9\x18\x0c\x07\xf1\xe8\xa3\x5f\xb1\xd5\xb9\xe1\
\xfa\xeb\xdf\xf0\xe6\x37\xbd\xfe\x57\xfe\xc5\xbf\xf8\x9f\x77\x57\
\x4d\x5d\x4b\x5f\x83\x74\x4d\x40\xbe\x86\xe9\x07\xdf\xf9\xf6\x6f\
\x89\xd2\xec\x5f\x36\xeb\xb5\xbf\xf2\xc2\x17\xdc\x1e\x97\x2f\x5e\
\xf0\xb0\xee\x60\x38\x8a\x53\x37\xde\x18\xe7\x9e\x3e\x1b\x0f\x7f\
\xf9\x4b\x71\xf2\xe4\xf5\xb1\xb6\xb6\x1e\xfd\x41\xcf\x41\xf9\x96\
\x04\x02\x21\x92\x10\x44\xa3\x52\x8a\x2f\x7c\xfe\x73\xf1\x7d\x6f\
\x7d\x2b\x4b\x4e\xe2\xf1\xc7\xce\xc4\xa7\x3f\xf5\xe9\x78\xe0\x81\
\x07\xba\x37\xdd\x72\xdb\xdb\xdf\xf9\xce\x77\x5e\x56\x0c\xf3\xd9\
\x0f\x7d\xe8\x43\x8b\x55\xb3\xd7\xd2\x73\x98\xae\x8d\x86\x3c\xc7\
\xe9\x3d\xef\x79\x4f\xf3\xf2\xee\xb9\xef\xdd\xef\xed\xfd\xc0\x7c\
\x36\xff\x9e\xc1\xfe\x5e\x69\x5d\x6e\xd2\xd6\xc6\x7a\xb4\x5b\xed\
\xb8\xeb\x9e\xbb\xe3\xc2\xa5\x8b\xf1\x99\xcf\x7c\x26\x8e\x1f\x3b\
\x1a\xb3\xe9\x38\x2e\x6f\xef\xc6\xa9\x9b\x6e\x95\x15\xb9\x31\x6a\
\xb5\x7a\x0c\x7a\x7b\xd1\x3b\xd8\x8b\x0b\xe7\xce\x85\x8c\x4c\xbc\
\xf1\xcd\x6f\x8a\x0d\x59\x94\x0b\x17\x2e\xc4\x2f\xfe\xc2\x2f\xc5\
\x62\x51\x8a\x9b\x6f\xbe\x39\xde\xfd\x37\xfe\xd3\xb8\xe3\xce\x3b\
\x63\x7f\xbf\x77\x6e\x77\x6f\xef\x7f\xfa\xfc\x67\xbf\xf8\xf7\xdf\
\xfe\xf6\xb7\x6f\xaf\x40\xb9\x96\x9e\x83\x74\x4d\x40\x9e\xe3\xf4\
\xf7\x7e\xee\xff\xf2\x0f\x3e\xf9\xc9\x8f\xff\x75\x46\x9e\x0e\xf6\
\xf6\xa2\xb6\x58\xc6\x9a\x04\xe3\x05\x2f\xba\x2b\x6e\xbd\xe3\xf6\
\x38\x18\xf4\x3d\x2a\x35\x1a\x8f\xe2\xf1\x27\x9e\x88\xa7\xcf\x3e\
\x29\x61\xe8\xc5\xc5\xa7\x2f\xc4\x72\x3e\x8f\x46\xa3\x16\x6b\x9d\
\x56\xac\xad\xaf\xc7\x9d\xf7\xdc\x1b\xaf\x78\xcd\x6b\xa2\xdd\xe9\
\xc4\x62\x36\x8f\xb9\x9e\x9f\x39\xf3\x64\xfc\xda\xaf\xfd\x66\xcc\
\x26\xd3\x68\xb6\x1a\xf1\x8e\x1f\xfa\xe1\x78\xfd\x1b\xde\x18\x1b\
\x1b\x1b\xf1\x81\xdf\xfd\xdd\x3f\x79\xcb\x77\x7f\xdf\x2b\x56\xa0\
\x5c\x4b\xcf\x41\xba\x26\x20\xcf\x61\x7a\xd7\xbb\xde\x75\xfc\xf6\
\x3b\x6e\xfc\xc0\xfb\x7e\xf3\x57\x5f\xf2\xc2\xdb\x6e\x8f\x4b\xe7\
\xce\xc7\xb1\x23\x47\xe3\xc5\x0f\xdc\x1f\xed\xf5\x35\xe5\x28\xc7\
\x62\xbe\x88\x72\xad\x6c\x57\x6a\xbe\x5c\xc4\x70\x30\x90\xab\xf5\
\xb4\xac\xc8\x76\x4c\x47\xe3\x58\xeb\xae\xc5\x0d\x37\xdc\x60\x0b\
\xb1\x2e\xab\x53\xab\xd7\x3d\xe3\xbe\x5c\xa8\x5c\xb9\x22\xeb\x31\
\x8f\x73\x17\xce\xc7\xef\x7d\xe0\xf7\xe3\xe9\xa7\x9f\xf2\x9c\xc9\
\x8b\xef\xbb\x2f\xde\xf2\x3d\x6f\x89\x8b\x17\x2f\x2d\xba\xf5\xcd\
\x7b\xfe\xe2\xdb\xdf\xfe\xa5\x84\xe8\x5a\xba\xda\x74\x4d\x40\x9e\
\x83\xf4\x8e\x77\xbc\x63\xeb\xf8\xf5\x47\x7e\x76\x63\x6d\xe3\xaf\
\xae\xb5\x9b\x6b\xbf\xf0\xcf\xff\x49\xbc\xf6\x55\xaf\x8a\x13\xc7\
\x8f\xc7\xd1\xeb\x4f\x46\xb5\x52\x8b\x99\x04\x63\x29\x81\xa8\x56\
\xaa\x51\xa9\x57\x1c\x80\x83\x7d\x04\x05\x01\x28\x57\xca\xb6\x2c\
\xd5\x6a\x4d\x56\xa4\xa1\x7c\x95\xa8\x2a\x4f\x45\x07\x44\x9a\x4b\
\x40\x6a\xd5\xaa\x85\x64\x2e\x21\xe9\x8f\x46\xf1\xf0\xc3\x8f\xc4\
\x9f\x7e\xe6\xd3\x71\xe1\xfc\x85\x78\xad\x2c\xcd\x03\x2f\x7b\x59\
\xbc\xf4\x81\x57\x4d\x0f\x0e\xfa\xbf\xf0\xd8\x63\x4f\xfe\xed\xef\
\xfd\xde\xef\x7d\x3c\x21\xbc\x96\x0e\x9b\xae\x09\xc8\x55\xa4\x77\
\xbf\xfb\xdd\xc7\x6f\xbb\xe3\x96\xff\x5d\xbb\xd3\xfa\x9b\xf3\xf9\
\x54\x9e\x51\x2b\xf6\x77\x2e\xc7\xff\xe3\x7f\xf8\x1f\xe3\x95\xaf\
\x79\x95\x02\xf2\x17\x45\xb3\xd9\xb2\xd6\xcf\xb4\xf4\x50\x6e\xa5\
\x56\xf5\x7c\x47\xb5\x9a\x96\xa4\x56\xab\x59\x60\x58\x66\x52\xd3\
\x33\x84\x80\x25\xef\x75\xdd\xaf\x29\xff\x42\xf7\x99\x40\xe4\xb0\
\x60\x29\x8d\x67\x33\xc5\x2f\xd3\x98\xc8\xd5\xaa\xd5\x9b\x71\xcb\
\x2d\xa7\xe2\xcc\x63\x8f\x47\x77\x63\x53\x01\xff\x86\x04\xae\x36\
\x9d\xcf\x96\xff\xf0\x91\x47\x1e\xfd\x39\x59\xb6\x73\x2e\x74\x2d\
\x7d\xd5\xe9\xda\x44\xe1\xe1\x52\xf9\xa7\xfe\x8b\x9f\xf9\xe1\x1b\
\x6f\x39\xf5\xb9\x63\xc7\x8e\xfc\x9f\xcb\xa5\xc5\xda\x27\x1f\xfa\
\x93\xf8\xa7\xff\xe4\x9f\xc4\x97\xbe\xf8\x45\x33\xec\x72\x09\x93\
\x57\xc5\xc4\xc4\x0e\x58\x8f\x5c\x67\x35\x5f\x31\x3b\xc2\xc2\x3d\
\x04\x85\xfb\x0c\x27\x36\x24\x10\xd5\x92\xac\x86\x7e\x63\x39\xec\
\x86\xa9\xac\xb3\x2b\xb9\x9c\xf2\xea\x81\x2d\x0c\xc2\x52\x97\xb5\
\x39\x72\xf4\x58\x74\x3a\xeb\xb6\x4e\x27\x8e\x1d\x89\x4b\x17\x9e\
\x8a\xc7\x1e\x7d\xb8\x16\xa5\xd9\x4f\x3f\xf0\xf2\xfb\xbe\xfc\x91\
\x8f\x7c\xf8\xef\xfe\xdc\xcf\xfd\xdc\xb1\xac\xe5\x5a\xfa\x6a\xd2\
\x35\x0b\xf2\xd5\xa5\xd2\x4f\xbc\xfb\xdd\x6f\x6c\xb7\x6a\x7f\x67\
\x6b\x73\xf3\x65\xcd\x66\x3d\xfa\x07\xbb\xb1\xbb\xbb\x1d\x2d\x59\
\x8a\xeb\x4e\x5c\x17\x47\xb6\x36\xe2\x1f\xfc\xa3\x7f\x1c\xf7\xbd\
\xe4\x1b\xe2\x8e\xdb\x6f\x37\xa3\x97\x2b\x29\x10\x38\x4b\x95\xba\
\xac\x82\x5c\x2c\x04\xa3\x56\xcb\x51\x76\xee\x37\x57\xb1\xc6\x42\
\xae\x14\xe7\xb4\x30\xd5\x95\x30\x29\x0f\x02\xc3\xd9\xf2\x21\xc1\
\xd1\x55\x49\xf7\x66\x0a\xdc\x37\x36\x8e\xa9\xdd\xcd\xf8\xca\x97\
\xbe\xe0\x21\x62\xe6\x53\x46\x93\x71\x5c\xde\xdd\x97\xbb\xd6\x89\
\x17\xbc\xe0\x2e\xd5\x55\xdb\xed\xf5\xfb\x7f\xe7\x03\xef\xff\xbd\
\x7f\xf4\xd3\x3f\xfd\xd3\x43\x57\x7a\x2d\xfd\xff\x4c\xd7\x2c\xc8\
\xff\x9f\xe9\xa7\x7e\xea\xa7\xbe\xf5\xa7\xff\xf3\x9f\xfa\x70\xb7\
\x5d\xfb\x9d\xf5\xb5\xee\xcb\x58\x3c\x78\xe1\xfc\x79\x29\xf4\xa5\
\x04\xe3\x78\xbc\xf8\xee\x17\x45\x5d\x6c\xbb\x98\x4c\x1c\x2b\xa0\
\xe5\xc7\xa3\xa1\x18\x78\x62\x2b\x00\xe3\x97\x24\x28\xb8\x4e\xb0\
\x3a\x41\xf7\x54\xd6\xc5\xf6\x62\x59\x5a\x59\x0b\x5d\x8b\xe9\x11\
\x0a\x7e\x4f\xe5\x42\x51\x8e\xf8\x03\x41\x40\x54\x10\x8a\xb2\x5c\
\xb3\x2c\x83\x55\x51\x5b\xd4\x37\x9f\xb9\x6d\xd6\x79\x55\xab\x75\
\x9d\x37\xe3\x85\xb7\xbf\x20\x6e\x38\x79\x2c\x9e\x78\xec\x91\xd8\
\xde\xbe\xb4\xa9\x46\xff\xde\x6b\x5e\xf3\x8a\x4f\xff\xc6\x6f\xfc\
\xea\x5f\xa0\x2a\xfa\x75\x2d\xfd\x7f\x4f\xff\x9b\x45\xd2\x3b\x1f\
\x7c\xb0\xb9\x7e\xaa\x55\x6f\x36\xea\xcb\x8d\xf5\xeb\xba\xcd\x6e\
\xf3\x64\xb5\x56\x52\xdc\x5b\x5b\xdb\x94\x9f\x3e\x9e\x4c\x2a\xa5\
\xf2\xa2\x54\x2e\x2d\x4b\xb5\x4a\x43\x2c\x35\x63\xcd\x53\x75\x3a\
\xec\x97\xea\xed\x56\xcc\xaa\xad\xfa\x97\x1e\x7f\xea\xa1\x7e\x34\
\x6e\xab\x57\xea\xef\xa9\x37\xea\xdf\x38\x1e\x4f\x4a\xbd\x5e\xcf\
\x4c\x6b\x0b\xa0\x63\xbe\x98\x44\x69\x31\x8d\x83\x9d\xed\x78\xfa\
\xec\xe9\x78\xf5\x6b\xbe\x31\x7e\xed\x7d\xef\x8f\x93\x27\x6f\x8a\
\x9b\x6f\xbe\xc9\xeb\xa8\xea\xb5\x86\xad\x05\x4c\x4e\x39\xde\x1c\
\x64\x71\x62\x7d\x65\x21\x6a\x0a\xcc\xab\x12\x9e\x0a\xf1\xc9\xca\
\x7a\x20\x28\x08\x09\xf1\x89\x32\x59\x10\xab\x8a\x4f\xc8\x5f\x42\
\x32\x96\xb2\x1e\x8a\x6d\x10\x90\xee\xda\x5a\x6c\x74\x3b\xf1\xbb\
\xbf\xf5\xbe\x28\x2b\xcf\x77\x7d\xf7\x77\x4b\xf5\x51\x6f\x5d\x65\
\xd5\x92\xca\x5c\xbc\xbc\x13\xd3\x09\xab\x86\x71\xf7\x4c\xf6\x4f\
\x1c\xec\xef\xfc\x27\xc3\xbd\x73\xbd\x18\x4c\x6f\x5b\x2c\x67\x55\
\x89\xe5\xa2\xdd\xee\xce\xfb\xbd\xde\xb2\x5e\x6f\x94\x05\x7b\x6d\
\x7b\xf7\xf2\x68\xbe\x2c\x8d\x26\x93\x49\x29\x24\x8b\x95\x4a\x75\
\x34\x1d\x8d\xfb\xbd\x83\xc1\xb4\x51\x2a\xef\x97\x9a\xa5\xf1\xa7\
\x1e\xf9\x52\xef\xe7\x7f\xfe\x37\x07\x46\xfc\xff\xc6\xd2\x7f\x90\
\x02\xc2\xda\xa6\x6f\x7d\xd9\x1d\xb7\x6c\x1e\xdf\xb8\xbb\xd5\x6c\
\xdf\x27\xed\x79\x7b\xbd\x54\x3a\x39\x9f\x8e\x6f\x10\x57\xad\x49\
\x9d\x5e\x57\x29\xc7\x46\xa9\xb4\x80\x9d\xa2\xd5\x68\x29\x58\xae\
\x85\x58\x23\xea\x72\x65\x18\x6a\xd5\x03\x31\xd9\xc2\xc7\x54\x81\
\xee\x6c\x3c\xd4\xfd\x89\x19\xa8\xda\x14\x53\x1f\xb9\x31\x1e\xfa\
\xca\xe5\xb8\xb4\xd7\x8b\x53\xa7\x4e\xc5\xe6\xe6\x66\x3c\xf1\xf8\
\x13\xf2\xf5\x3b\xf1\xb8\xce\xcd\x66\x53\x65\x97\xb1\xbf\xbf\xe7\
\x72\x07\x3b\x17\xe3\xf4\x13\x8f\xc5\x1b\x5e\xff\xc6\x78\xff\xef\
\xfd\x41\xdc\x78\xd3\xcd\x1e\xae\x65\x44\x8a\xc9\x3f\xe6\x37\x32\
\xe6\x50\x68\x20\xe6\xad\x32\x6a\x25\x20\xaa\x0a\xc8\x71\xc3\xea\
\xca\x63\x97\xaa\x82\x23\x15\x16\x0c\x9e\x23\x30\x92\x16\x0b\x09\
\xed\x21\x38\x84\x21\xd5\x4a\xc3\xb0\x22\xac\xdd\x6e\x37\xd6\x25\
\x88\x1f\xfe\xbd\x0f\xc4\x6d\x77\xdc\x1e\x77\xbe\xe8\x6e\xf5\xfa\
\x19\x41\x93\x2c\x49\x40\x2e\xc6\x78\x3c\x8e\x27\x9e\x38\x1b\xc7\
\x8e\x1d\x8b\xe3\xc7\x8f\xc7\x6c\x36\x89\xe3\xeb\xdd\xd8\x7f\xea\
\x91\xa8\x2c\xe7\x81\x27\xb8\x94\x55\x2b\xc9\x8f\x03\xbe\xf1\x78\
\xe0\xfa\xeb\xea\x6b\x45\x56\xab\x24\x58\x10\xda\x89\x04\x0d\xe7\
\xa3\xa4\x78\x49\x98\x8c\x92\x04\xb1\xde\x6a\x8d\x16\x93\xf9\x05\
\x39\x7e\x7d\x1d\x17\xd5\xc7\xcf\xce\x16\x71\xe6\xa0\x37\xfc\xf2\
\xe5\x4b\x3b\x9f\x7d\xff\xaf\xbc\xff\xf4\xcf\xff\xe6\x7f\x78\x42\
\xf4\x1f\x84\x80\xbc\xe7\x6f\xbc\x73\xf3\xa6\x53\xd7\x7d\x63\xbd\
\x59\x7f\xdd\x7a\xbb\xf5\x2d\x8d\xca\xe2\xde\x7a\xad\xba\x56\x13\
\x45\x27\x72\x75\x24\x18\x31\x9f\xcc\xc4\xfe\x8b\x38\x38\x38\xb0\
\x36\xed\x0f\x0e\xac\xb5\x59\x4e\xbe\x5c\x94\xcc\xd8\x65\x11\xd4\
\xee\x0a\x9a\x57\xf5\x56\xc5\xa8\xc3\x61\xdf\x9a\x5c\x5a\x53\xb1\
\x41\xcd\xef\x66\x94\xa5\xf1\x2f\x4e\x1a\xf1\xe5\x1d\xe5\x11\xe3\
\xbe\xe6\xb5\xaf\x89\x27\x9f\x7c\x52\x82\x30\x8b\xd3\xa7\x4f\xc7\
\x4d\x37\xdd\xaa\xb8\x63\x37\xe6\xb3\x59\x0c\x06\xfd\xd8\xbe\x7c\
\x21\x76\x2e\x9f\x8f\x33\x4f\x9e\x8e\x37\xbf\xe1\x8d\xf1\x7b\x7f\
\xf0\x91\xb8\xe1\xd4\xcd\x71\xcb\xcd\x37\x47\x43\xcc\x85\x50\x0a\
\x5e\x31\x3b\x56\x41\x0c\x57\x2b\xdb\x6a\xe0\x6c\x21\x00\x8c\x5c\
\xe1\x7e\x99\xa1\x05\x57\x59\xf7\x78\x1f\x04\xc1\xc2\xd2\xc0\xe4\
\xa4\x92\x84\xc9\x82\x62\x61\xc9\x91\x2e\x84\x8e\x05\x8d\x1b\xeb\
\x9d\xf8\xe4\xc7\x3e\x1a\xaf\x78\xcd\xab\xa2\xd1\xea\x88\xd9\xd5\
\x6f\x0b\x94\x5a\x11\x1e\x3e\xf5\xe9\x4f\x79\xf9\x8a\x2c\x40\x5c\
\xbc\x70\x89\x35\x62\xae\xa7\x2c\x5c\xb4\x66\x7b\x31\xbc\x70\x5a\
\xf1\xcd\x28\x16\xb3\x91\xe0\x2a\x56\xad\x94\xbd\x79\x04\xcb\x60\
\xa6\x53\xb9\x8e\xc2\x8f\xaa\x14\x1e\x6c\x49\x6c\x99\xe6\xc8\xb3\
\x0e\x26\x3e\x1b\x75\x56\x24\x97\xd4\x7e\x5b\x6d\xaa\xcf\x52\x34\
\xb5\x46\x33\x5a\xad\xae\x94\xd0\x6c\x39\x18\x0c\x9f\xd8\xde\xde\
\xfb\x83\x72\x6b\xfd\x0f\x3f\xfc\xa1\x8f\xfe\xf6\xcf\xfc\xed\xff\
\xee\x4c\xb6\xf3\xe7\x37\xfd\xb9\x15\x90\xff\xf6\xbf\xf9\xa9\x1b\
\x4f\xac\xb7\xdf\xd9\xac\x56\xbe\xbb\xd9\x28\xbf\xbc\x53\x8f\x1a\
\x5a\x6e\x2a\x86\x14\x89\xfc\xc6\x5d\x55\x8c\xcc\xfc\x01\x41\x30\
\x6e\x07\x81\x69\xa9\x52\x8b\xe9\x68\x64\x8d\x87\xb6\x83\xc1\x08\
\xa0\x07\x83\x51\x34\xad\xcd\x11\x82\x99\x99\x91\xee\x33\xa7\x50\
\x11\xe3\x4d\x55\x16\xc6\x5c\x58\x2b\x97\xe2\xa3\x0f\x5f\x88\xd2\
\xb1\xdb\xc5\x0c\xcb\xb8\xf7\xbe\x7b\xe3\xcc\x99\xd3\x31\x54\xdb\
\x5d\x09\xda\xc6\xe6\x51\x2f\x28\x6c\xb5\x5a\x71\xfe\xdc\xb9\x38\
\xfb\xe4\x13\xb1\xbb\x7d\x31\x1e\x7b\xec\xd1\xf8\xb6\x6f\x7d\x30\
\xfe\xe8\x8f\x3f\xe6\xa5\x23\x77\xdc\x71\x87\xf2\xc8\x1a\x35\x1b\
\x12\x46\x46\xa6\x12\xdd\xb0\x3b\xed\x57\x2b\x04\xe6\x44\x24\x12\
\x9a\x55\x90\x0e\x45\xec\x6a\xe9\xf9\x15\x0b\x42\x19\x84\x44\x8c\
\x88\xd6\x96\xca\xd6\x6f\x86\x7d\xe1\xce\x7c\xb1\x6a\x5d\x02\xf2\
\xe9\x4f\xe4\x3b\xee\xcd\xa6\x04\x44\x5a\x9d\x7a\x66\x62\x78\x86\
\x99\x7f\xef\xf7\x3e\x18\x37\x0b\xa6\x5e\xaf\x1f\x9d\x76\x23\x4e\
\x5c\x77\x5d\xb4\x3b\xed\x98\x29\x6e\x29\xed\x9d\x8b\xd9\xf6\xe9\
\xa8\x95\x65\x49\x11\x10\x29\x11\x84\x71\x26\x85\x80\x82\x69\x88\
\xc9\x67\xb3\xa9\x61\x62\xa8\x61\x39\x13\x56\x85\x27\x84\x85\x94\
\xf1\xd3\xcc\x78\xe5\x37\x47\xad\xa9\x88\x4c\xed\x42\x23\x5c\x3a\
\x14\x0d\x70\xd6\x6b\xad\xa8\xb6\xbb\x31\x1c\x2d\xa7\x07\xa3\xc9\
\xa7\x66\x51\xf9\xb5\xa7\x9f\xba\xf0\x3f\x7f\xdf\x5f\xfd\x1b\x5f\
\xc9\xda\xfe\x7c\xa5\xc4\xfe\x9f\x9f\x54\x7a\xcf\xdf\xfa\xb1\x6f\
\x7f\xdb\x9b\x5f\xf7\xb7\x37\xaa\xf3\x9f\x2f\x0d\x77\xdf\x58\x9a\
\x1e\xdc\x34\xef\x6d\x57\xa6\xc3\xfd\x18\xf5\xf7\xc4\x58\x68\xcf\
\xa5\x99\x6d\x31\x17\x41\x27\xb2\x20\x22\xce\x52\xc4\x60\xbe\x40\
\xbe\xb3\xcf\x30\x17\xee\x01\x84\x9c\xca\xb5\x60\xe4\x08\x57\x0a\
\x3e\xc3\x72\x40\x6c\x66\xa9\x71\xb7\x48\x68\x43\x71\x83\xeb\x1e\
\x8f\x67\xf1\x95\xa7\x76\xe3\xba\x9b\xef\x94\xe6\x54\xf0\x2b\x41\
\xfb\x86\x97\xbc\x38\xae\x93\x5b\x82\x7b\xc2\xfc\xc4\x8d\x37\xde\
\xe8\xfd\xab\x9a\xad\xa6\xeb\x6d\x49\x08\x9e\x90\x8b\xc5\x72\xf4\
\x73\xe7\x2f\xc6\xfa\xe6\xba\x04\x69\xdd\xf7\x59\xba\x8e\x50\xc3\
\xcf\x1e\x9e\x55\x5b\xfc\x21\xdc\x08\x08\xcc\xcf\x6f\x34\xfa\x52\
\xb0\x11\x88\x03\xbf\x03\xfa\x95\xf5\xb0\x28\x08\x3e\xca\x51\x11\
\xc2\x61\x90\x75\x56\x7c\x64\x97\x8f\xc5\x90\x37\xdf\x7a\x9b\xea\
\xaa\xeb\x7e\x8e\x88\x0d\x87\x43\x2b\x13\x94\xc0\xb9\xa7\x9e\x92\
\xf5\xbb\x21\xba\x8a\xb1\xe6\xd3\xa9\x05\x01\x0b\x52\x93\xe5\x28\
\x8d\xf7\x05\xe2\x54\xf8\x55\x6c\x23\x37\x0b\x45\x31\x15\xc3\x23\
\xb8\xd9\x3e\xd6\x48\x02\x22\xeb\x81\xe2\x51\xcb\x16\x04\x04\x9d\
\x33\x6e\x19\xb1\x95\xe3\x33\x2c\xa2\xfe\xe8\x12\xae\x9a\x82\x3d\
\x59\xa6\x99\xad\xf4\x85\x0b\xe7\x64\x71\x2f\x4b\xc8\x86\x95\xea\
\x62\x7c\xe3\x5a\xa7\xf6\x6d\xd7\x1d\xdb\x7c\xf7\x0f\x7d\xff\x77\
\xbe\xe5\x2f\x7c\xe7\xb7\x0d\x5f\xf8\xe2\x9b\xbf\xfc\xa1\x0f\x3d\
\x34\x75\xa3\x7f\x0e\xd2\x9f\x17\x01\x29\xfd\xe3\xbf\xf3\x5f\x7c\
\xf3\x3b\x7f\xe0\xf5\xff\x78\xbd\x32\xfb\xd9\x8d\xc6\xec\xbe\x6e\
\xb3\x54\x6e\x37\xc4\x58\x58\x01\x11\x91\x97\x8c\xe0\x15\xb4\x21\
\xfe\x3a\x89\x51\x1e\x04\x00\xe6\xe0\x77\x59\x6e\x4b\x59\x8c\x01\
\x73\x8d\x64\x45\x20\x22\xee\x05\xe4\x6d\xc8\x3d\xc0\xcd\x19\xf6\
\x86\xb6\x38\x53\xd5\x9b\x2e\x0f\x84\xc7\x15\x4b\x81\x82\xf8\x7b\
\xfb\x07\xf1\xd8\xb9\x83\xf8\xc8\x1f\xfd\xfb\xf8\xfc\xa7\x3e\x19\
\x9f\xfc\xf8\xc7\xe2\x4f\x3f\xf9\x89\x98\x8c\x26\xf1\xa2\xbb\x5f\
\x64\xff\x1d\x21\xa1\x9d\x89\x84\x0f\x86\x9e\x48\x90\x2e\x89\xf0\
\xd7\x9f\x3c\x19\x4f\x9c\x79\xd2\x82\xb3\x2e\xff\x1e\x2d\x4d\x3b\
\x68\xd7\xda\x4a\x38\x60\xfa\x8c\x0f\xc4\x46\xba\xb6\x35\xb3\x7c\
\x9a\xe3\xfd\xdc\x02\x6e\x45\x90\x6e\x18\xc9\x42\xa5\x6b\x04\x96\
\x3e\x25\xfc\x62\x62\x59\x46\x16\x33\xee\x6c\x6f\xc7\x91\xcd\x2d\
\xd5\xa7\x78\x4b\xf7\x27\x8a\xab\x70\x8d\x78\x65\xb7\x29\x78\xab\
\xe5\x45\xbc\xef\xbd\xff\x3a\x1e\xfa\xf0\x07\xe3\x4f\x1f\xfa\x58\
\x7c\xee\x13\x1f\x8f\x87\x3f\xf3\x89\x98\xee\x5d\x8a\xdb\x6e\x3e\
\xa1\xfe\x4f\x25\xc6\x58\x8f\x14\x58\xe0\x12\x18\xc6\x8b\x71\x04\
\x4c\x52\x28\xb8\x89\x3c\xe3\x3e\xf7\xc0\x3d\x16\x9b\xb6\x4c\x1b\
\xf5\x63\x3e\x1b\xfb\xad\xc8\xa5\xe8\xc1\x88\x5d\x5d\x30\x35\x1a\
\x95\x58\x5f\x6b\x9b\x16\xe3\x61\x2f\xc6\xa3\x7e\x8c\x06\x3d\x29\
\xbe\xfd\x52\xad\xbc\xbc\xe1\xba\x13\x47\xbe\xf7\xae\x3b\x5e\xf8\
\xc3\x6f\xff\xfe\xb7\xec\x34\xba\xc7\x3f\xf7\xd0\x43\x0f\x7d\xdd\
\x57\x28\xab\xfb\x5f\xdf\xf4\x77\xff\xab\xbf\x71\xf7\x0d\xc7\xbb\
\x7f\xff\x68\xb7\xfc\x5d\x75\x69\xb2\xd9\x4c\xc1\xb2\x2c\x00\x4c\
\x30\x57\x94\xd7\xdb\x27\x46\xa8\x44\x67\xad\x63\x6d\x46\xa0\x59\
\x13\x51\x20\xd0\x58\x84\x4f\x8d\x55\xb7\xb6\x2b\x15\x4c\xa7\x3f\
\x5c\x2a\xdc\xa9\x9a\x82\x73\x55\x66\xab\x81\xa0\x0d\xfb\x43\x6b\
\x76\xe2\x11\x98\x76\x2e\xe6\x2b\x95\xe4\x96\xc9\x6d\x40\xd3\x12\
\xd3\x7c\xe1\xcb\x67\xe2\xd7\x3f\xf8\x89\x78\xea\xf2\x81\x04\x10\
\x41\x62\xd9\x47\xc9\x44\x6e\x2b\x18\xc6\x6d\x42\xb7\x10\xcf\xf4\
\xc6\xd3\x18\x49\x38\x26\x93\x85\x8e\x71\x3c\xf8\xe0\x6b\xe3\xb4\
\x5c\xae\x13\x27\x8e\xc7\xad\xb7\xde\x24\x8b\x93\xc2\x34\x57\x6c\
\xd3\x92\x86\x25\xae\x00\xf6\x8a\x19\x36\xad\x06\xf5\xc3\x94\x68\
\x5e\x34\x35\xd7\xbe\xa7\x56\x60\x40\xca\x63\x3b\x48\xe4\x9b\x49\
\x70\xb0\x74\x35\xc5\x01\xf4\x9f\xd9\xf3\x9b\x15\xf3\x0c\xfb\x07\
\xf1\x93\x3f\xf2\x23\x0a\xb4\x19\x70\xc8\xa1\x61\x5e\xba\x72\xcc\
\x23\xa5\x80\x2d\x82\x89\x67\x0a\xb2\x29\x57\xaf\x97\xe3\xb6\x53\
\x27\xe2\x1d\x6f\xfd\xae\xb8\xf3\xce\x9b\x8d\xc3\x81\x62\x37\xfa\
\x55\x91\x65\xf2\x80\x82\x18\x7c\xa2\xf8\x4e\x60\x48\x68\x60\xf6\
\xb4\x24\xc0\x37\xe8\x0f\x0c\x9f\x5d\xac\x85\xdc\x56\xb9\xb7\x55\
\x29\x24\x5c\x46\x4c\x4d\x4d\xd6\x9c\xba\xb0\x3a\x28\x2e\xfa\x46\
\x5e\x92\xdd\x30\xe1\x01\x45\x05\xbd\x79\x37\x7f\x22\xcb\xb5\x25\
\x7c\xb5\x8f\x5c\x17\xbb\xbd\xf9\xc7\x9f\x3e\xb7\xfd\x93\x6f\xf9\
\xc1\x9f\xf8\x98\x0b\x7c\x9d\xd2\xd7\xcd\x82\x30\x12\xf5\xa3\x3f\
\xf0\x6d\xff\xe9\x4d\x47\x1b\xff\xaf\xeb\x37\xaa\xf7\xcd\x07\xbb\
\x72\x85\xa4\xf5\x45\x18\x4c\xfc\x6c\x0a\x32\x93\x41\x66\x22\x50\
\x5d\x7e\x70\x2e\xd6\xc3\x55\x41\x93\x56\xc5\xcc\x72\x13\xc4\xe8\
\x68\x7d\x08\x51\x33\x03\xa6\x66\x5f\x88\x2a\x10\x15\xa6\x46\xdb\
\x12\xa3\x54\x75\x03\x8d\x3c\xee\x8f\xd5\xd6\x54\x16\x61\xa8\x20\
\xba\x61\x46\x42\xa0\x7a\xd2\x66\x17\xb7\xf7\xe2\x0b\x8f\x9f\xd1\
\x59\xc2\x21\x81\x6a\x89\x69\x9b\x72\xeb\x9a\x62\xb0\x4e\x5d\x82\
\xb9\x1c\xc7\x72\x22\xed\xd7\xdb\x8b\xc9\x60\x3f\xfa\xfd\x9e\x5d\
\x87\x83\xc1\x50\x71\x87\xdc\x97\xf5\x56\x6c\x6d\x6d\xe8\xd8\x72\
\x8c\x82\x50\xc3\xda\x04\xe5\x68\x4e\xb4\x7e\x8e\x64\xc9\x32\xe8\
\x00\x56\x0b\x87\x98\x45\x60\x5a\x73\x63\x25\x0a\x21\x21\x09\x25\
\x66\xa8\x82\xb9\x9c\x4f\xe5\x70\xd7\x18\x59\x82\x71\x2b\x72\xab\
\x6e\xbc\xf1\x54\x74\xd7\x9a\xf1\xc8\xe7\x3e\x21\x25\x32\x89\x76\
\xb3\x12\x6d\xc1\x7e\xa4\x5b\x8b\xad\x76\x25\xba\x0d\xc5\x2b\xb2\
\x36\x4d\x69\xf6\xa6\x5c\xce\x9b\x6e\x38\x16\xaf\x7c\xe0\xde\x78\
\xd1\x8b\xee\x40\xe9\x5b\x61\x20\xe4\x8c\xbc\xe1\x92\x39\x76\xa8\
\xea\xb7\xea\xff\xb3\xed\x8b\xa9\x85\x33\xac\x66\x01\x2b\x9d\xa4\
\x3f\x00\x47\x5f\x70\xb7\x10\x4e\x62\x25\x84\x8a\x84\x52\x82\x7e\
\x28\x0b\x04\x98\xdf\x08\x07\xe5\xe9\x0b\xd5\xcc\xc4\x03\x43\x59\
\xb4\xad\xf5\xe6\x8d\xc7\x8e\x1d\x79\xe7\x5b\xff\xc2\xeb\xe7\xf5\
\xf5\x1b\x3e\xfa\xf5\xb2\x26\xd0\xee\x79\x4f\xef\x7e\xd7\x5b\x8f\
\x6f\xb4\x4b\xbf\x70\xcf\xed\x37\x7c\x47\xa7\x32\x8d\x86\xb4\x4e\
\xbf\x9f\xcb\xc0\xd9\xa4\x80\x37\xed\x40\x3c\x88\x1c\x88\xf9\x60\
\x02\xdc\x28\xde\xdb\x36\x43\xa1\x0d\xe5\xf3\xb2\x87\x14\x44\xf0\
\xb0\xe9\x6a\xcd\x12\xf9\x20\x30\x9a\x72\x24\x8b\xc0\x08\x15\x7e\
\x75\x4d\x3d\x1d\x8f\x24\x18\x04\xf0\x22\x3e\xcc\x60\xbf\x5f\xed\
\x4c\x44\xa8\xb1\xb4\xea\x01\x2b\x6b\x2f\x6d\xc7\x85\x9d\x5e\x3c\
\xf5\xf4\xe5\xd8\x3f\x18\xca\x57\x87\x09\xa8\x3f\xe7\x1d\x96\x12\
\xcc\x7a\x43\x6e\x42\x7b\x2d\xda\x1b\x1b\xd1\x3d\x72\x34\xae\x17\
\x63\x1e\x3d\x76\xc2\xdb\xf4\xf4\xa5\xc5\x47\xb2\x72\xf0\x84\x19\
\x45\x16\x03\x41\xe1\x77\x5b\x7d\x43\x40\xea\x12\x14\x12\x02\x8f\
\x14\xe3\x22\xa1\x5d\x09\x8a\x61\x14\x0b\x39\x6d\x8a\xe9\xd3\x22\
\x16\x84\xca\xff\x61\x28\xf0\x03\xc3\x9a\x41\x55\x77\xab\xdd\x89\
\xcd\xcd\x63\xd1\x69\xb6\x04\xc7\xa5\x38\x7f\xf6\xd1\xd8\x95\xbf\
\xcf\x4b\x59\xe3\xfd\xfd\x18\x4b\xf8\x87\x12\x6a\xb1\x61\x2c\x4a\
\x2c\x7c\x94\xd0\x6c\xb6\x65\x79\x8e\xc7\xa9\xeb\x4e\x08\x17\xd4\
\xcc\x10\x32\xf1\x19\x17\x19\xfc\x63\x6d\xd4\x90\x95\xd0\x64\x2a\
\xeb\x2d\x85\x21\x36\x36\x73\x4f\xa7\x62\x70\x3d\x26\xee\xc3\x9d\
\x2a\x02\x75\x12\xab\x0c\x88\xdf\x3c\xa8\xa0\xe4\xf2\x4c\xa2\xaa\
\x6f\x1c\x19\xfb\x25\xec\xee\xbb\xe2\x38\xfa\x05\x7d\x49\xac\x35\
\xab\xd4\x5b\x82\xb5\xa6\xd6\xea\x0f\x3d\x72\x7a\xfb\x1d\xef\x7c\
\xf7\x7f\xf9\xb0\x1f\x3e\x8f\x29\xa1\x79\x1e\xd3\xdf\xfc\xeb\xef\
\x7c\xfd\xd1\xf6\xf2\x17\x6f\x3f\xb6\x76\x43\x69\x36\x10\xb3\x32\
\x44\x38\x91\xfb\xd1\x94\x62\x5a\xc4\x9a\xdc\x1f\x10\x0f\x32\x21\
\xc2\x48\x4c\x8b\xa9\x16\xc7\x88\x09\x5a\x7e\x07\x02\x0d\x36\x65\
\x68\x57\x38\x1e\x0d\xa5\xf1\x24\x14\x68\x6a\x02\x52\xce\x10\x80\
\x99\x6e\x08\xd0\x52\xfe\x89\x04\x03\x77\x66\x29\x37\x60\x21\x42\
\xb0\x66\x69\x28\xeb\x41\x40\x4c\x9a\x48\x10\x47\x72\xb1\x7a\x23\
\x05\x92\x7a\x7e\xd0\x1b\x47\x6f\x38\x95\x5b\x77\x24\x1a\x9d\xae\
\xad\x57\xb3\xd3\xd1\xd1\x8e\x6a\x43\x01\xae\xe2\x1e\x46\xcc\x24\
\x9a\xb1\xd6\x59\x37\xd3\xec\x89\x09\x61\x08\x5c\x40\xe0\x40\x79\
\x52\x7d\x45\xae\x45\x43\x30\xa1\x5d\xc9\x07\x23\x21\x24\x30\x42\
\x21\x20\x58\x10\xf8\x82\x7c\x14\x32\xa3\xe0\xc6\x94\x25\x28\xb8\
\x2b\x2b\xa6\x81\x91\x8a\xb8\x05\xc1\xe0\xe0\x37\x02\xcf\x6f\xe0\
\x64\x72\x10\x45\x5f\xaa\x48\xc9\xd8\xd5\x11\xb3\x36\x3a\xc2\x6f\
\xc3\x42\x3e\x19\x0e\x24\x28\x3b\x31\xe9\x0b\xde\xd1\x81\x5c\x2f\
\x29\x00\xc5\x1e\xf3\xf9\x90\x71\x04\x09\x45\xc7\x02\xc1\x01\xcc\
\xc4\x32\x0b\xf5\x0b\x8b\xc1\xe2\x48\x0f\x49\x97\xd3\x45\x43\x21\
\xd5\x6a\x4d\xbb\xc2\x6c\x34\x41\x2c\x92\x29\xe3\x23\x86\xcc\x19\
\x0e\x46\xd1\x15\xa3\x72\xc4\x23\xf4\x27\x05\x04\x61\x94\x9b\x35\
\x93\x27\x40\x29\xd5\xc7\x88\x1f\x7d\x41\xd8\x58\xcb\xa6\x56\xd8\
\x97\x38\xd6\x8e\x9f\x3a\xb8\x34\x58\xfc\xe8\x77\xbc\xfd\x27\xff\
\x17\x37\xf1\x3c\xa5\xc4\xfc\xf3\x94\x7e\xe6\x3f\xfe\x81\xbf\x76\
\xfb\xc9\x23\xff\xe0\xa6\xad\x76\x63\x29\xe1\x20\x78\x24\xe0\x63\
\x34\x09\x26\xc6\xeb\xc6\x3d\x61\x78\x70\x24\x17\x08\x0d\xe9\x11\
\x18\x21\x91\xd9\x62\x7c\x64\x08\xc1\x5b\x78\x36\xd1\x30\x82\x90\
\x89\x40\xa0\xa1\x60\x4e\x04\x84\x72\x5c\x5b\x13\x8b\x18\x26\x8c\
\xee\xe1\xe2\x94\x75\xde\xdf\x91\x26\xad\x2c\x65\x39\x22\xfa\x33\
\xa1\xa0\xd6\x89\x7d\x09\xc7\xde\x40\xee\x53\xa5\x21\xa1\x58\x53\
\x70\xdf\x12\xa3\xe3\xf2\x89\x58\x66\x86\x9c\x3f\x61\x90\x00\x01\
\xf3\x48\x8d\x99\x59\xda\x5b\x5a\x9b\x64\x26\x12\xb1\x69\x5b\x3c\
\x61\x26\x6b\xca\x82\x10\x6f\x08\x02\x0f\x33\x4b\x57\x4a\x08\xe4\
\x52\x61\x29\xa4\xa9\xe9\x3b\x6d\x98\xd9\x21\xc7\x0a\x5e\xbb\x4e\
\xba\x67\xe6\x57\x55\xc0\xe0\x35\x5d\xfa\x97\x82\x41\x99\xcc\xe3\
\x32\x2b\xa6\xb4\xc0\x08\x26\x9d\x56\x8c\xce\x7c\x4a\x5a\x2e\xf2\
\x63\x1d\xdc\x8e\xd2\x42\x0a\x43\x35\xcb\x85\x9b\x87\xe2\x67\xb5\
\x25\xab\x45\xdd\xba\x1e\xc8\x0a\xc5\xf8\x20\x4a\xb8\x5c\x32\x1a\
\x13\xd1\x61\x6c\x7c\xa8\x63\x3a\x66\x52\x62\x24\xac\x35\xb8\x25\
\x56\xe1\x4c\x2a\x70\x8f\x00\xd1\x3e\x09\x0b\x0a\x6c\xe0\x11\x05\
\x40\x5e\x0b\x94\x1e\x93\x9f\x84\x0b\x86\x80\x90\x8f\x55\xca\x58\
\x5f\x14\xc2\x99\xd3\xa7\x45\x9b\x51\xdc\xf3\xb2\x57\x2f\x76\xfa\
\xb3\x9f\x79\xdd\x77\xff\xc8\xff\x5d\xd9\xb3\xb1\xaf\x71\xb2\x61\
\x7d\x3e\xd2\x7f\xfd\x37\xdf\xf5\x53\x77\x5c\x77\xe4\x1f\xde\x76\
\xac\x5d\x65\x68\x96\x5d\x3d\x60\x0c\x90\xc5\x4b\x43\xa0\xd1\xcc\
\x80\x49\x59\x25\x04\x03\x4a\x23\x30\xac\x31\x62\xae\xa2\x22\x26\
\x01\xa1\x76\x03\xa4\x65\x48\x30\xab\xcd\xb7\xdc\x06\x5c\x2b\x12\
\x48\x06\xfb\x1e\x02\x96\xc6\xe7\x1a\xb3\x5d\x12\xf3\x2c\xc4\xc4\
\x8c\x28\x3d\xb5\x37\x8a\x3f\xfc\xdc\xe3\xf1\xd1\x2f\x9d\x89\x87\
\x9f\xda\x71\x50\xbe\xa3\xf8\x64\x67\x7f\x18\x17\x2f\x5f\x8e\x81\
\x04\x8e\x5d\xd7\x0f\x14\x8c\x0e\x46\x13\x0b\x0c\x81\x64\x09\xcd\
\x0e\xb3\x49\xcb\x33\x4d\x0d\x1f\x90\x26\x22\x78\x32\x5f\xfa\xda\
\x0d\x59\xbe\x64\x5a\xdc\xaa\x64\xa4\xb2\xda\xa7\x8f\xf4\x0d\x21\
\x61\x78\x59\xec\x75\xa5\x4e\x42\x69\x62\x0a\xe0\xf5\x70\xb0\xaa\
\x63\x98\x34\x99\x2a\xe7\x1e\xb2\x6f\x4a\x3c\xc7\xa2\xc0\x2b\xba\
\x85\x85\x29\xf8\x06\xc5\xc3\x4f\xb4\x32\x07\xf8\x91\xbf\x12\xf2\
\xae\x62\x2a\x7c\x12\x77\xcd\x55\x19\xef\xa9\x10\x20\x8f\xa4\x28\
\xc6\x3a\xa6\x73\xb5\x53\xae\xcb\x75\xbc\x3e\xd6\xb6\xae\x57\xfd\
\xb2\x00\x0c\xa5\xcf\x58\xdf\x28\x86\x16\x0c\x30\x2d\xf1\x49\xe1\
\x3e\x01\x53\xe2\xf9\xcf\x0a\x02\x8a\x84\xc9\x54\x20\x02\x64\x94\
\x07\x56\x96\x3c\x29\x54\x8a\x2f\x75\x4d\xdf\x0c\xab\xee\xf9\xb7\
\x3a\x33\x58\xf1\x04\x31\x11\x23\x82\x8f\x7e\xe5\x51\x59\xbc\x61\
\xe9\x96\x9b\x6f\x79\xd3\xf7\x7f\xdf\x5f\x38\xfa\x9a\xb5\x13\x1f\
\xf8\xcd\xe7\x21\x2e\x79\x5e\x04\xe4\x67\xfe\x93\xbf\xf4\xee\x3b\
\xaf\xdb\xfa\xbf\x9d\x58\x2b\x97\x16\x76\x8d\x18\xba\x55\xdf\x20\
\x30\x68\x10\x01\xd1\xbe\x20\xd4\x9a\x51\x47\x22\x50\x87\x88\x81\
\x89\x86\x99\x6c\xd6\x45\x50\x34\x9d\x19\x4d\x2e\x83\x35\xa8\x88\
\x86\xe0\xa0\x21\xf1\x81\x29\xcb\xb2\x12\x04\x8e\x54\xad\xc1\xa4\
\xb0\x21\x8c\x32\x32\x83\x3e\x71\xe9\x20\x7e\xe3\xa3\x9f\x8b\x27\
\xf7\x18\xb2\x6c\xd9\x0a\x10\x3c\x17\x30\x78\xb4\xc8\x75\x29\x3e\
\x91\x30\x73\x60\x3d\x60\x04\xe0\xe0\x6c\x46\x35\xf8\xb2\x58\x22\
\xbe\x32\x9b\x31\x69\x1f\x4b\xe6\x80\x1b\x66\x17\x88\x30\x15\x30\
\x72\xd4\x04\x37\x7d\x30\x9c\xaa\x2b\xeb\x11\x87\x98\xa9\xf4\x1b\
\x81\x16\xac\x0c\x12\x20\x24\x70\x0f\xe5\x69\x87\x6b\x18\x8e\xff\
\x74\x8b\x5c\xae\x07\x38\xc8\x09\x3e\xc1\xc9\x92\x29\x6e\xfe\xe9\
\x80\x49\xc1\xaf\xe7\x36\x0c\x3f\xb0\xab\x6d\x3d\x64\x95\xc1\x72\
\x89\xa0\x63\x25\xa1\xcd\x54\xc2\x12\x52\x0e\x8a\x19\xe6\x72\x21\
\xd7\x8f\x23\xa1\x72\xc9\x2e\xa9\xce\xb1\xf2\x21\x14\x08\x7c\x5d\
\x78\xad\xc7\x48\x96\x9f\xf6\xc1\x1d\x09\xfe\x86\x24\x55\x2c\x88\
\x5c\x2f\xac\x99\x15\x81\x9f\x11\x88\xa7\xd5\xa3\x0c\x42\xcb\xb9\
\x38\xb0\x3a\xd0\x0c\x05\x68\x21\x82\x47\x94\xea\x32\x61\x6c\x72\
\x71\xf6\xec\x59\xdd\x5b\xc6\xf5\x27\xaf\x7f\xe5\xd1\xbb\x5f\x70\
\xef\x0d\xb7\xdd\xfd\xcb\x1f\xfa\xd0\x87\xa8\xfa\x6b\x96\xbe\xe6\
\x02\xf2\xd3\xff\xd1\xf7\xfd\x95\xdb\x4e\xac\xfd\x8f\x27\xd7\xaa\
\xa2\x30\x4c\x24\x82\xa8\xe3\x04\xdc\x74\x96\xe0\x1a\xa2\x73\xb0\
\x34\x84\x00\x16\x42\x56\x98\x10\x44\x70\xa4\x61\x20\x30\xf7\x2d\
\x4c\xca\x07\xcf\x54\x38\xd3\x80\xf2\x58\x80\x54\x8f\x67\xaa\xcd\
\x10\xac\x92\xd5\x23\x31\x2b\xae\x09\x31\x0b\xf1\xcd\x44\xf1\xca\
\xc1\x7e\x3f\xce\xed\xf4\xe3\x77\x3e\xf1\x95\xe8\x2d\x5a\xd2\xa8\
\xd4\x23\x02\x89\x28\xd4\x8b\x3f\x0d\xb1\xd0\xb0\x30\x2f\x09\xcd\
\x87\x7b\x03\xdc\x08\x49\xc1\xe8\xf3\xf9\x54\x6d\xcc\xa4\x81\xc7\
\x5e\xb9\x6b\x7f\x7d\x55\x86\xf6\x10\xb4\xb4\x5e\x28\x80\xd4\xbe\
\xca\x60\x66\x85\xf9\xb9\xa6\x0c\xe7\xa5\xda\x58\xc8\xfa\x95\xd5\
\x1f\x55\xec\x03\x98\x8a\x7c\x5e\xad\xbb\xba\x06\xbe\xbc\x27\x98\
\x95\xdf\x33\xdf\xba\xc7\x6f\x33\x15\x78\x13\xce\xc0\x29\xb8\x63\
\x08\x16\x64\x15\x02\x8e\x30\x02\x17\xb0\x52\x57\x69\x79\x10\xcd\
\xea\xa3\xd1\xae\x9d\x56\xb9\x9e\x2c\x0b\xae\xa0\x58\x43\xf5\x8c\
\x26\xd2\xf8\x8d\x6e\x54\x44\xbb\xe9\x60\xd7\x7d\x22\xd6\x61\x32\
\x15\x84\xa1\xcc\x10\x70\x94\x13\x6d\xb3\x20\x32\x95\x1c\x8c\x9e\
\xb8\xb0\x7b\xa8\xe7\xd0\xc8\xb8\x15\x4c\x94\xe1\xc8\x49\x45\x84\
\x27\x87\xac\x53\x78\xb2\x3f\x16\x70\x9e\xa9\x2c\x0a\xeb\xc8\xd6\
\xd1\x78\xf4\xd1\x47\x9d\xef\xd8\xb1\xad\xbb\x6f\xb9\xe9\xe4\xd6\
\x3f\xf9\xc5\xff\xe5\xb7\xdd\xc8\xd7\x28\x99\xc7\xbe\x56\xe9\xdd\
\x3f\xf6\xf6\x6f\x3f\x52\x9f\xfd\xfa\x4b\x6e\x3b\xd1\x88\xd9\xc4\
\x41\x1e\x9a\x07\x04\xb1\xc0\x8e\x31\x70\x2c\x04\x42\x00\x31\xeb\
\xf5\xb4\x12\x80\x05\x53\xcd\xe4\xf7\x82\xc4\x11\xfe\x28\x81\xb8\
\x02\x64\x34\xd0\x5c\x75\x81\x48\x62\x0e\xbb\x61\x4a\x63\x59\x86\
\xae\x02\x66\xca\x72\x1f\xff\x96\x98\x45\x05\xcc\xcc\xc4\x38\x7b\
\xfb\xbd\x78\x7a\x6f\x16\xbf\xf3\xb1\x2f\xc4\xfe\x9c\xa1\x4c\x05\
\xc2\xaa\x9f\x21\x61\x88\xc0\xe1\x39\x07\x34\xbf\xb4\x3c\xc8\xb1\
\xb0\xaa\xad\x1c\x55\x92\x36\xd3\x73\x13\x4d\xf5\xda\xff\xe6\x4a\
\x19\x55\xc2\x7d\xc8\x65\x15\x8c\xd4\x30\x58\x40\xa0\x8d\x3b\x85\
\xeb\xa8\xc2\x6e\x87\x98\xa9\xee\xfa\xd2\x8a\x88\x29\x28\x2f\xa6\
\xf2\x3a\x45\x1d\xcc\x8c\x3b\x66\xc0\x15\x33\xfc\xb8\x5e\xe6\xc7\
\x2b\x8c\x85\xb6\x85\xe1\xb8\xe9\xb2\xfa\xcd\x9a\x64\x2c\x2b\x09\
\x86\x24\xe9\x91\x71\x4a\x3c\xe0\x51\x38\x04\x82\x3a\x95\xbf\x26\
\xcb\xda\xac\xef\xc5\x0d\x27\x9e\x8a\x9b\x4e\x9c\x55\xfb\x7b\x31\
\x9c\x9e\x8c\x87\x1f\xbb\x37\x66\xb5\x3b\x64\x85\x9b\x6e\x97\xd1\
\xb5\xad\x96\xe2\x8a\xfe\x53\x51\x9f\xf7\x2d\xa8\x43\xc5\x6b\xb6\
\x92\xea\x0f\xb8\xa6\x1d\x84\x97\x58\x05\xbc\xf0\xe2\x97\xec\x5d\
\x8c\x99\x3c\xd4\xb5\xad\xf2\x0a\x7e\xe8\x43\x1e\x5b\x68\xc2\x70\
\x5b\xdd\xc4\x69\x21\x24\xe0\x92\xe7\xfc\xce\x7e\x08\xd6\x4e\x37\
\x7a\x72\x81\xf7\xf6\x77\x04\x7f\x3d\xae\xbf\xf5\x85\x71\x7e\x6f\
\xf6\x9f\x3f\xf8\xdd\x7f\xe5\xef\x3b\xd3\xd7\x20\xd1\xff\xaf\x49\
\xfa\xc9\x1f\x7d\xeb\x6d\x5b\xad\xca\x43\x37\x6d\x34\xb6\x36\x1a\
\x79\x0f\xe2\xb0\x68\x10\xba\x3a\x8e\xf0\x92\x88\x10\xb2\x47\x66\
\x0a\xe6\x29\x26\x73\x98\x3f\x7d\x58\xa3\x46\x88\x19\x0e\xe4\xff\
\x0a\xc1\xec\xdc\x01\xa2\x52\x93\xe7\x61\x0b\xa4\xfc\x04\x8d\xe2\
\x01\x33\x39\xfe\x2b\xae\xc4\x58\x84\x43\xdc\xd0\xa6\x0c\xe3\x3e\
\x75\x71\x3f\x1e\xb9\x38\x8c\x8f\x3f\xfc\x44\x54\xd0\x8a\xf0\xb6\
\xda\x2f\xb4\x1a\x4c\x84\x35\x31\xcf\x43\x50\xda\x52\x79\xf2\x78\
\xbd\x97\xfe\x72\x10\x00\xad\x0f\x68\x68\xbb\x0c\x8e\x41\x25\x4c\
\xbf\x94\xf5\xa2\x5c\x65\xe5\x72\xe0\x5e\x80\x65\x04\x8d\x44\x79\
\xb4\x3a\x41\x2d\x02\x00\x73\xa1\xe1\x1d\xa0\x8a\xe9\xe9\x13\x09\
\x01\x28\x0e\xb8\x07\x41\x4a\x8b\x9b\x2f\x5a\x65\xbb\xa9\x95\x81\
\x0b\x61\xa4\x2d\x18\xcb\xdb\x98\xf2\x4c\x47\x8b\x41\x0d\xb5\x37\
\x14\x53\xb2\x7a\x77\x15\x0e\xeb\x6f\x29\xe1\xd8\x8f\x37\xbf\xb1\
\x1d\xaf\x7c\xa9\x18\x36\x2e\xa9\xed\xa9\x62\xae\x9b\xe3\xe7\x7f\
\x69\x19\x97\x06\x47\x85\xbb\xba\xdc\x20\x96\x9f\x54\x63\xad\x53\
\x8f\x97\xbc\xe0\x78\xdc\xaf\x63\xa1\xe0\xbd\x7f\xd0\xa3\x5b\x80\
\xa6\x73\xe2\x81\x51\x32\x06\x5e\xb0\x64\x78\x0a\x55\xf5\xb5\x04\
\xb1\x9d\x4f\xa2\xa0\xbe\xd1\xdf\xc4\x65\x38\xb6\x30\xee\xd5\x06\
\xb5\xf0\x9c\x98\x28\x85\x42\x79\xd4\x17\x70\x0b\x5d\xc8\xc7\xaa\
\x62\xca\x4c\x24\x74\x8c\x14\x92\xa7\x7d\xec\xa6\xf1\x85\xed\xe9\
\x77\x7c\xcb\x5f\xfc\xab\x1f\xd4\x8d\xe7\x3c\x01\xe7\x73\x9e\xde\
\xf9\xce\x07\x9b\x37\xac\xdd\xf0\xfb\xb7\x6c\x56\x5e\xb5\xd9\x12\
\xa1\x68\x05\x8d\xa2\x8e\x42\xd4\x56\x93\x6d\x35\xd3\xcc\x72\x0d\
\x32\x09\x50\x71\x4b\xe4\x14\x09\x21\xe9\x83\xc2\xf1\xc3\xf1\x48\
\xe6\x36\xb5\x32\x9f\x0d\xa0\x9c\xb5\xb2\xca\xa1\x89\x20\x10\x4c\
\x04\xff\x79\x54\x44\x89\x3c\x68\xae\xbe\x90\x08\x63\x8c\xe4\x54\
\x6f\xef\x0d\x63\x7b\x30\x8d\x73\xfb\x93\x98\x10\x67\x28\x1f\x4b\
\x2f\x3c\x47\x0d\x6c\x10\x19\x42\xe8\x41\x12\x13\x56\x82\xd0\xc9\
\x9c\xb4\x57\x12\xb1\xd2\x62\xa0\xf9\x75\xe6\x73\x05\xab\x3c\x3c\
\x47\x6b\x63\x0d\x48\xac\x41\x02\x0e\xf7\x11\x26\xa6\x5e\xca\x89\
\x09\x10\x08\xaa\x87\x4d\x60\x68\x5b\x8b\xa2\x4e\xe5\xa3\x0c\xd6\
\x06\x46\x21\x34\xc9\x3a\x81\x43\xff\x5b\x80\x72\x72\x94\xbc\xb8\
\x93\xce\x40\x51\x95\x2b\xb6\x07\xaa\x8b\x09\x3d\x42\xa6\x04\xbf\
\x32\x94\xdd\x97\x76\x3f\x90\x32\xf2\x7b\x21\x8b\x5e\xfc\xc0\xf7\
\x5f\x1f\xef\x7c\xc7\x09\xc5\x44\xfb\xaa\x11\x17\xb0\x19\x8f\x9f\
\x39\x1a\x3f\xfd\xb7\x3e\x1a\x7b\xc3\xb6\xe0\x54\x4c\xb0\x82\x8f\
\xe5\xf4\x1b\xdd\x4a\xbc\xeb\x07\xbe\x23\xae\x3b\x22\x26\x95\x45\
\xa6\x53\x1e\xc2\x65\x53\x0a\xf5\xb5\x56\x57\x50\x2e\xc5\x04\x1d\
\x45\x21\x0b\x07\x5d\x01\x50\xfa\xc6\x6f\xbb\x5d\x25\x62\x2c\x04\
\x80\x51\x3c\xd1\x59\xf7\x70\x57\xc1\x25\xdd\x31\x3d\x84\x73\x14\
\x0d\x31\x21\xe5\x0b\xc5\x41\xaa\x35\x98\xdd\x9f\x44\x6f\x7f\x4f\
\x96\xbe\x15\x9d\xeb\x6e\x3f\xf7\xb9\xaf\x5c\x78\xf1\x0f\xfe\xb5\
\x9f\xb9\xb4\xca\xf2\x9c\x25\x83\xff\x5c\xa7\xff\xfd\x5f\x7f\xc7\
\x7f\x73\x72\xad\xf2\x7f\x38\xb9\xa6\xb8\xc1\x7e\xfa\x3c\x9a\xed\
\x8e\xe7\x34\x20\xe2\xd6\xe6\xba\x3b\x4c\x27\xcd\x40\xb8\x3a\xd2\
\xb8\x2c\xc7\x66\xec\x1b\x02\xb3\xb8\x10\xa6\xb3\xab\xa4\x83\xdf\
\x10\xdc\x66\x5d\x65\x28\x37\x1a\x4e\xfc\x8c\x89\x38\x12\xe5\x20\
\x10\xeb\xb0\xa6\x42\xf0\x7e\xaf\x1f\x07\xbd\x61\xec\x1e\x8c\xe2\
\x89\x73\x17\x63\x59\x6d\x04\x5b\x7a\xb2\xc4\x01\xbf\x5d\x55\x46\
\x55\x12\x81\xf6\x86\xe9\x92\xdd\x57\x7f\x2b\xcc\x60\x9d\x4a\x22\
\x68\xf2\x60\xde\xb4\x9d\x11\xc1\x11\xca\x42\x90\x80\xc7\x0c\xad\
\x2b\x0e\xdc\x3a\x38\x9a\xfb\xe2\x4f\xc3\x6f\x0e\xd7\x95\xe3\x67\
\x71\x2d\xf9\xaa\x58\x12\xfa\xa3\xdf\xb6\x60\x6a\xab\x60\x26\xee\
\xe1\x6a\xb2\xdc\x65\xa9\x80\x39\x9f\xeb\x4c\x5e\x38\x09\xce\x27\
\x0f\x30\xea\x4c\x3d\x8c\x4c\xc1\xa0\x30\x98\x83\x70\x75\x6d\xa1\
\x3a\x98\x7c\x1d\x4d\xe7\x62\xfc\x49\xec\xf5\xf7\xe3\x55\xaf\x6e\
\xc7\x8f\xff\xc8\x2d\xd1\x69\x5c\x96\x10\x30\x08\x20\xf7\x66\xb9\
\x19\x1f\xfd\xf7\xcb\xf8\xe0\xef\xf6\x64\x49\xaa\xaa\x4f\x56\x49\
\x7d\xaa\x49\xc3\x31\x7f\x23\xe4\xc6\x4d\xa7\x8e\xc5\x4b\x5f\xf2\
\x42\x29\x0b\x96\x95\xa4\x85\xc1\x02\x14\xb0\xd1\x4f\x68\xbb\x94\
\xc0\xe0\xee\x2d\x4a\xe9\x26\x31\xd4\x8c\xb5\x83\x5e\x3c\xcf\x51\
\x36\x29\x3e\xd1\xc2\x16\x43\x30\x80\x4b\x56\x4f\x53\x67\x96\x49\
\x2b\x4c\x22\x1f\x74\xe5\xcc\x5b\x9a\x20\x95\x75\x74\xf0\x50\x77\
\xeb\x78\x4c\xea\x5b\xff\xf2\x95\x6f\xfa\xe1\x1f\x5c\x65\x7f\xce\
\x52\xda\xbf\xe7\x30\xfd\xf5\x9f\xf8\x4b\x2f\x39\xb5\xd9\xf8\xa5\
\x5b\x8e\x74\xca\x75\x69\x1e\xde\x13\x20\x10\x45\x13\x42\x45\xb4\
\x02\x2b\x5c\x41\x42\x22\x53\x88\x11\x31\x41\x08\x07\x84\xcf\x65\
\xd6\x72\x9b\x44\x10\x2f\xbb\x2e\x34\xb1\x10\xee\x3c\x46\x24\x6c\
\x82\x96\x94\x10\xa2\xd9\xf5\x7c\x2a\xcd\x3c\xe7\x15\x57\x11\x60\
\x28\x0d\xc7\xf0\x65\x4f\xbe\xf2\xd3\x97\x76\xe3\xec\xc5\x5d\x99\
\xe7\x6e\x6c\x75\x9a\xde\xcc\xad\x2e\x58\x2a\xaa\x27\x19\x12\x8d\
\xc7\x6f\x46\xad\xa4\xc9\x08\x6a\x55\x07\x42\x01\x3b\xaa\x45\x9d\
\x61\x00\x98\x4f\x1a\x13\xea\x20\x18\x68\x79\x31\xa1\x9a\xf7\x3d\
\x56\xc6\xe2\x26\xd6\xb8\x41\x1e\x3d\x43\x39\xc0\x58\x3e\x23\x51\
\xdc\x56\xdd\xfc\xa6\x6e\xfa\x82\xf6\x34\xdb\xeb\x1e\xc1\x38\x42\
\x6e\x26\x53\x79\x34\x34\x65\x61\x28\xee\x73\x0d\x3e\x70\x65\xa8\
\xdf\x75\x91\x57\x79\x72\x18\x75\x9a\x56\x53\xd6\x82\xad\x81\xfa\
\x12\x88\xbe\x70\x30\x54\x50\x3d\x84\x99\x97\xfd\x78\xc5\xab\xda\
\xf1\x23\xef\xba\x33\xda\xf5\x6d\xb7\xb7\x94\x14\x2d\xcb\x1d\x59\
\xdd\x63\xf1\x47\xbf\xff\x74\x8c\xfa\x0d\x05\xed\x0d\xaf\x70\xa8\
\x55\x97\xd1\x42\x59\x81\x03\xe1\x8a\x51\xc8\x3b\x6e\x3b\x65\xe6\
\x57\xf3\xa2\x07\x98\x01\x8e\x14\x32\x92\x2d\x7a\x59\xf7\x60\x7a\
\xc1\xc5\xe4\xae\x85\xdc\x28\x41\x10\x72\x0b\x23\xae\x0b\xa6\x27\
\x59\x50\xc0\xb4\x1e\x14\xf7\xa0\xbb\x05\x45\x67\xfa\x8d\x12\x24\
\x1b\x2a\xc1\x4b\x76\x94\x67\xd0\x3f\x88\xa3\xc7\xaf\xbb\xef\xdb\
\xdf\xf0\x6d\x9f\xfe\x57\xff\xeb\xfb\xbe\xe8\x82\xcf\x51\x02\xa2\
\xe7\x32\x95\xb6\xda\xf5\xff\xeb\xf5\x9b\xed\x8a\x5f\x31\x15\x31\
\xe9\x50\x5b\x1a\x9e\x6b\xc6\xf3\x69\x10\xc9\xa7\x73\x08\x49\x06\
\x6f\x04\xdc\x43\xe5\x17\xd1\xd1\xd6\x2b\xbf\x15\x24\x78\xa2\x50\
\xda\x8a\xe0\x17\x84\x32\x17\xa1\x9f\x31\x56\xdd\x60\x0a\x6d\x8c\
\xa8\x58\x5b\xba\x90\x5c\x1b\x11\x9d\xc0\x90\x95\xbc\x13\x31\xe0\
\x4c\xc4\x19\xf4\x06\x31\x1e\x49\x7b\xad\x84\x11\xc1\x43\x01\x33\
\x6a\x05\x83\x99\x21\xf5\x13\xb3\x6f\x77\x4f\x6d\x5b\x78\x75\x9e\
\x2d\xa4\x99\x39\xc4\xa4\x08\x7a\x6a\x7f\xfd\xa1\x9e\x97\x58\x06\
\x9e\xcb\x3d\xe0\x8c\xa0\x0a\x96\x99\x2a\x63\xbe\x41\xc5\x62\x21\
\x81\x91\xc8\xe9\x9a\x80\x57\xcf\x74\x9f\x3e\x2c\x05\xab\xdb\x41\
\x86\x28\x23\x18\xa4\x3b\x55\x86\xe5\x17\x2a\x43\xfb\xe4\x29\xab\
\xff\xb8\x1a\x82\x0d\x98\xc1\x0c\x2e\x27\x0c\x09\x6c\xcc\x5f\x30\
\x8f\x31\x9a\x95\xa3\x3f\x97\x52\x5a\x54\xa2\xa7\x3a\xf7\xd5\xe0\
\xc1\x78\x19\xfd\x99\xdc\x51\xd5\x5f\xa9\x8f\xe2\x5b\xbe\xed\x58\
\xfc\xf8\x5f\x7b\x59\x74\xdb\x03\x3a\x62\x7c\x80\xc3\xc9\xbc\x16\
\x5f\xf8\x42\x2f\xce\x3e\x05\x1c\xcc\xe8\x57\xa4\x32\xd2\xda\x8d\
\xd5\x6f\x26\x55\x19\x1b\xf4\x3b\x9a\xa2\x07\x41\xf2\xb3\x35\x3c\
\xc9\xd6\x4d\x7d\x10\x78\xc2\x21\x8a\x4c\x51\x8c\xe8\xc0\xdc\xc7\
\x4c\xcc\xad\x06\xf3\xb9\x7f\xe5\x50\x38\x75\x70\x0f\x5c\x83\x7f\
\x94\x26\x02\xc2\x33\xee\x53\x27\xd3\x02\x1c\x20\x3f\x0d\x31\x6d\
\x64\x5d\xc4\x5a\x1b\xeb\xeb\x31\xd8\x39\x57\xba\xf1\xc4\xd1\x9f\
\xfb\xf1\x1f\xff\xf1\x3f\x0b\xd4\x55\x26\x04\xf0\x39\x4b\xef\x7e\
\xd7\xf7\xbe\xf5\xf6\x93\x6b\xef\xbd\xed\x44\xd7\x23\x56\x70\x34\
\xb3\xde\x98\x70\xbf\x87\x0d\x02\x84\xf8\x56\xbb\xed\xf5\x4a\x04\
\x5a\x2c\xaf\x00\x21\xb0\xb9\xd7\x50\x89\xf1\xbd\x08\x4e\x88\x29\
\x34\x0a\xf7\x40\x28\x7b\xdb\x62\x52\x59\x60\x88\x29\x6e\x48\xf0\
\xd0\xa4\x10\x99\x3a\xb0\x3a\x0c\xb7\xd2\x2e\x3e\x37\xab\x7d\xb7\
\xf7\x7a\x71\xfa\xa9\x8b\xf1\xe8\xe9\xa7\x62\xff\x60\x1c\xd7\x5f\
\x77\x4c\xfe\xf9\x4a\x58\xbd\x45\x88\x80\x52\x7e\xac\x05\x6d\x2c\
\xc5\xcc\x76\x37\xe0\x0c\xdc\x24\xb5\x2f\x50\x12\x51\x22\x12\x16\
\x03\x12\x3b\x5e\xe1\x2c\x4e\x67\xc4\x2b\x87\x29\x11\x0c\x18\x01\
\xcd\xa3\x3a\x55\x17\xfd\x2d\xb4\x26\xcc\x9d\xee\x21\xf1\x8f\x04\
\x91\xe6\x69\x5f\x79\x61\x04\xff\x21\xf4\x62\x26\xea\x26\xd6\x22\
\xa9\x78\x32\x32\x4a\x41\x17\xa9\xad\x71\x4d\xc5\xc4\xfa\x3d\xb5\
\xe0\x52\xb9\xf2\x23\x8c\xba\x66\x25\x02\xa3\x7f\x3a\xd1\xab\x68\
\x36\x86\xf1\xba\x07\x8f\xc7\x8f\xfc\xb5\x97\xcb\x22\x9c\x97\xa4\
\xee\xca\x35\x92\xb2\xa1\xbe\x68\xc7\xac\x74\x22\x7e\xee\xef\x3d\
\x12\xe7\x9f\x5a\xc4\x06\x73\x42\xea\x4f\x4e\x22\x4a\x38\x60\x70\
\xfd\x6e\xd6\xcb\xf1\xcd\xdf\xf4\xf2\xb8\xff\xa5\x2f\x51\x3f\x24\
\x00\x52\x7e\xd0\xc3\x6e\xa6\xf0\x40\xff\x89\xaf\x70\x99\xa7\xf3\
\xb1\x27\x63\xe9\x2c\xc2\x01\x6d\x79\xfe\x4c\xa2\xb7\x19\x4b\x15\
\x82\x75\x45\x20\x74\x0f\x41\xb1\xb0\xe8\xcf\xc2\xa6\xf6\xf1\x0e\
\xc0\x1d\xbc\x82\x52\x45\xd1\x36\x1b\xbc\x06\x21\x3c\xa8\xea\xda\
\xfa\xc9\x78\x72\x77\xf4\x37\xde\xf8\x17\x7f\xe4\x1f\xba\x89\xe7\
\x20\xb9\xb9\xe7\x2a\xfd\xad\x9f\xf8\xde\x4f\xdc\x79\xdd\xfa\xfd\
\x5d\x99\x64\xb4\x38\x04\xcc\x00\x74\xe1\xd1\x2b\x38\x84\xf7\x27\
\x9e\x8d\x34\x10\x82\x5b\xe0\xd7\x63\x55\x87\xf0\x60\xc4\x70\x3f\
\x05\xc7\xc5\x3c\x24\xcc\x35\xa6\xb7\xd3\x64\x24\x43\x6e\x97\xea\
\x16\xfe\x52\x23\xeb\xd9\x33\xda\x88\x37\x0e\xc7\x42\x20\xa3\x37\
\x93\x18\xc8\xcd\x18\x4b\x9b\xee\xf7\x7b\x46\x30\xab\x85\x9b\x12\
\xae\x4e\x93\x91\x33\x31\xaf\x1a\x35\xf1\xf4\x10\xeb\x45\xab\x58\
\x2d\x6b\x50\xb5\x4b\x23\x2c\x7a\x84\x21\xcc\xb2\x6a\x8b\xb7\x0e\
\x97\x22\x5c\x32\x2b\x42\x85\x40\xa7\xbb\x61\x66\xe7\xb7\x2a\x42\
\xc3\xe5\x84\x99\x02\xd9\xc5\x54\xed\x61\x4d\xe4\x62\x08\x37\xd4\
\x69\xd7\x48\xf0\x33\x0a\x65\x26\xb3\xad\xc9\xa0\x9a\xba\x79\xbf\
\xc2\x42\x44\x3f\x05\x27\xf5\x15\x0c\x44\xc4\xe3\xa1\x5e\x3d\x63\
\xa2\x72\x2a\xe1\x64\x08\x77\x21\x4b\xc3\xf2\xfd\x7e\x9f\x95\x00\
\xc3\xd8\xeb\x9d\x8d\x9b\x6e\x19\xc5\x3b\x7e\xe8\x9e\xd8\x5c\x53\
\x9c\xb7\xdc\x53\xdd\xf9\xfe\x3d\x16\x6c\xb6\xe8\xc6\xc5\xcb\x9b\
\xf1\x2b\xff\xfa\x52\x74\xea\x27\xbd\x75\xd1\xba\x87\xcc\x97\x72\
\xcb\x14\xe7\x09\x8f\xcc\xe3\xf0\x4a\xed\x1d\x77\xdc\x82\xb9\xf3\
\xfb\x25\xcc\x82\x03\x8b\x5f\xc5\x15\xac\xfc\x26\x3e\x70\x5f\x54\
\x36\x15\x9c\x7e\x19\xb5\xf9\xbb\x10\x82\xc2\x62\x14\x34\x25\xc1\
\x13\x24\xca\x91\xcf\xe5\x51\x04\xe0\x49\xf8\xc0\xc3\x40\x51\x30\
\xd1\xc9\x5b\x8e\xa6\xb9\x5c\x41\xea\x87\xce\x73\x59\xda\xd6\xb1\
\x53\x4f\xff\xce\x47\x3f\x7e\xe7\xdf\xfc\x9b\xff\x2d\xaf\x9e\x5e\
\x75\x7a\xce\x04\xe4\x27\x7e\xf8\x2f\x7e\xfb\x46\x73\xfa\x3b\x77\
\xdf\xb0\x29\xa0\x19\xd1\xc9\x20\x0b\xc4\xd1\x0a\x96\x82\x49\x30\
\x90\x40\x47\xcd\x54\x22\x26\x4b\x30\x18\x96\x65\x9d\x12\x3e\x74\
\xf1\x4e\x07\xa4\x4b\xad\x84\x86\x4d\x30\x29\x03\x72\x71\xc0\xbc\
\xde\x48\xed\x0c\xfa\x7d\xd7\xe3\xf8\x44\xe7\x29\x84\x54\x5d\x8c\
\xb2\x20\x24\x94\xc1\xd5\x83\x40\x30\x22\xd2\x06\x5c\x58\x30\x86\
\x43\x99\x80\x04\xd1\x10\xd7\xf5\xab\x6d\x37\x2d\x42\x98\x30\x34\
\xac\x36\x99\x93\xe1\x1e\x90\xb4\x10\x76\xc1\xc6\xb6\x3d\xc0\x83\
\xa5\xc0\xc7\x2e\xac\x03\x09\x41\x41\xcb\xd2\x36\x89\x45\x80\xb8\
\x85\x2c\x1a\x1c\x8e\x44\x3b\x55\xdc\x91\x25\x45\xfb\xe2\x2e\x01\
\xdf\x70\x38\xd6\xd9\x8d\xbb\x1e\xac\x83\x87\x89\x95\xc0\x89\xe7\
\x75\x04\x01\x42\x40\xdf\xda\xec\xbe\x22\xe5\xd2\x56\x3f\x6c\x31\
\xf4\x7b\xa4\xfe\xd7\x9b\x6a\x6b\x24\x2b\x32\x92\x05\xdd\x39\x23\
\xab\xf8\x95\x78\xcb\xf7\xdc\x18\x5b\x9b\x23\x59\x4f\xda\x16\x9e\
\x71\x0d\xd5\x86\x7a\x19\xe3\xc5\x5a\x7c\xea\x53\xd5\x78\xea\xd1\
\xa3\xd1\xac\x74\xa2\xdd\x6d\x7a\x9f\xad\x9a\x2c\x01\xca\xa3\x2a\
\x1c\xd1\x1e\xab\x0d\xb0\x6e\xbc\x41\xc9\xba\x36\x98\x15\x3c\x30\
\x47\x45\x3f\x66\x53\x69\x78\xc1\x99\xb2\x00\xad\x10\x5c\x96\x96\
\xac\x86\xaf\x95\x97\x46\x85\x6d\xf7\x07\xc1\x60\x44\x0d\x1c\xf1\
\x1b\x3a\xe0\x2a\x83\x1c\xf0\x41\xf9\x54\x08\xc4\x5e\x33\xf1\x15\
\x4b\x89\x78\x2d\x58\xca\x57\xf9\xcd\x5f\x26\x50\x06\xf1\x7b\xbd\
\x5e\x1c\xbd\xe1\xb6\x78\xf4\x5c\xff\x47\xbf\xf3\xed\x3f\xf1\x4f\
\xf3\xc9\xd5\xa5\xc4\xfe\x73\x90\xde\xf0\x8d\xf7\xfd\xf3\x23\xcd\
\xb8\xa5\x23\xeb\x01\xe0\x85\x96\x83\x08\x66\x6a\x31\x1f\x01\x38\
\x86\x15\xab\x42\x70\x06\xd2\x40\x0a\xcc\xcd\x8a\x4e\x6b\x13\x21\
\x5e\xd8\xb3\x59\xa5\xef\x68\x7b\x18\xd7\x1a\x53\x67\x0e\x98\xdc\
\x42\xa0\x32\x58\xaa\x72\x19\x21\x12\x92\x56\xcc\x6e\x44\x8b\xb0\
\x66\x5e\xea\x12\x0c\x8c\x74\x31\xb2\xc4\x92\x73\xfc\xe2\xdc\x44\
\x21\x2d\x15\xf0\x72\x90\x97\xd7\x63\x81\x2f\x09\x94\x8b\x0a\xa1\
\x02\xcc\x4c\x1e\x08\x91\xb0\x54\x64\x15\x79\xdf\xa3\x26\xd7\x2f\
\x97\xe1\x17\x3e\x75\xf1\x1e\x08\xf5\xa1\xe1\x61\x64\x55\xe1\x2d\
\x47\x55\xab\xf2\xe7\x1a\x2d\x02\x55\xf7\x09\x00\x41\x94\x9e\x36\
\xd4\x7e\x96\x63\x5b\xa1\x5c\xf9\x0b\xf3\x71\x0f\x2b\xdc\x5a\xb5\
\x65\xd7\x54\x7d\xe7\xf5\x00\xf2\x8e\x59\x5d\x2c\xcd\x3a\xd1\x3d\
\xac\x02\xeb\xc2\x06\x83\xcb\x12\x96\x73\xf1\xa6\xef\x3a\x19\xc7\
\xb6\x46\xaa\xfd\x40\x7d\x91\x05\x5f\xb5\xc5\x3b\x35\x51\x6e\xca\
\xc2\x1e\x89\xcf\x7f\x56\x56\xa1\x72\xd2\xef\xdc\x67\x9d\x39\xba\
\x66\x2f\x40\xbf\xc1\x19\x43\xbe\x56\x24\x2a\x0f\xc8\x1e\x3c\x20\
\x86\x93\x50\xa7\x92\x02\x6e\x3d\x50\x67\xb1\x76\x64\x4a\xca\x64\
\x8b\xe0\x93\x7e\xa0\x08\x81\x19\xf7\x0c\x19\x03\x57\x66\x7a\xd5\
\x81\x0c\x41\x3f\x0a\xa0\x38\x48\xbc\xc4\xc6\x1a\x3b\x66\xe7\xc9\
\x63\xfc\xa7\x14\x9a\x47\x98\x8d\x47\xd4\x89\x11\x99\x16\x58\xdb\
\x38\x72\xea\x9f\xfc\xd2\xbf\xf9\x79\x67\xb8\xca\x94\xad\x5c\x65\
\x7a\xf7\x8f\x7e\xef\xa9\xa3\xdd\xda\xeb\x78\x31\x07\x6d\x0a\x12\
\x61\xfe\x91\x62\x0c\x62\x04\xbf\x51\x87\x06\x91\xcf\x5f\x6f\x61\
\x55\x58\x05\xca\x9e\xb5\xcc\x5d\xb0\x8c\x44\xae\x8e\x8e\x92\x18\
\x02\x90\xf0\x4d\x19\x47\x07\xbb\x46\x9e\xb4\x37\xae\x09\x13\x50\
\x0d\xe5\x11\x8e\xcd\x0c\x64\xc0\x9c\xb3\xef\x14\xc3\x90\x8e\x47\
\xd0\xd8\xca\x07\x12\x49\x68\x34\xe2\x1f\x04\xa2\xa3\x36\x61\x2c\
\x84\x00\xcb\x55\x08\x05\xda\x0c\xe2\x7a\x49\x89\x18\x02\x8d\xc7\
\x33\x98\x9f\x03\x46\xf6\x4c\xb5\x98\x84\xfb\xd4\xcd\x36\x3e\x05\
\xf3\x42\x68\x48\x45\x3d\xac\x46\x15\xf5\xcc\xc4\xe4\x5d\x5b\x5b\
\xf3\x99\xb8\x09\xdd\x09\xcb\xe0\xdf\x7b\xc7\x12\x51\x97\x03\x5f\
\x9a\x64\xa6\x64\x36\x5c\x67\xea\xcb\x91\x9f\x7c\xa5\x18\x38\x0b\
\xe1\xa7\xcf\xdc\xe7\xcd\x46\x14\x8e\x87\x4e\xc5\xa4\x25\xb5\x23\
\x08\xe2\xa0\xd7\x97\x3b\x79\x39\xa6\x8b\xc7\xe2\x5b\xbe\xf5\x48\
\x5c\x77\x6c\x28\x46\xef\xa9\xca\x14\x0e\xe9\x6e\x9d\xc5\x8c\x8b\
\x6a\xcc\x4b\xdd\x38\x7d\x5a\xf4\x9a\x1d\x91\x75\xcb\xd7\x83\xc9\
\x03\xe3\xe3\xe6\xc1\xf8\x32\xcb\xc6\xbd\x85\x43\x74\x00\x0f\x66\
\x52\x1d\x39\x37\xa4\xaa\x21\xa6\x7e\x61\x0d\xa0\xa9\x19\x59\xb8\
\xe4\xad\x47\x5a\xcc\x35\x5f\xca\xa2\xc4\xf0\x71\x5a\x13\x98\x5b\
\xed\x31\x30\x23\xe5\xe5\xb7\x1d\x15\xb3\x32\x8a\x68\x21\x54\x7e\
\xe8\x89\x60\xd4\x6b\x72\xab\x85\x67\x60\xe0\xad\x45\x8f\x60\xa9\
\x0d\x2c\x35\xbc\x46\xcc\x88\xa0\xec\xef\x5e\x8e\x56\x35\x5e\xf6\
\xde\x5f\xf8\xef\x5e\xee\x06\xae\x32\x3d\x27\x02\x72\x74\xbd\xfd\
\xae\xeb\x37\x3b\x25\xaf\x0b\xe2\x0f\xe6\x80\xa9\xd4\x01\x2f\xcd\
\x50\x07\xd0\x86\x8c\x85\xcf\xe5\x1b\x43\x6c\x08\xc1\x19\x62\xc3\
\x64\x9c\x61\x64\x33\xb9\xf2\x83\x0c\x9e\xa3\x69\x20\x88\xb5\x8a\
\x90\x41\x60\x5f\x8c\xa5\x83\x62\xb4\x1c\x44\xc0\x1f\x86\x38\x99\
\x0f\x86\xc7\x7d\x93\x46\x37\x81\x54\x52\xf7\x3d\xab\x0b\x51\xdd\
\x6e\x5a\x1b\x13\x5a\xd7\xb4\x91\xbb\x12\x2a\xbf\xea\xe4\xa0\x0d\
\xea\xe0\x20\x1f\xf7\x78\xce\x6f\xce\x58\x41\x7e\xf3\x72\x90\x85\
\x5c\xf7\x20\x20\x07\xa9\x28\x63\x37\x41\xb0\x71\xed\xe4\x7a\xa8\
\x43\xf1\x02\xfd\x10\x80\xc0\x50\x6f\x60\x55\xb0\x44\xe9\x66\xa2\
\x6c\x0a\x38\x48\xa9\x78\x52\xf9\xd0\x56\x31\x1c\x3e\x96\x5b\x85\
\x35\x1d\x0d\xe7\x12\x0c\xe6\x7d\x2e\xe9\xf7\x17\xe3\x5b\x5f\x7f\
\x34\x4e\x9c\x1c\xa9\xf3\x8a\xbd\x54\xa6\x5c\x42\x80\xc0\x77\x32\
\x2c\xd3\xa4\x8b\xe5\x5a\x9c\x39\x2d\x05\x54\x21\xe6\x58\xd8\x5d\
\xeb\xca\x5a\x62\x05\x11\x4c\xf0\x04\x80\xa6\x99\xb8\x05\x6b\xed\
\xc5\xa6\xfa\xe3\x19\x07\xf0\x60\x01\x12\x56\x04\x81\x81\x06\xe1\
\x60\x25\x10\x68\xf6\xa4\x4b\xf6\x81\xba\x10\x22\x2c\xa2\x71\x2b\
\x41\xb2\x6b\x59\x4a\xfa\xa1\xa4\x9c\x77\x65\x39\xa9\xbf\xa0\x91\
\xdb\x31\x45\x13\xbf\xc5\xd0\x3f\x07\x8a\x07\x0f\x61\x3a\xda\x89\
\x8d\xf5\xee\x4f\x38\xd3\x55\xa6\xe7\x44\x40\xe4\xf0\xff\x47\xeb\
\x6d\x76\xef\x60\x7d\x53\xba\x0e\xea\x32\x3d\xf4\x1b\x79\x9c\x87\
\x07\x3d\xbf\x4f\xc0\x81\xc2\x9c\xa8\xa3\x30\x02\xfe\x25\x2f\x37\
\x81\x7c\xd0\x82\xe6\x20\x3f\x41\x2c\x96\xc0\x08\x59\x31\x0a\x4c\
\x03\x02\xeb\xd2\xb2\x04\x8d\x75\x69\x12\xe6\x1c\x10\x98\x29\x8b\
\xea\xcc\x90\x89\xac\x3c\xa7\x39\x4e\xab\x91\xa3\x65\xe4\x25\x2e\
\x82\x29\x53\x5b\xa6\x56\x86\x70\xe4\xa1\x1d\x8e\x44\x7e\xbe\xe9\
\xe8\xcc\x4a\x10\x9a\x3a\x0b\xa6\x20\x7f\x32\x6f\x3e\x2f\x88\x99\
\xf3\x16\xc9\xc8\x1c\x28\x08\x2f\xc3\x17\xc1\x59\x52\x43\x80\x5a\
\xf4\x85\x44\x0c\x46\x90\xcd\xfb\xf2\x07\xfb\xfb\x0e\xea\xfb\x7d\
\x86\x61\xb3\x4e\xe0\x41\x20\x60\xaa\xa2\x8c\x61\xd4\x3d\x62\x35\
\x34\xfd\x60\x24\xe1\x50\x3d\xfd\x11\xa3\x53\x8f\xc5\x1b\xdf\x74\
\x5d\x5c\x7f\xbd\x62\x8d\xf9\x00\x05\xed\x2e\x30\x84\x0d\x96\xdd\
\x1d\xe1\x67\xbe\xa8\xc4\xa5\x4b\xc2\xc9\xb8\x1d\x55\xb9\x5b\x9e\
\xf7\x10\x4d\xd4\x88\x69\x30\x53\x5c\xd3\x97\x35\x42\x1c\xd4\x09\
\x1d\xc4\x5c\x3c\xa6\x7f\x52\x48\xb2\x2c\xdc\x67\x05\x32\xaf\x2c\
\x2c\xe6\x28\x46\x18\x9e\xd8\x65\xe9\x97\xd9\xfc\x46\xa2\x52\x41\
\x0b\xe0\x4e\x9c\xa9\x09\x29\x4b\x96\x08\x8d\xd5\x0e\xee\x5e\x1e\
\x69\xd1\x89\x53\x66\xa2\x31\xf4\x2a\x94\x52\x81\x07\xf0\xe7\xb8\
\x44\xcf\xec\xa6\xe2\x5d\xac\xf8\xa6\xa9\xeb\x83\x4b\xe7\xe3\x86\
\x63\x5b\x7f\xe1\xc1\x07\x1f\xc4\x54\x5e\x55\xba\x6a\x01\xf9\xeb\
\x7f\xf5\xfb\xee\xec\x34\xab\xb7\x32\x22\x9a\x0c\x9a\xda\x86\x54\
\x74\x08\x26\xf7\x38\xb6\x3a\x8e\x0b\xc2\x9b\x81\xb8\x18\x08\x14\
\xa6\xb2\x60\x2c\x02\xc1\x22\x30\xe6\xa0\x4c\x32\x5c\x6a\x20\x10\
\x43\x9d\x1c\x57\x5c\x14\x13\x5a\x3f\x74\x0f\x86\xc5\x62\x01\x07\
\x9a\x96\x32\xd4\x8f\x5d\xf3\x52\xf1\x15\xb3\x81\x78\x9e\x5b\x78\
\xa4\x95\x0a\x78\xf9\xcd\xdc\x4c\x21\x4c\xaa\x74\x45\x10\x98\xc3\
\x59\xcc\xf8\xf4\xa7\x28\xc3\x19\xab\x56\x58\x24\x88\xc5\xbd\xe2\
\xb0\x80\xa8\x2c\x75\x02\x0b\x6d\x66\xd0\xa9\xf6\xed\x4a\xad\xd6\
\x24\xe9\xcc\x2b\xae\x68\x55\x02\x52\xb4\x37\x79\x69\xdf\xfd\xd2\
\xe1\xa1\x72\x55\x66\x57\xc3\x7d\x96\x5b\x28\xdc\x30\x47\xc3\x1c\
\x4b\x6f\xb8\x2f\x05\xf4\x95\x78\xe3\xb7\x1f\x8f\x1b\x6f\x94\xc2\
\x88\xbe\x08\xcc\x24\xe4\x0a\x78\x25\xe3\x4f\xa0\x97\x14\x7b\xcc\
\xa3\x19\x8f\x7d\x65\x28\x57\xa6\xab\xe0\x5d\xf0\x4a\x8b\xa3\xd0\
\x18\x02\x87\xe1\xac\xe8\xd4\x07\xac\xf0\x48\x8a\x8d\x39\x9c\x62\
\x60\xc2\xf3\x30\x22\x3a\xeb\xa2\x12\x57\x08\x4e\x2a\x1b\x60\xe6\
\xb0\xf5\x51\x82\x26\x2a\xe2\xe4\xbc\xfe\x9d\xca\xaa\xb0\x28\xd0\
\x18\x21\xe2\x37\xf7\x70\xf1\x6a\x95\x2c\xef\x01\x1e\xc1\xc4\x42\
\xc8\xc4\x5f\xf2\x05\x70\x80\x2b\xaf\x88\x56\x7d\x6e\x5b\xcf\x07\
\xfd\x5e\xd4\x67\xbd\x63\x7f\xed\x9d\xdf\xff\xcd\xae\xe0\x2a\xd2\
\x55\x0b\x88\x90\xf4\xda\xe3\x5b\xeb\xd1\x14\xb3\xa3\xf1\xd3\x17\
\xd5\x4f\x31\x20\x04\xa5\x13\x04\x8c\x04\x79\xc5\xe2\x35\x34\x6c\
\x2e\xcc\x4b\x64\xc2\x70\x8c\x8c\xe4\x64\x90\x34\xa3\xdc\x2d\x84\
\x89\xb2\xb8\x50\xd4\x65\x21\x13\x12\x49\xb8\x52\x4c\xfa\xa1\x79\
\xe0\x13\x61\xd5\x6e\x0c\x3f\x19\x2e\xd6\xa5\xdd\x13\x18\x9e\xfa\
\xc8\x03\x5d\x20\x08\x09\x24\x93\x97\xfa\x41\x6a\xc1\xc8\x05\xe3\
\xa3\xa9\xf1\xef\xc9\x07\x8c\xb8\x6f\xcc\xa9\xd8\xed\x41\xc8\xd5\
\x8f\x82\xb8\x05\x53\x98\xf0\x24\x9d\x71\x19\xa8\x8b\x3a\x71\xc3\
\x10\x08\xfa\x80\x15\xc9\x78\x85\x84\x2a\x36\xfe\xdc\x0e\xcc\x44\
\x19\x08\xcc\xb5\x61\x54\x5d\x66\x16\x1d\x45\x7d\x94\x9b\x8a\x51\
\x07\xb2\x98\x3b\x07\xfd\x38\xe8\x8f\x75\x0c\x25\x18\xb2\x42\x93\
\xd3\xf1\xfa\x37\x1c\x8d\x5b\x6f\x45\x59\xb1\x98\x50\xfe\xbc\xf5\
\x7f\x0a\x29\xfd\xf5\x6a\x00\xe2\x0f\xb9\x5b\xa3\x61\x27\xce\x3c\
\x3a\x92\xb5\xee\x48\x18\x18\xa0\xe0\xed\x46\x34\x3b\x4c\x87\x75\
\xa0\x2f\xb8\x4b\x58\x7b\xe6\x9e\x78\x9c\x4c\x0c\x53\x52\xef\xb3\
\x71\x78\x05\x07\x4a\xc0\x4c\x5f\x51\x7a\xcf\x56\x6c\x89\x33\xec\
\x5e\xd2\x81\x44\xdf\x6c\x1d\xd5\xbd\xa2\xef\xe9\x96\xe5\xb5\x47\
\x09\x95\x8f\x4f\xd1\xf9\x5a\x6d\x71\x86\x06\xe0\x84\xb2\xe4\xe7\
\x1e\xd7\xe0\x72\xb0\xb7\x1d\x27\x37\xbb\x6f\x71\x03\x57\x91\xae\
\x5a\x40\x1a\xb5\xf2\x2b\x9b\x0a\x64\xed\xae\xa8\x47\xb8\x92\xe2\
\x74\x69\x47\xb4\xb5\x3a\x88\x46\xd5\x01\xe0\x08\x00\xda\xb6\x18\
\xc1\xa2\xa3\x30\x3b\x01\x3b\xa0\xf0\x0e\x36\x04\xa1\x8e\x62\x22\
\x8d\xf2\xa6\x9a\x12\xc2\x04\x92\xa9\x98\x99\x67\x84\x02\xad\x03\
\xd2\x79\x46\x40\xa7\x3b\x0e\xea\x71\xd1\xd8\x35\x10\xcc\x9a\xa0\
\x20\x52\x42\x08\xb3\x13\x20\x42\x0c\xee\x99\x0a\x2b\xc2\xf2\xf2\
\x0f\x4c\x02\x61\x39\x20\xdc\xb3\x99\x3f\x09\x99\xc3\x8c\xf8\xe8\
\x68\xfc\xa2\x6e\x12\xbf\x81\x07\x78\x29\x53\xb8\x44\xe4\x87\x78\
\xc0\xa8\xa6\x0d\x37\x02\xc7\x46\xd8\xc5\xe4\x1f\x2e\x0a\xf9\x6c\
\x5d\xac\x4d\x89\xbf\xd2\xe2\x14\xee\xa2\x90\x63\x76\xe7\x9d\xf8\
\xb1\xea\x66\xa6\x7d\xc4\x90\x79\x4c\x62\xd4\x7f\x2c\x1e\xfc\xd6\
\xe3\x71\xfb\x1d\xb2\x88\x04\xe3\x33\x1d\x0c\xe7\xe2\x5f\xa9\x4c\
\x5a\x11\x4a\xab\xff\xbc\xeb\xbd\xac\x2a\x38\x97\x00\xcd\x37\x84\
\xb3\x9a\xdc\x56\xb5\x43\x2e\xb5\x0d\x3e\x61\xec\x82\x01\x49\x7f\
\x96\xc1\x57\x0c\xaf\x3f\xe8\x0e\x75\x18\x5d\xe3\xbe\xc0\x76\x1e\
\x12\xd7\x85\xe0\x93\xbf\xc0\x03\xb8\xe7\x9a\xe7\xe4\xa5\xaf\x10\
\x3b\x07\x49\xd2\xca\xa3\x38\xb8\x36\xdd\x8c\xc7\x54\x60\x79\x30\
\xe2\x89\x25\xe3\x95\x6c\xac\x77\x7a\x52\xe4\x05\x4f\x1b\xeb\x9b\
\xa6\x7d\xa3\xb2\x7c\x93\x1f\x5c\x45\xba\x6a\x01\x91\x74\x7f\x8f\
\x57\xeb\x02\xb0\xfe\xf0\x65\x0b\xc6\x2e\x26\x92\x20\x3a\xcc\x81\
\xa0\x90\xfc\x5b\x88\x80\x09\xcd\x34\x42\x14\x82\x62\x0d\x00\x72\
\x41\xdc\x0a\xa9\x20\x98\xea\x07\x12\x2c\x8f\xbb\x2b\x2d\x11\x3e\
\x08\x6a\x66\x4c\x42\x90\x87\xb2\x39\x8a\x25\x22\xd1\x36\x87\xea\
\x81\x09\x8b\x5d\xd9\xd3\x94\xe7\x88\x15\xd7\x04\xec\x30\x82\x9a\
\x32\x9c\x10\x80\x04\xdc\x16\x3a\x23\x3d\x85\x80\x76\x12\xd6\xcc\
\x57\x08\x0b\xcf\xc9\x5f\x5c\x67\xf0\x5e\xf8\xd3\x94\x4d\xdf\x9d\
\xfa\x11\x0e\xdc\xc8\x14\xee\x67\x34\x21\x07\x75\xa8\x7a\x2f\xef\
\x07\x1f\xea\x59\xb6\xa9\xb2\x0c\xdf\x02\x2b\x73\x39\x83\xbe\x62\
\x39\x31\x30\x43\xbb\xac\x68\xdd\xdb\x7e\x34\x5e\xfe\xaa\x76\xdc\
\x76\x27\x4b\xde\x79\x55\x35\x2d\x25\x09\xc1\x00\x37\xb4\x4f\xdd\
\x58\x00\x51\x47\xb8\x69\xc5\xd9\x27\x60\xe8\xa6\xe8\xa5\xbe\x81\
\x1b\x1d\xbc\x26\xec\x1d\x64\xa4\x00\xe8\x7f\x31\x82\x46\x7b\x45\
\x7f\xe8\x23\x56\x81\x04\x7c\x65\xe5\xab\x2a\x76\x21\x0f\xdf\x72\
\xcf\x7e\xa4\x55\xa1\x7f\x9c\xa9\x9b\xc4\x35\x96\x1d\x2b\x5b\xe0\
\x94\xe7\xd0\x19\xa5\x0a\x4f\x80\x0b\xe3\x8c\x58\x44\xcf\xb3\xbd\
\x1c\xcc\x00\x27\xd4\x7f\x45\x6f\x8a\xd9\xe0\x0b\x78\x85\xb2\x28\
\x13\x1e\xe0\xfa\x75\xdb\x95\xbb\xdf\xf3\x9e\xff\xec\xaa\x3e\x1c\
\x74\x55\x02\xf2\x83\x3f\xf8\xe6\xf5\xca\x72\x71\x03\x7b\x2c\x81\
\x48\x00\xf4\x64\x9a\x80\x45\x18\xf8\x1d\x65\x05\x4e\x42\x36\xf7\
\x88\x53\x1a\x92\xf6\x62\x2b\x4e\x5c\x30\x16\xea\x61\x59\x60\x1a\
\xf2\xd8\x1f\xe2\xd0\x3f\x46\x25\x40\x10\xfe\x2e\x7b\x5e\x21\x0f\
\xbc\xa3\xac\x9b\xf6\xdf\xb9\x7f\xa0\xe0\x9f\xa0\x10\xcd\xc1\x30\
\xdf\x54\x1a\xd5\x43\xbe\x62\xa8\x0a\xee\x16\x8d\xaa\x2d\xb4\x0c\
\xa3\x46\x19\x7f\x30\x44\x9a\x0c\x90\x0c\xae\x8a\xa1\xb7\xea\x2d\
\x84\xac\x60\xd8\x82\x88\xcc\x75\x14\x56\x85\xc4\x99\x3c\xa4\x82\
\x89\x0c\xbf\xfa\xcc\x84\x99\xdd\x08\x60\x77\xbf\x10\x20\x5c\x00\
\xf9\xf4\xc6\x8d\x15\x8b\x2d\x81\xdf\x0d\xd7\x01\xd3\x50\x7e\xb1\
\x14\xdc\x62\x14\x84\xa9\x60\x16\xf0\xc3\xc2\x3f\x26\x0a\xd1\xa6\
\xe0\x0d\x01\x62\x1b\x9f\xd1\xc1\x13\x71\xef\x7d\xa5\xb8\xeb\x6e\
\x56\x05\xec\x2b\x28\x67\xa9\x8d\xf0\xbe\xc4\x45\x93\x20\x08\x97\
\x74\x8d\xed\x7c\x60\x1c\x16\x75\x4a\x8d\xc5\xf9\x73\xb2\x92\xa3\
\x56\x34\x6b\x5d\x2f\xb0\xe4\x95\x02\x14\x0b\x30\xc3\xc4\x24\xfa\
\x08\x0c\xc0\x57\x5c\x93\x10\x32\x62\x11\xc5\xd8\xc1\x3b\xfe\x2c\
\x19\x26\xe0\xf6\xb2\x7e\x7b\x02\xab\x81\x1a\x0b\x08\x02\x95\x23\
\x93\xf4\x8f\xba\xf0\x22\xa8\x8b\xdf\x0c\xa3\x33\xd4\xab\xac\x3e\
\x08\xee\x99\x3c\x64\x68\x17\xcd\x00\x5e\x9f\x2d\x60\x02\x4f\xe5\
\x18\xe5\xc4\x25\x93\x70\xd9\x55\xe4\x5d\x97\xb4\x4e\xd4\xe9\xf8\
\x8d\x18\x57\xf4\xbf\x71\xe3\xe8\xdd\x2e\x78\xc8\x74\x55\x02\x72\
\xb4\xb5\x76\xe7\x74\xd8\x2b\x6d\x6e\x6e\x5c\xd9\xcc\x39\x99\x4e\
\x8c\x23\x7c\xb3\x3c\x9d\x09\x40\x18\x03\x77\xc4\xc3\x9a\xea\x00\
\x1a\x96\x0e\x59\x98\x54\x0f\x73\x04\x30\x02\x08\xbc\x42\x10\x61\
\x02\x9f\xbd\xd0\x5c\x0c\xc1\xb2\x4c\x05\x44\xf1\x9c\x03\xd2\x53\
\x2f\x65\x58\xd4\x48\x3e\x15\x5c\x21\x9d\xe0\x3c\x89\x8a\xf0\x11\
\xfc\xa2\xe9\x10\x34\xee\x51\x06\x38\xfc\x4e\x35\x9d\x81\x39\x55\
\xb7\x2d\xcc\x4a\xeb\x81\x70\xde\x7c\x64\xa2\x8f\xbc\x46\xbc\xee\
\x51\xbe\x20\x38\x0c\xc5\xc1\x75\x61\x71\x38\xe7\x81\x7b\x94\x56\
\xb0\x20\x32\x56\x95\x60\x93\xfe\x15\xe5\x10\x0e\x70\x67\xf7\x6e\
\x9c\x9f\x82\xa6\x3c\xcf\xb1\x18\x08\x12\xf5\x8c\xc0\x87\xfa\xbd\
\xdb\xdb\x8f\xe5\xe4\x20\x06\xbb\x4f\xc4\x7d\x2f\x29\xc7\x7d\xf7\
\xf3\x12\xda\xbe\x38\x67\x68\x9c\x90\xb0\x1b\x08\x66\x89\x85\x8f\
\x4b\xb0\xac\x84\x76\x2d\xb5\x24\x34\xad\x78\xec\xb1\x81\x60\x5a\
\x8f\x8d\xce\x5a\xe2\x4b\x42\x49\xfc\x96\x2e\x5e\xba\x3d\x1c\x68\
\x62\xfa\xcb\xbd\x42\x21\x00\x4b\xb3\xd1\x54\x7b\x6a\x0d\x7c\xe9\
\x1a\x65\x86\x55\x40\x31\x3e\x63\x95\x25\x10\x82\x9f\xfe\xbb\x2f\
\xaa\x87\x83\xc4\x3d\x8f\xe8\xa9\x6f\x8c\xd8\x31\xeb\x3f\x1c\x10\
\x9f\x31\x6f\xc5\x1b\x76\xc0\x9f\x34\xa1\x2c\xbf\xbd\xca\x41\x09\
\xdc\x30\x6d\x80\x72\x81\x1e\xc0\xa9\xc7\xe6\x0f\x86\xbe\x8d\x67\
\x29\x10\x86\xcc\xaf\xbb\x6e\xe3\x1b\x5c\xe8\x90\xe9\xaa\x04\x64\
\xd8\xef\xbf\x7c\x3a\x19\x09\x30\x62\x0a\x49\xb3\x84\x7e\xc6\x07\
\x65\x84\x2c\x16\xb9\x31\x01\xd6\xa8\xb7\x3d\x4c\x3b\x96\xa0\x14\
\xc3\x79\x74\x18\x84\xc3\xfc\x36\x16\xca\x47\xdf\x61\x10\xbf\x59\
\x28\x04\x30\x59\xc6\xd8\x7e\x0f\x93\x8d\xa6\x35\x62\x09\x24\x19\
\xa5\x82\x98\x4c\x56\x09\xf1\x22\x10\x43\xbd\x94\x07\x61\xf8\xe5\
\x33\x7c\x3c\x25\x0b\x91\xda\x22\x31\x50\xc0\x35\x84\x05\x81\x10\
\x10\xc4\x52\x1f\x81\x37\x6d\x32\xd2\x25\x72\x58\xbb\x17\x0c\xc2\
\xe1\x98\x40\x84\x20\xa5\xa0\xe7\xb0\x23\x75\xd8\x5d\xd0\xef\x14\
\xd2\x67\xdc\x90\x82\x70\xe4\x25\xb9\x4f\xab\x6b\x98\x83\x91\x21\
\xf6\x02\x63\x34\xce\xdb\x02\xa9\x4d\xcf\x1c\xab\x1f\x82\x20\x19\
\x42\x07\xf9\x81\x1b\x17\x93\xf5\x68\xec\x38\xc9\x9b\x90\xa3\xfd\
\xb3\x71\xcf\x7d\x11\xf7\xbd\x6c\x53\x0a\x80\xd7\x60\xa5\xa5\xc5\
\x1c\xe0\xc3\xee\x0f\xff\x58\xc6\xbe\x28\x04\x85\x81\x09\x29\xa8\
\x65\x4b\x56\xb7\x1e\x17\x2e\xe0\xe7\xcb\xf2\x37\x60\x6e\x37\xaa\
\x84\x43\x46\xac\x28\x2b\x2b\x4b\x86\x66\xf7\x7b\x2d\x2b\x7c\xb2\
\x79\x82\x28\x97\x4c\xab\x6b\xe0\xc2\x7d\x85\x36\xdc\x23\x81\x43\
\x14\x5b\x45\x65\x55\x93\xee\x80\xcf\x1c\x84\x20\x7f\xd1\x2f\x70\
\xe7\xd5\xdb\x7a\x4e\x1f\xa1\x13\x5b\x3a\x91\x0f\xdc\x71\x50\x67\
\xe2\x5f\xf5\x0b\x1e\xdc\x65\x12\xed\x61\xf5\x99\x20\xa6\x1c\x79\
\xa9\xd3\xfb\x04\xe8\x19\x4a\x8f\xd7\x99\xf7\xf7\xb7\xd5\xe3\xd2\
\xad\x2e\x74\xc8\x74\x55\x02\x52\x2d\x97\x6f\xdb\xec\xb6\xe3\xe8\
\xd6\x86\x35\x38\x4c\x82\xb5\x80\xc8\x9e\x8c\x13\xf3\x91\xb0\x14\
\xac\x8d\x42\x0b\xd3\x11\x08\x08\xd3\x71\x80\xe9\xe2\xdd\x86\xc1\
\x40\x41\x2b\xcc\x2b\x84\xe0\x4e\xb0\xea\xd7\x8b\x1c\x95\x60\x70\
\x18\x08\x6b\x80\xa6\x22\xf1\x5d\x71\x48\x8a\x60\xa1\xad\x61\x74\
\x36\x99\x43\x10\x49\xb4\x05\x82\x41\x74\x81\x6c\xce\x10\x84\x67\
\x20\x97\xeb\x67\xc7\x0b\xd4\xa1\x47\x66\x80\x82\x09\xb8\x4e\xa2\
\xa4\xff\x4d\x59\x12\xc4\xe4\x9a\x7e\x17\x6d\x90\x19\x86\xa0\x1c\
\x7d\x00\x6e\xc7\x4e\xba\x0f\x21\x49\x39\x5a\xa7\x1f\x62\x3c\xd7\
\x21\x77\x05\x5c\xb0\xf3\x23\x78\xa4\xce\x2b\x82\xad\xba\xa9\x87\
\x6b\xc6\xfd\xe7\x93\x7e\x1c\xec\x3c\xaa\x78\x63\x1e\x2f\x7d\xd5\
\x31\xf5\x97\x1d\x29\x11\x4c\x59\x99\xb2\x34\x2d\xe7\x92\x60\x16\
\xb3\x00\x26\x30\xeb\x97\xeb\x22\xf6\xc0\xed\x3a\xf3\xd8\x50\xae\
\xd8\x66\xd4\xe5\x9e\xc0\x00\x08\x39\x8a\x22\xf7\xd7\x45\xa0\xc5\
\xd4\x2a\x97\xee\xb2\x70\xa2\x83\xdf\x58\x3f\x18\x93\x67\xc4\x08\
\x89\xab\xc4\x23\x30\x73\x90\x60\xfe\xb4\x44\x79\x8f\x03\x1c\x14\
\xf9\x8d\x27\x63\x57\x70\xe9\x44\xfd\xec\xeb\x0b\x5a\x78\x06\xee\
\x0a\x05\x63\xfc\xab\x1c\x70\x15\x53\x02\xc0\xcb\xb9\xc8\x83\x2b\
\x87\xeb\x09\x3b\xf3\x55\x61\xe8\x0b\x6e\x59\x32\x33\x5b\xce\xee\
\x00\xa6\xc3\xa6\xab\x12\x90\xe5\x7c\xb6\x89\x82\xd9\xde\xbe\xe4\
\xe0\xcc\x1a\x50\xc9\x48\xd3\x7d\x6f\x7e\x26\x60\x3d\x0a\xa1\x6b\
\x3a\x06\x32\xe9\xa8\x27\x15\xa5\xd5\x40\x0e\x07\x6f\x14\xb2\x3f\
\x2e\x2e\x05\x9f\x11\xb3\xd5\x41\x70\x56\x89\xb2\x30\x7f\x5d\x08\
\x40\x93\x02\x38\xc1\x65\x81\xac\x34\xe9\xe0\x3b\x09\x59\x68\x25\
\x6e\x1a\x61\xfa\xed\x21\x4b\xca\xea\x8c\x50\xf1\x18\x53\x8c\xe6\
\xa7\x3c\xf9\x60\xd8\x02\xfe\x0c\xe4\xd3\x0a\x15\xc4\xe0\x19\x75\
\x40\xc8\x82\x39\x48\x94\xe3\x1e\x79\x48\xe4\x61\xc8\x16\x81\x2f\
\x2c\x03\x75\x98\xe0\x22\x1e\x32\xc3\x91\xbb\x9a\xa8\x0e\x18\x45\
\x42\xce\x47\x3e\xbd\xa1\xb3\x6e\xb0\xf3\x63\xa1\x2c\x06\xfd\xa1\
\x84\x63\x2c\xe1\x78\x2a\x6e\xb9\x6d\x1e\x2f\x7b\xed\x51\xe1\xec\
\x40\x38\x18\xa9\x35\x60\xa1\xc2\x84\x25\xe1\xc2\x05\x4d\xa1\x75\
\x98\x2e\x1c\x7b\x8f\xab\x69\x33\x9e\x3e\x0b\xfe\xda\xb2\x62\x08\
\x2c\x65\x60\x70\xb5\x29\x4b\xae\xc2\xea\x43\x32\x31\x42\x0b\x73\
\x43\x3f\xde\xf0\x44\x38\xc8\x43\x1f\x28\x86\xe0\xd1\xd6\xb3\xb5\
\x7e\x71\xad\x93\x13\xf1\x06\x16\x59\xcd\x0b\x5e\xfd\x27\x38\x13\
\x3e\x9a\xa5\x1d\x70\xb5\x82\x53\x37\x0b\xdc\xe2\x9a\x93\xc0\x67\
\xae\xc1\x4a\x0b\xc4\x33\xca\x03\x17\xf9\x11\x1e\xde\xa3\xa1\x3a\
\x14\x13\x34\x24\xee\x61\x2e\x64\x5d\xca\xf5\xc4\x89\x23\x47\x5c\
\xd1\x21\xd3\x55\x09\x88\x5c\x9f\x9b\xf2\xf5\xd9\x64\x20\x03\x2f\
\x89\x29\x34\x1e\xc0\x66\xb0\x9c\x2e\x09\x0c\xcf\xcc\x34\x7e\x32\
\x16\xa6\x70\x5b\xd0\x92\xb8\x69\x42\x9b\x99\xa9\xf0\x2d\x29\xef\
\x67\x16\x94\x44\xde\xfe\xc1\x41\xde\x93\x19\x47\x00\xa9\x07\xb3\
\xce\xf2\xe7\xd4\xbe\x59\x96\x37\x19\x79\xb9\x0a\x44\x82\x50\xee\
\x01\x53\x11\x47\xa0\x19\x39\x93\xc8\x43\x9d\x5c\x5b\x70\x74\x2f\
\xe7\x69\xd4\x1f\x11\x80\x44\xd9\x82\x71\x38\x9e\x61\x8a\x67\xac\
\x11\xf0\x42\xd0\xac\xff\x19\xe6\x81\x95\x28\x43\xbf\xf9\x63\x32\
\x92\x6b\x70\x93\xee\x8b\x18\x11\xa6\x53\x7e\x70\x42\x20\xcd\x30\
\x36\x6e\xe9\x70\x3a\x8e\xfe\xb0\xa7\x32\xbd\xb8\x7c\xe1\xf1\x38\
\x71\x72\x37\x5e\xfe\xba\x63\xc2\xd3\x40\xc5\x72\x87\x49\x70\x83\
\x30\xe4\x94\xb9\x9b\x13\x3c\x08\x85\xfa\xed\x38\x88\x1c\x58\x81\
\xae\x84\x83\xef\x74\xf0\x51\x1f\xe6\x79\x80\x3b\x19\x0e\xcd\x6b\
\x66\xd4\xc1\x7e\xc7\xb8\x29\x30\xb5\x47\x92\xa8\x1d\xb7\x4d\xf9\
\xc0\x15\xca\x84\x9d\x60\x8a\xbe\x92\x2c\x34\x4a\x66\x5a\xdd\x43\
\x09\x02\x48\xa7\xbb\xa6\x9b\xe2\x09\x05\xd5\x39\xf3\x9e\x30\x91\
\x0f\x1c\x40\x0f\xdc\xea\xc2\xad\xa5\x3e\x9e\xe1\x56\xa3\x30\x3c\
\x6f\xa6\xf6\x59\x84\x28\x0d\x67\xfc\x14\xb8\x35\xce\x04\x1f\x23\
\x68\x05\xdd\xe0\x3d\xe2\x90\x91\xe2\x9a\x73\x67\x9f\x8c\xa7\x9f\
\x3a\xf7\x42\x03\x76\xc8\x74\x55\x02\x52\x29\x2f\x6b\x6b\x1d\x7c\
\x7a\x31\xa1\xc0\x33\xd0\xea\x34\x9d\x33\x61\xd4\x61\x98\x86\x0e\
\x83\x5c\x12\x48\x61\x57\x45\x98\x9a\x3c\x2c\xb2\x93\x9b\x6c\x8b\
\x51\x55\x70\x0a\xa3\x12\xf4\xa1\xd5\x21\x06\xf9\x39\x20\x7a\xe1\
\xb2\x15\xc4\xc0\x55\x39\x90\xa6\xc0\xea\x40\x44\x88\xc2\xb2\x8d\
\xbd\xbd\x5d\xe5\xc7\xf7\x4d\xa4\xa3\xc5\x80\x01\xe4\x53\x3f\x70\
\xc2\x32\x8c\x6c\xc1\xf4\xb4\xc3\x3d\x9e\x41\x7c\x65\x56\x1b\x0c\
\xc9\xca\x32\xe9\x19\x44\xf1\x00\x84\x82\x58\xf2\x41\x0c\x60\xa0\
\x1c\xcc\x5d\xdc\x2f\x92\x99\x5f\xf5\xb8\x2e\x04\x80\x3e\xd2\x0f\
\x3d\xf3\xc6\x0d\xe2\x3c\xfa\xed\x11\x1e\xde\x9f\xf0\x92\x9b\xa9\
\x95\x04\x75\x03\xa7\x7d\x79\x95\xe1\x3d\x96\xc9\x70\x26\xcb\xf1\
\x74\x9c\xbc\x7e\x37\xbe\xe9\xf5\xd7\x47\xad\x39\x52\xdf\x07\xca\
\x43\xfd\xd2\xaa\xb6\x16\x20\x51\x42\x60\x41\x48\x4b\xc7\x41\x3d\
\x3c\x5b\x2c\x14\xaf\x2d\x3a\xf1\xf8\x57\x14\xaf\xc8\x7a\xb4\xd4\
\x0e\xb1\x07\xae\x0f\xb8\xc1\x5a\x62\x8d\x8b\xb7\x20\x79\x23\x92\
\xd5\xd1\x68\x7d\xf0\xce\x80\x0b\x23\x53\x24\xf7\x55\x65\xe8\x13\
\x38\x00\x17\xe0\x99\x7a\xa0\x5d\x06\xdf\xc4\x2c\x28\x23\x06\x2e\
\xb8\x0f\x2d\x18\xe0\x20\x4e\xcc\x36\xa9\xc7\x33\xf1\x54\x8a\x22\
\x62\xf4\x0e\x71\x50\x90\x45\x5c\x36\x12\x4c\xec\x81\x8c\xa0\xe0\
\x55\x64\x2c\x9a\xca\xc5\xed\x72\x8d\xf5\xd1\x61\xfa\xab\x8c\x79\
\x44\xf5\xb6\xd7\xd4\x76\x75\x19\x1b\xeb\xad\xe3\x7c\x49\xc0\x80\
\x1f\x22\x5d\x95\x80\xd4\xab\xf5\xf6\x86\xbf\x18\x4b\x7c\x80\xe6\
\x43\x1b\x27\x43\x83\x08\x10\x07\x12\x18\x7e\xb5\x76\x17\xf2\x59\
\x6a\x82\xc9\xc6\xf5\x80\x08\x74\x0e\x86\x00\x91\xb6\x34\x0a\xee\
\xe6\x22\x38\xcc\xc5\xbb\x0e\x36\x9b\xea\x38\x08\x61\x04\xcc\x9f\
\x51\x13\xb1\x10\xbe\xc2\x35\x32\xb2\x54\x9f\x87\x8a\x75\xbf\xdd\
\xe9\xda\xa7\xb5\x00\xea\x7e\x41\xbc\x2b\xda\x09\xb7\x45\x84\x21\
\x18\x85\x29\x8a\x25\xe3\xc0\xcb\x7d\xf2\x53\x27\x01\x3d\xfb\xc3\
\xb2\xab\x62\x96\x4d\x4b\x61\x06\x51\x42\xa0\xe8\x17\x81\x2a\xae\
\x98\x17\x5e\x42\x28\x11\x89\x3a\x38\xa6\x7a\xae\x87\xb0\xaf\xe3\
\x11\xd6\x4d\xa9\x32\x61\x9e\xc5\x89\xd2\x7a\x92\x1a\xf0\x01\x03\
\x49\x4b\xa8\xaf\x75\xe1\x49\xf1\x98\xca\xf5\x78\x4d\x58\xf0\x0c\
\xf6\xcf\xc4\xb1\x13\x7b\xf1\xba\x37\xde\x1c\x95\x06\x93\x64\x0c\
\x75\xa7\x70\x3a\xee\x30\x38\x16\x3f\xb5\x83\x60\xa8\x2e\x60\x45\
\xaf\xe8\x59\xc6\x11\xf5\xe8\xed\x2e\xe2\xc2\x53\xc2\x53\x99\xa5\
\xfb\xca\x27\xa6\xcc\xe1\x6f\x04\x8b\x61\xe4\x7c\xe5\x20\x71\x8e\
\x6b\xcc\xa0\x80\xf0\x87\xe0\x09\x6c\xfa\x0a\xbe\x0a\x5c\xd0\x5e\
\xae\xc6\x95\x55\x14\x9c\xe0\x0c\x85\x92\xf3\x38\xf9\xdb\x03\x27\
\x3a\x83\xdb\x82\x1f\x78\x49\x0c\xdc\x40\x1b\x96\xb0\xb0\x3e\x0f\
\xb8\x89\x96\xa0\x35\x16\x88\x72\xc6\xb3\x70\x71\xb0\xb7\x9f\xdb\
\x29\xe9\x37\xf4\x25\x79\xae\x89\xdf\x74\x52\x89\xba\xb0\x86\x28\
\x20\x68\x40\xff\x79\x2f\x7f\xad\xd3\xa8\xdc\x73\xea\xd4\x86\x33\
\x1d\x22\x65\x6b\x87\x4c\xcb\xc5\xec\xa6\xdc\xcd\x50\x48\x85\x19\
\xd0\xba\xd2\x12\xd6\x80\x02\xb8\xd0\xc8\xc5\xb6\x9d\x68\x0a\x10\
\xc0\xac\xab\xb7\xbe\x59\x31\x2d\x5a\x07\x4d\x4e\x59\x18\x15\xa2\
\xe1\x8b\xbb\xb3\xee\xb8\x98\x1a\x84\xc3\x6c\xd4\xa1\x3c\x08\x07\
\x65\x8b\xb6\xd0\xc4\x8b\xe5\x33\x04\xcc\xa0\x0d\xe6\xc0\xbd\x4a\
\xd7\x87\x84\x86\x86\x61\xa8\xc3\x78\x5c\xc1\xc0\x99\x7b\x58\x21\
\xca\x90\x9f\x7b\xd4\x47\x62\xdb\x4b\x16\xee\x91\xdc\x9e\xe0\x21\
\x99\xe0\xae\x07\x81\xa1\xff\xd9\x4e\xa1\x55\x8b\xb9\x1c\xe0\x75\
\x26\xf9\xf0\xe0\x84\x9f\x68\x59\x98\x0e\xc1\x61\xb7\x7a\x3e\x2f\
\xb0\xb3\xbb\x6b\x37\x12\x05\xc3\xeb\x02\xcb\xe1\xe5\xb8\xfe\xfa\
\x71\x7c\xf3\xeb\x6f\x51\xcc\x20\x3c\x4e\x58\xcc\xc8\xfa\xa9\x74\
\x8d\xbc\xf0\x12\xd6\x52\xc0\x2d\xcc\x00\x91\xdb\xcf\x04\x6c\x30\
\x11\x34\xaa\xc7\x93\x0a\xce\x47\x93\x4d\xe1\x17\x0d\x9f\x16\xd7\
\x16\x0b\x45\x42\x7d\xf4\x59\x7f\x89\xb3\x8c\x39\xc0\x15\xb0\x00\
\x33\xee\x10\xfd\x4a\x9a\x64\x4c\x05\xce\x50\x2a\x57\x12\xfc\x20\
\xcb\x48\x22\xf0\x77\x52\x66\xea\x04\x97\xe0\xc2\x8c\xa0\x44\x3d\
\x1c\xc6\x99\xee\xf3\xdb\x78\x63\xc4\x4d\xd7\xfc\x86\x0f\x78\x21\
\x8b\x04\xfd\xc9\xcb\x01\xdc\x24\x04\x8b\x72\x45\x5a\x30\x32\x26\
\x5e\xc3\xcd\x52\x46\x8f\x84\xce\x3b\xd5\xa3\xab\xc7\x5f\x75\xca\
\x9e\x1c\x32\x49\xd2\x8f\xcf\x61\x36\x34\xa1\x10\xc3\x5b\x66\xac\
\xe5\xe7\x70\x80\xaa\x0e\x3a\x78\x95\x95\xb0\xe9\x45\x3b\x70\x16\
\xa2\xac\x95\xe8\x98\xcc\x7c\xbd\x25\x73\xaf\xb2\x58\x8c\xde\xc1\
\x20\x26\x23\x69\x76\x88\xb7\x62\xce\xd4\x14\xe9\x97\x53\x27\xc8\
\x64\x01\x9b\x47\xb4\x60\x74\xd5\x99\x82\xa5\x7a\x24\x5c\x2e\x03\
\xf1\x4c\xe4\x7c\x39\x0b\x66\xb0\xe5\xc2\x24\x9b\x28\x3c\xcb\xbc\
\xb8\x00\x3c\x87\x80\xc0\x67\xc2\x08\x3e\x0b\xa5\x99\x79\xe9\xf7\
\x3a\xe0\x3d\xea\x27\x0f\xfd\x82\x61\x8a\x98\x26\xeb\x11\xf3\x88\
\x99\xf8\x68\x0f\xcf\x73\x42\x0c\xd7\x09\xb7\x51\x78\xd2\x01\x63\
\x7b\x22\x51\x38\x82\xe0\x5e\x0d\xa0\xf6\xbd\xe8\x50\x65\x61\x5c\
\x36\xb2\xc6\x12\xcf\x87\x17\xe2\xe8\xd6\x6e\xbc\xf6\x5b\x6f\x93\
\x5b\x35\x55\x59\xde\x06\x44\x38\x70\x4b\xc4\xa4\x6a\x0f\xa0\x1c\
\x1f\x14\x07\x70\xf0\xd3\xac\xce\x53\x86\xaf\xeb\x31\xe9\x57\xe3\
\x2b\x0f\xf7\xa2\xd5\xdc\x14\x73\x29\xe6\x10\xbe\x8b\x0d\xde\x26\
\x63\xc5\x89\xc2\x13\x81\x3d\xef\xcd\xa8\x7b\xc6\x9b\x63\x49\xd5\
\x01\x9d\x50\x76\xfe\x86\x0b\xf4\xb3\x05\xa7\x9d\x14\x16\x70\x0f\
\x8e\xb8\xcf\x6f\xbf\xea\xaf\x7e\xb1\x97\x40\xd2\x09\x18\x99\xcf\
\x11\xdd\xe4\xaa\x92\x70\x8f\x1b\x4d\x70\xd8\x30\xbe\x71\x97\xf8\
\x6e\x89\x05\x88\xe7\x2b\xde\xa1\x6d\x62\x25\xdc\x41\x98\x9e\xf7\
\x45\x80\x05\x9c\xd3\x9e\x71\xae\x3c\x94\x73\x3c\x85\x55\xf5\xc1\
\x10\x76\xc6\x55\xd7\x6f\x75\x4f\xb9\xd2\x43\xa4\xab\x12\x10\x31\
\x67\x65\x20\xf7\xaa\xbb\xb6\x61\x60\x3d\x51\x24\x41\x31\x02\x85\
\x64\xbe\xe0\xb4\x14\x53\x32\x36\x8f\xc6\x45\x8b\xc2\x74\x74\x06\
\x82\x00\x3c\xf7\xe9\x30\xcc\x04\x83\x36\x60\x78\x75\x18\x04\x81\
\x5c\x0b\xd8\x0a\x01\xe4\xe7\x37\xcf\x8a\xeb\x22\xf1\xb5\xa9\x7e\
\x2f\x63\x0d\xea\x74\x1b\x08\x89\xea\xe3\x6c\x4b\xa6\xf6\x39\x18\
\x71\x43\x63\x42\xa4\xc2\xe2\xe5\xb0\x64\xba\x03\x94\x85\x11\xb8\
\xcf\x6f\x12\xbf\x71\x01\x08\x29\x8a\xd1\xad\xa2\x7d\xca\x91\x1f\
\xd8\x68\xa7\xb8\x86\x3d\x73\x47\x96\x1c\x08\xe0\x1e\xf8\xa9\x89\
\xbb\x60\x22\x12\xb9\x3c\xec\x2b\x06\xe0\xa0\xbd\xe9\x74\x14\x83\
\xbd\xd3\xb1\xb5\xbe\x1b\xdf\xfc\x86\xdb\xe4\x32\xf2\x26\xe0\x8e\
\x98\x15\x57\x44\x44\x13\x63\x73\x50\x5f\xb6\xa2\xc7\x2b\x38\xd5\
\x7b\xfd\xb7\x72\x47\x74\x8b\x79\x90\x4a\x69\x2d\xce\x3e\xc1\x56\
\x40\x9d\x68\x29\xce\x13\x5a\x2d\x8c\x4e\x34\xab\xbe\x91\xa8\xc3\
\x0b\x40\x71\xcd\xf8\x5b\xc1\xcb\xca\x04\x46\xb1\xf0\xef\x4d\x43\
\xf5\x0f\xa5\x97\x7d\xa4\x1c\xc2\x9a\x8a\x87\x3a\xc0\x0b\xb4\xb3\
\xf5\xa4\x32\xea\x52\x3d\xfe\x46\x8b\xda\x85\x26\x1e\x4e\x5e\xa6\
\x95\x42\xe9\x30\x84\x9d\xef\x9d\x8b\x4f\xa4\xd0\x6c\xb9\x55\x57\
\x0a\x48\x8e\x2e\xb2\x02\x83\xc9\x4c\xda\xb1\xbb\x2a\xde\x03\x04\
\xde\x62\xe4\x73\x16\xc2\xf2\x15\xdc\xb3\x78\x33\xf7\xeb\x5a\x44\
\x6b\x4d\x1a\xfc\x90\xe9\xaa\x04\x44\xda\xaf\xcc\xe6\x09\xf8\xce\
\xc5\xbb\x01\x73\x69\x47\xbe\x2f\xc1\x46\xd5\x8c\xea\xe1\x3a\xa0\
\x95\xfc\xf9\x33\x21\x8a\xf5\x51\x8c\x30\xb0\x70\x10\xc2\xa4\x4b\
\x03\xf3\x29\xa6\xf0\x7e\xaf\x69\x15\xcc\xd0\x12\x1a\xa9\x0d\xc7\
\x1e\x24\x90\x0f\xe2\x40\x02\x42\x45\xe7\x71\x0f\xd2\x74\xa3\xf5\
\xc4\xe8\x42\x30\xc8\xcc\x03\x0d\x03\x82\x73\xf6\x3b\xad\x8c\xb4\
\x96\x62\x0b\xb6\x0f\x2d\x62\x0f\x90\x4c\xdd\x45\xde\x24\x06\x42\
\xee\x07\x6a\x5f\x42\x83\xb6\xd5\x35\xfe\x39\xed\xa1\xb5\x81\xa1\
\x60\x18\x8e\x42\x83\xf2\x9b\xf6\x08\xc2\x61\x30\xea\xe1\x7e\x21\
\xa0\x28\x12\xf2\x90\x88\xdd\xc4\x2d\xd6\xb6\xd4\x37\x62\x62\x74\
\x74\x29\x5a\x95\xa7\xe2\x1b\xbf\xe5\x7a\xb5\xc5\xde\x55\x7b\xc2\
\xa9\xca\x15\xda\x11\xb8\x94\x6c\x01\x38\x9c\x52\x83\xea\x9f\x7e\
\x62\x0d\x80\x1d\x8c\xb3\xd5\x69\x27\xbe\xfc\xf0\xbe\xda\x3a\x22\
\x97\x45\x38\x90\x85\x6a\xae\x26\xfd\x90\x71\x26\xe1\xa8\x12\x0f\
\xc0\x4b\xcc\xe5\x06\x7a\xa3\x09\x18\x5b\x15\x16\xc3\xd2\x08\x4d\
\xa1\xa4\x48\xf4\x21\x15\x85\x68\x2b\x26\x65\x19\x90\x17\x3b\x8a\
\x76\x35\xfa\x2d\xd8\x10\x44\x46\xb0\x8a\x79\x11\x94\x81\x85\x40\
\x78\x40\xd1\xd0\x17\xca\x13\x07\x81\x6b\xca\xd4\x05\xc3\x6c\x24\
\x4b\xa1\x58\x66\xa1\xb2\xe3\xc1\xc8\xc2\x80\xb5\xc6\xea\x77\xd7\
\xda\xf9\x8a\x80\x2c\x4e\xf2\x1d\x34\x82\x4f\xa0\x3d\x02\x94\x23\
\x59\x78\x0c\xc4\x90\x95\x7c\x11\xe6\x50\xe9\x6a\x04\xa4\x24\x44\
\x54\x01\x8a\xd9\x74\x86\xda\x44\x79\x6b\x19\xdc\xa9\x5c\x8c\xb6\
\xf2\xeb\xf1\x49\xd5\x89\x14\x88\x1c\x39\xc2\x82\xb0\x2e\x89\x91\
\x11\x84\x86\x21\xd9\x64\x2c\x31\x0a\x41\x9b\xe8\x6e\xe4\x0a\xd9\
\xd4\x05\x4b\x40\x98\x82\x11\x09\xe2\x92\x40\xca\xa8\x7f\x59\x2f\
\xc3\x84\xb9\xdc\x03\xdf\xd9\x71\x88\x99\x25\xb5\x24\x07\x65\x33\
\x89\xd0\x10\xd3\x84\xcb\xba\x60\x50\x88\x47\x3d\x5e\x23\xa6\xdf\
\xc0\x41\xdd\x24\x84\x08\x4d\x98\xf8\x86\x21\x52\xc8\xb9\x0f\xf1\
\x4c\x28\x31\x00\xe5\x70\x95\xb2\x2d\xb4\x5b\xd2\x07\xb8\x5c\xbf\
\xf0\x01\x33\x1b\x30\x25\x60\x20\x1f\x2e\xd3\x6c\x70\x29\xea\xcb\
\x27\xe3\xc1\x37\xde\x10\xed\xb5\x03\x31\x2a\x01\xaa\xfc\x6a\xe5\
\x01\xde\xa2\x0c\x89\x76\x49\x16\x17\xfd\x04\x56\x14\x0d\x3b\xd6\
\xa7\x1f\x0f\xde\x5a\xb1\x77\x71\x1e\x7b\x3b\x8a\xcd\xaa\x1d\xe1\
\x12\x0b\x26\xab\x36\x07\xae\x84\x83\xbe\x93\x1f\x43\x06\xed\xa8\
\x0b\x1c\x20\x10\x3c\xa7\x5d\xb7\xad\x07\xfe\xac\xb3\xea\x50\x6f\
\x56\xcc\x9d\x5e\x00\xc5\x72\x55\x02\xf1\x10\x7d\x41\xf0\x00\x0a\
\xa5\x82\xbb\x8a\xb2\x14\xbd\xf4\x20\xe9\x94\x78\x43\x50\x4c\x63\
\xd1\x8d\x3a\x50\x5a\x28\x54\xde\x6c\x24\x0f\xca\x8a\x73\xba\xc6\
\xc2\xbf\xfe\x3c\x4c\x2e\xde\x00\xc2\xe2\xf5\x06\x0f\xba\xa8\x1f\
\xf0\x91\x77\x9e\xf7\x9b\x93\x6a\x5e\x65\x2a\xd3\xf9\xa1\xf9\xfc\
\xd0\x05\x1f\x78\xe0\x01\x8f\x7d\xb4\x14\x3f\xb0\x78\x0e\x04\xa2\
\x3d\x2c\x10\x55\xde\xbf\x56\x20\xc5\x88\x8c\x3a\x8f\x9f\xcb\xa8\
\x52\xa1\x39\xd6\xd7\xd7\xd4\xe9\x64\x88\xa1\xbf\x4d\x18\xc1\xe6\
\x72\x20\x82\x45\x75\xd4\x61\xed\xa8\xfa\xec\xcf\x0a\x19\xd4\x8d\
\xb9\x05\x99\xd6\xf4\x60\x45\x09\x21\x42\x58\x40\x3a\x9a\x1d\xa6\
\xc4\x92\xd8\x22\xe8\xbe\x5a\x51\x05\xc9\x98\x1c\x08\x01\xcf\x78\
\x21\x07\x61\xa4\x2e\xca\x72\x40\x0c\xae\x99\xd9\x67\x5d\x0f\x75\
\x33\xfe\x0e\xf1\xe8\x23\xcc\xc3\x5f\x0a\xe6\xc2\xcb\x4e\x80\x39\
\x09\x98\x02\xe6\xf6\xc4\xa9\xe4\x35\x4e\x56\x4c\x0c\x5c\x30\x0e\
\xc3\xc5\xc4\x24\x04\xe0\x13\xb9\x52\xa3\x61\xdf\xb1\xc8\x64\x84\
\xe5\xd8\x8f\x5a\x3c\x15\xdf\xfa\x1d\xb7\xc6\xc6\x11\x61\x65\x21\
\x0b\x2a\x4b\xec\xd5\xb9\xee\x06\x9a\x1c\x4b\xf1\xcc\xa1\xff\xe0\
\x44\x0b\x07\x79\xe0\x0a\x62\x09\x52\xa9\x24\xeb\x31\x69\xc5\xe3\
\x8f\x1c\x28\x4e\x3c\x21\x18\x1a\x8e\x3d\x6c\x0d\x95\x50\x54\x08\
\x00\x7d\x57\x23\x2a\x2e\xfa\xa9\xaf\x16\x12\xe5\xc9\xb8\x84\xc1\
\x87\xd4\xf4\xd4\x4f\xbf\x85\x75\xe5\x41\x19\x64\x6c\x42\x79\x18\
\x9b\xe1\xea\x74\x31\x17\x31\x60\xc3\x71\xf0\x2e\x0f\xc2\x42\x29\
\xdc\x02\x2f\x75\x93\x87\x6b\x70\x56\x2c\x5b\x87\x36\xc0\x83\xb2\
\x00\x0e\x8e\x1c\x86\x07\x06\x3d\x97\xb2\xc3\x8d\x66\xf9\x52\x2e\
\x9b\x89\x38\xd8\x3b\x58\xf1\x43\x2a\x62\x60\xc4\x23\x29\xcb\x42\
\xb2\xf3\x63\xab\xdd\x75\x59\xb9\x63\xb0\xd8\xa1\xd2\xa1\x05\xe4\
\xf6\xee\xb0\xc1\x66\x65\x08\xc0\xfe\xbe\x00\x1d\xa9\x83\x92\x5a\
\x29\x5e\x01\x4d\xc7\xc3\x5b\xeb\xf0\x3b\x83\x3d\x3a\x06\x51\x40\
\x78\xce\x45\xd0\x31\x6b\x7c\x3f\x4d\x2d\x6f\x2d\x24\xed\x0f\xf2\
\xea\x32\xa3\x25\x5d\x97\x84\x28\x86\x87\x71\xbd\x40\x24\x9d\x26\
\x2f\xbe\x6a\x6a\x62\x7c\xfc\x64\x50\xb4\x77\xae\xc3\xd9\xd3\x3d\
\x02\xec\x74\xc3\x20\x48\x41\x94\x62\x84\x0b\xe4\x22\xb0\xd4\x07\
\x03\x17\xcc\xee\x40\x59\x44\x00\xee\xc2\x7a\xc0\x0c\xdc\x07\x4e\
\xb7\x99\xbf\xdc\x07\xfa\xe2\x4d\x29\x74\xa6\xdf\xe0\x04\x8a\x98\
\x81\xf4\x1b\x22\x23\xbc\xc5\xfb\x23\x0c\x8b\x9f\xbf\x78\xc9\x9f\
\x8f\xc6\x91\x81\xf8\x83\x9d\x8b\x31\x1d\x7c\x39\x5e\xf7\xa6\x9b\
\xa3\xb3\x05\xd1\xfb\x3a\xc0\x93\x2a\x54\xa5\x30\x56\x32\xf2\xb3\
\x68\xcd\x23\xb5\x61\x3f\x1f\xd8\x60\x7c\x26\x31\x00\x4d\x10\x94\
\x65\x3d\x26\x83\x7a\x9c\x7e\x7c\x10\xb5\x46\x57\x4c\x2c\xf7\x4a\
\xf8\xa4\x4f\xc0\x43\x1e\x2c\x6d\xae\xb8\x15\xe1\x94\x38\x83\x63\
\x60\xc7\xed\xe3\x1d\x1d\x7f\x2b\x50\x75\x73\xb8\x6a\x25\x70\x46\
\x1e\x34\x38\x8c\xcc\x08\x1e\xd6\xba\x10\x04\xf0\xea\xe1\x5e\xf5\
\x8d\x6b\xc0\x06\xf7\x58\x60\x94\x84\xf1\xe9\xc3\xc6\xd1\xd0\x2e\
\x17\xd8\x04\x66\xc1\x87\xa2\xad\xdc\x57\x1d\xc0\x42\x9d\xe0\xce\
\x3c\x24\xc5\xca\x1c\x12\x73\x66\xad\x76\xae\xab\x63\xa1\x63\x5a\
\x18\x04\x4c\xca\x08\xc5\xac\x72\xc3\x5e\x5f\xe7\x45\xac\x6f\xad\
\x3f\xff\x2e\xd6\x78\xba\x59\xc2\xc7\xdf\xdd\xdd\x35\x13\x80\x01\
\x98\x34\x47\x87\x18\x01\x11\x83\x8b\x08\xcc\x84\xb2\xc1\x1a\x7e\
\x36\x93\x81\x2c\x3d\x41\x7b\x66\x5c\x91\xb3\xee\xc5\x30\x1e\xe5\
\xbd\x16\x4b\x44\x6a\xb6\x5b\x16\x0a\xcc\x33\x66\x99\x36\xe8\x34\
\xc9\x82\xa0\xf2\x66\x18\x51\xac\x78\x0b\x4f\x74\x10\x18\xc9\x48\
\xc5\x3d\xc6\xe7\xfd\x40\x09\x64\x16\xe5\x40\x68\xa1\xfd\x8a\x67\
\xfc\x46\x6b\x16\x23\x70\xa9\xd1\x72\x78\x1a\xb8\xcc\x14\x2a\x57\
\xb8\x69\x30\x01\x75\x50\x3d\x65\x20\xa4\x47\x9f\xd4\xb5\x8c\x6f\
\x64\x45\xe9\xb7\x60\xa2\x6c\xd1\x36\x7d\xda\xdc\xdc\xb2\x15\xe3\
\xd3\x0f\xbd\xbd\x4b\xea\xfc\xe9\xf8\x96\x37\x48\x38\xba\xc3\x58\
\x4e\x76\x65\x35\x19\xad\x72\xc3\x09\xbf\xfb\x80\xb6\xd5\x35\x42\
\xa9\x6b\x8b\x0a\x8f\xc8\xc2\x3d\xae\x75\xc3\x73\x2a\x4b\xe6\x58\
\xda\x71\xfa\xd1\x6d\xe1\x20\x3f\xde\x5f\x5e\x4a\x58\xf5\x9c\xbe\
\x26\xd3\x32\xfa\x84\x46\xa7\xde\x95\xa6\x16\x0d\x38\x8b\x8c\x57\
\xfa\xcf\x64\x61\xbd\xa9\xf2\x8a\x33\x5a\xed\xba\x57\x44\x33\xfc\
\xca\xfa\x37\x94\x05\xe5\x59\xee\x8e\xe2\x41\xe9\x50\x1e\x3c\xd2\
\x0e\xf5\x22\x58\xe0\x1b\x3c\x20\x30\x85\x10\x71\xa4\xc7\xc1\x40\
\x0a\xb0\xac\xac\x15\x3d\xd1\x6f\xe6\xbc\xa8\xa3\x80\xd7\xc1\x3c\
\xf4\x00\xc1\xf2\x3e\x1a\x0d\x5c\xf6\x74\xd7\x72\x67\x18\x4a\xe6\
\x35\x83\x04\x63\x09\x68\x31\x94\x7d\xd8\x74\x68\x01\x59\x5b\x9f\
\x95\x08\x86\x8e\xb1\xc1\x98\x3a\x6c\xbf\xd0\x08\xc9\xd1\x1c\xe0\
\x2d\xcb\xad\xe2\x35\x5b\xdc\x14\xac\x89\x97\x20\x48\xa8\xea\xd2\
\x06\x7c\x7a\x59\x94\x74\xb0\xa5\x02\xba\x2f\xf7\x46\x48\x60\x6d\
\x7f\x59\x9d\x02\x21\x45\x7d\x24\x77\x5a\x82\x84\xd0\x81\x8a\xe2\
\x19\x44\x04\x9f\x6c\x7a\x00\xb1\x8a\xf6\x19\x52\xe5\xbb\x20\xc0\
\x56\x58\x0c\x36\x87\x80\xa8\x60\xbf\x60\x66\x36\x6b\x83\x80\x5c\
\x5b\x9b\x2a\x08\x2c\x98\x85\x7a\x20\x1a\x8a\x00\xf7\x04\x57\x8e\
\x36\x0a\x73\x4e\x42\x70\xc9\xc7\x73\x98\x00\x86\xf3\xbe\xbf\x22\
\x20\xc4\x43\xd8\x87\x0a\xbc\x19\xa5\xc3\x7d\x00\x4f\x23\x09\x15\
\x93\xa6\x04\x98\xfd\xde\x41\x8c\x06\x8a\x39\xbe\xfd\x96\x58\x3b\
\x86\x15\xee\x5b\x38\x70\xad\x50\xad\xde\x5c\xda\x70\x20\x18\x3a\
\xa3\x24\x84\x77\x0b\x8f\xe0\x06\xc0\x15\x28\xab\xc4\x05\x8c\x42\
\xa0\xbb\x8c\xc7\xbe\xbc\x2b\x66\xee\x28\xf8\x2e\x45\xa7\x53\xf7\
\x0a\x62\xe2\x25\xfa\x85\xeb\x6b\x86\x52\x9f\xd3\x1d\x44\x49\x50\
\x5a\x4c\x8f\x3b\xa3\xb6\x10\x68\xfa\x8a\x00\x12\x0b\xb2\x1c\x7f\
\x3a\x51\x5e\x69\x7b\xea\x98\x2b\x96\xc1\x02\x64\x0c\xf1\x4c\xbc\
\x05\x3d\x39\xd0\xfa\xe0\x07\x3a\x01\xa7\xae\x84\x33\x46\x1b\x73\
\xb9\x0e\x09\xa6\x07\x3f\x89\x47\x86\xea\x71\x91\xd2\x4d\x06\xd7\
\x3c\x47\xf0\x68\x10\xd7\x17\x37\x16\x2b\x0d\x5d\x8b\xf6\x80\x8f\
\x18\x0a\x1a\x70\x6c\x6c\x6e\xc4\x44\xb1\x1b\x0a\x6c\x36\x73\x6f\
\x0f\x95\x0e\x2d\x20\xa5\x79\xa5\xc9\xdb\x83\x4f\x9e\x3d\x17\xbb\
\x3b\xbb\xee\x04\x87\xb5\xbb\x11\x42\xc0\x9e\x6e\x0b\x2b\x72\x41\
\x06\x9d\xc0\xbf\x07\x5c\x98\x0e\x24\xb0\x48\x91\xa5\x17\x74\x96\
\x89\x2a\x4f\xf0\x28\x51\x9e\xb7\x00\x29\x8f\x16\x48\x24\xa7\x09\
\xa7\x3e\x90\xc8\x6f\xee\xc1\xf4\xd6\x58\x30\x9f\xdc\x2e\x90\x69\
\x84\x82\x4a\x11\x82\xdd\xc5\x99\x71\xfe\x33\x6e\x94\xb0\x09\x1c\
\xfc\xa6\x0e\x2c\x5f\xb1\x24\x25\x87\x16\xe5\xee\x49\x18\x73\x11\
\x65\xce\x67\xd0\x06\xfd\x63\x39\x0b\x84\x13\x9d\x3c\x22\x46\xda\
\xdf\xdf\x77\xdb\x50\x82\xbe\x0d\x87\x93\xd8\xdf\xeb\xe9\x1e\x2e\
\x5c\xba\x73\x58\x40\xac\x0e\xed\x71\x7f\x70\xb0\x1d\xe5\xc5\xd3\
\xf1\x9d\x7f\xf1\x96\x38\x72\x23\x5a\x7c\x5f\xcc\x96\x6b\xd5\x5c\
\x79\xf2\x7a\x32\xe8\x8a\xc6\xfc\x86\xd1\x78\x6e\xf7\x8b\xdc\x7a\
\x56\x08\x6c\xfe\x56\x7f\x4a\x8d\xd8\xbe\xc8\x16\x40\x2d\xc1\xd8\
\xf6\x33\xf2\x30\x8a\x04\x2e\x49\xc0\x83\x72\xa0\x2f\x54\x4f\x9f\
\xd5\x79\x3d\x41\x61\xe0\xee\x64\x6c\x00\xac\xd0\xc0\xee\xb0\xf2\
\x53\xbf\x45\x4b\xfd\xe0\x1e\x74\x28\x68\x4f\x7e\x52\x5a\x56\x84\
\x03\xa6\x4d\xf8\x78\x46\x19\xac\x0d\xac\xc7\x3d\xda\x04\x77\xa9\
\x40\x72\x1d\x1d\x87\xcb\xba\x7c\x5a\xfd\x3c\x70\x79\xd3\xba\x13\
\x94\x27\x2e\xb2\x5e\xf8\x27\xe1\xc1\x45\x56\x19\xf5\xf3\xe0\x60\
\x4f\x3c\x46\x5b\x8b\x94\xa2\x43\xa4\x43\x0b\x48\x65\xb3\x2e\x4b\
\x5e\x8a\x3b\x6e\xbf\x4d\x71\x87\x88\x6b\xa4\x8a\x61\x65\x06\x5b\
\xdd\x8e\xfd\x7e\xcf\xce\x2a\x2f\x13\x84\x30\x17\x1a\x2f\x5d\xea\
\xec\xb8\x3b\x26\xc6\xb3\x76\xd1\x63\xde\xf6\xe3\xb7\xfe\xf9\x79\
\xbb\xd9\xf2\x67\x0c\x78\xb5\x94\x17\x64\x18\x3e\x4c\xde\x10\x51\
\x57\x88\x04\x29\x4e\xaa\x97\xdf\x68\x65\xef\x48\x68\xa2\x83\x5c\
\xb5\x21\xcb\xc1\x90\x21\x02\x8a\x76\x81\xeb\x54\x85\x90\x8d\x16\
\x4c\x02\xd0\x06\xf0\x09\x32\x09\x46\x5d\x42\xd5\x16\x33\x43\x70\
\x04\x0d\x24\xe7\x8a\x5d\x60\x86\xf8\x4e\x02\x86\x77\x18\x10\x3c\
\x36\x79\xc8\x77\x5d\x10\x3c\x1d\x7a\x8c\x15\x2d\x98\x82\x3e\xc3\
\x68\x10\x96\xd9\x5e\x76\x21\x99\x8e\xcf\xc7\x6b\xbe\xf1\x78\x6c\
\x1e\x17\x53\xcd\x0f\x94\x19\x18\xf4\x80\x20\x9b\x8e\x0a\x11\x4b\
\x9d\xa9\xcb\x56\x4d\xe4\xca\x37\x03\x9f\x21\x1b\x57\xde\xb8\x5a\
\xe5\x38\x1b\x97\x15\xb9\x26\x8a\x07\x1e\xfe\xe2\x6e\x34\xda\x1b\
\x52\x54\xa9\x20\xf8\x80\x69\x4e\x2e\x16\x70\x51\x3a\x5d\x3f\x84\
\x0d\xe6\x47\x41\xd5\xea\x28\x37\xb9\x86\x65\xd1\xc8\x34\xc9\x91\
\xaa\x1e\x2b\x09\xe4\xe2\xf1\x4d\x46\xea\x4b\xdc\xab\x3c\x03\x09\
\xaa\x8a\x6b\x18\x16\xda\xd9\x12\x88\x06\x4c\x06\xb6\x3b\xb8\x4a\
\x89\x07\xe2\x14\xda\xc9\x5e\x25\x9d\x99\x84\x25\x2e\x79\xb6\x10\
\xb1\x84\x85\xb6\x49\x09\x1f\xf5\x66\xec\xc9\x6f\x16\x57\x72\xcd\
\x88\x95\x79\xa5\x23\x37\x52\x6d\x41\x3f\xe2\x35\xe6\x40\xa0\xb7\
\x48\x0c\x8f\xa5\x86\x38\x44\x7a\x06\xd3\x5f\x65\xaa\xcf\x9a\x26\
\xdd\x40\x5a\x9e\x4d\x98\xf1\xb9\xe9\x18\xdb\xc7\x8c\xfb\xbd\x68\
\x48\x40\xe4\xb2\x8a\x28\xbc\x07\xc2\xce\x7e\x39\xb4\x5b\x24\x3a\
\xe9\xd1\x29\x1d\xc5\x35\x6f\x0d\xc2\x84\x30\x53\x21\x60\x20\x8e\
\x83\x6b\xee\xa3\xbd\xfd\x1c\x44\xc1\xe8\x42\x02\x08\xb2\x86\x16\
\x71\x3d\xa4\x88\x10\xe8\x4c\xec\x93\xc1\xb6\xea\xe9\xae\x47\x13\
\x4b\x26\xe6\x87\x08\x94\xa1\x2d\x08\xc9\xb5\xb5\x1f\x5a\x4a\xf7\
\xb1\x18\xd4\x47\x7f\x08\x60\x1d\xe4\xcb\xe7\x26\x51\x8e\x83\x59\
\x65\xfa\xe3\x58\x40\x7d\x43\xb3\xa5\x1b\x91\x6f\xe1\x01\x23\xf5\
\x02\x67\x4f\x30\xe3\x8a\xb1\x48\x93\xb3\xe7\x3a\x7a\x5f\x89\x6f\
\xfa\xa6\xa3\x71\xf2\x26\x69\x4d\xb9\x55\x8b\x89\x04\x58\xf9\xed\
\xaf\xe0\x42\x41\xe8\x15\x13\x81\x1b\x27\xa1\xaa\x2c\x06\xd3\x1d\
\x1d\x7a\xaa\x6e\xd2\x5e\x91\x68\x93\xd9\xea\x52\xb9\x25\xeb\x54\
\x89\x0b\xe7\x18\xa0\x90\xe0\xaa\x0f\x8d\x46\x6a\x7a\x6b\x7f\xc1\
\x09\xbd\xac\x6d\xd5\x17\x18\x90\xb3\x2d\xa8\x02\x5d\x66\xd6\xfd\
\x99\x09\x14\x9c\x04\x82\xe6\xed\x22\xab\x29\x20\xc2\x6a\xd8\x9d\
\x14\xee\x0b\xab\x61\xc6\x94\x9e\xe6\x40\x78\xa8\x2f\xad\x2e\x1a\
\x5f\xcc\xaa\xe7\xd4\x03\x6e\x78\x46\x42\x79\xa1\xe9\xad\x58\xc1\
\xb5\x70\x48\x22\x1f\x75\x53\x36\x85\x2c\x63\x11\x5a\x2f\x84\x05\
\x6b\x4d\xbc\xc4\x3e\x5c\xd5\x0a\x6f\x62\xca\x6b\x98\xe4\x14\x00\
\xf9\x78\xce\xa2\xd5\xf9\x5c\x71\xe2\x6c\x78\xe8\x20\xe4\xd0\x02\
\x42\x62\x4c\x9c\x9d\xc0\xad\xe9\x44\x18\x51\xd6\x3e\x62\x0e\xe5\
\xe5\x50\x69\x4d\x1d\x2f\x66\xc7\xc9\x53\x10\x1b\xa4\xc2\x84\xee\
\xb0\x8a\x16\x9a\x81\x0e\xb2\xcc\x1b\x74\x14\x3e\x3f\xa6\xb6\x08\
\xb6\x71\xcb\xc8\x03\xc2\x20\x3c\x8c\xeb\x3a\xf4\x5b\x58\x36\xef\
\xa8\x84\x11\x0b\xe2\x0b\x5f\x18\x82\x7a\xdd\x93\x10\xc7\x08\x0e\
\x6d\x93\x27\x85\x20\x83\x3a\xde\x5f\x67\xf9\x04\xae\x1e\x75\x22\
\x1c\xc0\x44\x1e\x18\x06\xa4\x93\xf0\xcd\xb1\x8a\xf4\xc1\x8c\x43\
\x7b\xb5\x92\x5f\xcd\x35\xbc\x2b\x2b\x45\xe2\x7b\x1a\x33\xfd\xec\
\xe3\xd3\x8b\xb1\xc6\x4b\x96\x9b\x9f\x89\x6f\x7a\xdd\xf1\x38\x75\
\x0b\xa8\xdb\x57\xac\x20\xeb\x21\x26\xa2\x4f\xe6\x03\x18\x84\xb2\
\xaa\x8b\xfa\x38\x48\x7c\x66\x01\x8a\x81\xc7\xbc\xc7\x45\xba\x19\
\xa0\x95\x78\xa2\x5c\xe2\xc3\x9b\x0a\xce\x1f\xeb\x49\x41\x6c\x08\
\x2e\xf1\x86\xf2\xe7\x84\x2c\x5a\x38\x2d\x1c\x96\x9b\xeb\x14\x9a\
\x14\x6c\x36\xd8\x46\xd0\xa9\x4b\x94\x52\xfb\x49\x57\xf0\xcc\xe1\
\x98\x42\xf7\x72\xdf\x5d\xdc\x62\x49\xac\xae\x49\x39\x54\x2b\x41\
\xd3\x33\xf0\x89\xb0\x61\xc5\x09\xf0\x29\x63\xab\xa1\x3c\x0c\xef\
\xd3\x1e\x09\x7c\xb3\xd1\x79\xb6\x4f\xa3\xa9\x7c\x3c\x58\x23\xf3\
\x0b\xcc\xc4\x4b\x5e\x50\xc9\xa2\x48\xa5\x82\x87\xc8\x4e\x9d\x5c\
\xc3\x0f\xbc\x1a\x0d\x5d\xf1\x01\x10\xd0\xb5\x35\x5e\x9c\x12\xef\
\x31\x71\xc8\x06\x60\x87\x4c\xd9\xea\x21\xd2\x62\x36\x5d\xb4\xdb\
\x0d\x4b\x37\x2b\x3e\x4d\x1e\x49\x3c\xcc\x09\x22\x20\x04\x41\x71\
\x22\x05\xcd\x20\x2d\xab\x8e\xfa\xa5\xa0\x95\x30\xa0\xad\x61\x52\
\x33\x9e\x3a\xeb\xf8\x44\xf7\x3a\xec\x49\x65\xe4\xe2\xb2\xe4\xe2\
\x3e\x7c\x77\x46\xbc\x3c\x09\xa7\x3c\xdc\x2f\xce\xd4\x87\xe0\xf0\
\x9c\xdf\xd4\xa9\xe6\x0c\x0f\x1a\x8e\xb6\x40\x1c\x6b\xa0\x40\x3e\
\xd7\x20\xd5\xee\x8e\x05\x21\x77\x4b\x37\x4c\xb2\x36\x9c\xed\x6a\
\x08\x5e\x08\x9c\x9b\x0e\xa4\xe9\xe7\xa0\x2c\x02\x04\x73\x91\x80\
\x01\xe1\xe3\x8c\x20\xd3\x4f\x2f\xb4\x14\x0c\x43\x59\x50\xfc\x63\
\xee\x0f\x06\xbb\x31\xeb\x9d\x8d\x07\xbf\xf9\x58\x9c\xba\x0d\x22\
\x23\x1c\xfb\x8a\x43\x08\x40\xb1\xa4\x1c\xc2\x1f\x0c\xa5\xfa\x61\
\x00\x60\xe1\xd0\xcd\xec\xaf\x8e\x67\x12\x62\xc4\x91\xff\xf3\xd9\
\x83\x28\xb7\x45\x9b\x46\x3c\x75\x5a\xca\xa9\xb1\xe9\xbe\xe1\x06\
\x0a\x34\x95\x17\x5a\xa8\x4b\x17\xb8\xa8\xd2\x6b\xc6\x41\x2a\x0a\
\xc1\x2c\x80\x11\x0a\x36\x88\x83\x41\xe9\xab\x85\x42\x7f\x28\x0b\
\xda\x37\x3c\xb4\xa7\xdf\x2c\x38\xa5\x3a\xee\x7b\xd3\x06\xe1\x1b\
\xdc\x30\xe7\x05\xb3\x82\x3f\xac\x48\x0a\x33\xcc\x9c\x34\x21\x51\
\x37\xb7\x11\x4c\xca\x73\x4d\x7f\x81\x07\x7a\x63\x4d\x8a\x91\x43\
\xe6\xa3\x78\x0e\xce\x67\x2b\xfa\xa3\x0c\xd8\x81\x05\xc5\x57\xdc\
\x4f\x3c\x91\xa0\x03\x8a\x30\x5d\xfb\x3a\xdf\xb8\x38\x64\x3a\xb4\
\x80\x4c\x2a\x07\x33\x1a\x87\xb9\xbd\xab\xba\x80\xf3\x37\x2d\xf4\
\x67\xb3\x59\x47\xea\x59\xe2\x21\xd7\x47\xd7\x1e\x99\x52\x9e\x02\
\x52\x34\x03\x43\xb9\x1c\x59\x9e\x98\x00\x62\xc8\x9c\xaf\xcc\x36\
\xc4\x05\x41\x60\x96\xb8\x80\x61\x5f\x02\x67\x10\x62\x04\xeb\xbe\
\xdf\x3a\x54\xbd\x10\x84\xaf\xe0\x52\x0e\x98\x3c\x49\x58\x62\xa8\
\x99\x79\x8c\xd4\x84\x36\xc7\x3a\x8a\xf2\xd4\x8b\xbb\xe1\x38\x65\
\x25\x84\x19\x77\x64\xdb\xa9\x65\x21\x66\x6e\x80\x4d\x1e\x88\x83\
\x9b\xc4\x00\x04\xbb\xb5\x20\x24\x10\x96\xea\x38\xd6\xd6\xd7\x5c\
\x27\xda\x9e\xbe\x40\x34\xda\x1b\xf5\x25\x1c\x07\x67\xe2\x95\x2f\
\xab\xc7\x0d\x37\x08\xe6\xc5\x9e\x2c\xec\x9e\x60\x10\xc1\xad\x39\
\xb3\x9f\x10\x17\x21\x45\x13\xa7\x90\xa4\x56\xa5\x0e\x26\x4b\xa9\
\x94\xbe\x70\xa4\xcb\x43\x19\xda\x41\x29\xb0\x99\x75\x47\xae\xd5\
\x30\x06\xc3\x8e\xf0\xc5\xdc\x47\xf1\x42\x52\x5a\x54\xbb\x31\x2a\
\x02\x2b\xd1\x6f\x4f\x2a\x0a\x4f\xc4\x16\xfc\x86\x29\x81\xdf\xab\
\x17\xd4\x21\xf2\xdb\xaa\xaa\x00\x38\x01\x6f\x4c\x26\x22\x26\xe0\
\xc5\x6f\x09\xba\xfd\x54\x82\xc5\x1c\x18\x42\xe7\xc9\x56\xb5\x91\
\x23\x7a\x58\x69\xb9\x4a\x12\x3c\x60\x07\xc7\xf4\x39\x87\x77\x73\
\xcf\x65\x7e\x53\x07\xfd\xa5\x41\xac\x16\x34\xe1\x39\xb8\x07\x97\
\xb4\x0f\x7d\x93\x86\xaa\x53\x7d\x83\xf6\x29\x68\xc2\x97\x78\xd0\
\x4a\x41\xf7\x99\x87\x61\x49\xd3\x62\x36\x7e\xfe\x5d\xac\x7a\x75\
\x6b\xc9\x16\xa2\xc2\x91\x01\x62\x08\xd7\x2f\xb0\xa0\x05\x74\x0c\
\x14\x90\x22\x30\xd0\x94\x75\xf9\x2c\x3b\x2e\x08\x8b\x56\x37\xc1\
\xf5\x1b\xf7\xc9\xf3\x25\xea\x38\xc3\xc1\x30\x9f\x35\xf0\x2a\x2f\
\x07\x48\x69\xd4\x40\x02\x1a\xfe\x99\x19\xf1\xc2\x3a\x50\x17\x08\
\xe4\x30\x13\x08\x16\x13\xa5\xbe\x90\xf6\xc4\x85\x12\x90\xaa\x07\
\xc1\xe5\x5d\x13\xea\xf4\x84\x22\x56\x4a\x79\x75\xe9\x7a\x20\x06\
\x88\x45\xe3\x41\x7c\xac\x0d\xeb\x88\x18\x06\x25\xb8\x84\xd9\xc8\
\x07\x41\x48\x10\x0a\x37\x90\xbe\x8d\x95\x6f\xa0\x58\xab\x80\x8b\
\xaf\x3e\x95\x6b\x4d\x9f\x79\xd7\xbc\xbf\xf7\x64\xbc\xec\xfe\xf5\
\xb8\xf9\x05\x62\xae\xf2\x40\x71\xc8\xae\xd4\xb7\xfa\xb6\x94\xf6\
\xd6\x1f\x0c\x5b\xb8\x53\xb4\x4d\x9f\x61\x52\x9e\xe1\x8f\xa3\x03\
\x8d\x2f\x98\x07\x99\xd0\xbd\x5c\x5d\x90\x56\xc6\x8c\x2d\xcd\xbd\
\x5c\x36\xe2\xcb\x8f\x5c\x8e\x52\x6d\x4d\x0c\xc9\x84\x60\x0a\xb0\
\x5d\x4c\xc1\x45\x79\x04\xff\x60\x7f\xd7\xb3\xf8\xe9\x1a\x71\x5f\
\x0c\xa8\x76\x55\x95\xe0\x16\xae\xc5\xac\x4c\xfe\xe1\xdb\x7b\xc4\
\x51\xf0\x20\xb0\x0c\xaf\xf2\x6a\x81\xdf\x5f\x17\xfe\x0c\x8f\xc1\
\xd1\xb5\x97\x7d\xa4\xe2\x42\x41\xc2\xe0\x30\x6e\x0e\x23\x83\xdf\
\x6c\x1f\x9c\xd3\x09\x84\xcb\x01\xbe\x5c\xa2\x96\xbc\x11\x04\x5e\
\x3d\xb2\x42\x35\x9c\xb4\xb5\xa2\x35\x16\x8c\xf6\x0a\x77\xca\x6b\
\xb1\x64\x71\x11\xc0\xe4\x03\x09\xbc\xca\x25\x0e\x57\x33\xea\x6a\
\x87\x85\xa9\xf5\xba\x87\xb2\x0e\x95\x0e\x2d\x20\xa3\xde\xee\x0c\
\x66\xc4\xfc\x01\xa0\x7f\x23\xd5\x42\x2c\x66\x19\xc4\x20\xe1\x30\
\x3e\x07\x48\x43\x9a\x78\x67\x04\x82\x52\x06\x24\x80\xf0\x64\x68\
\x7c\xcf\x67\xcc\xa4\x09\xa2\x7b\x20\x85\xf5\x5a\x94\xf7\x0a\xd0\
\xd5\x33\xf2\x25\x13\xa5\xdb\x43\xdb\x24\xee\xfb\x10\xd2\x85\x18\
\x3d\x4f\xe6\xa1\x2e\xd6\xf8\x14\x1d\x46\x38\xb8\x07\xa1\x9a\x2d\
\xb9\x4a\x6a\x96\xe1\x63\x0b\x3b\x8c\xa2\xe7\xcc\xe1\xf0\x66\x9b\
\x2a\x74\x9d\x85\xf0\x01\xfb\x33\x42\x89\x4b\x80\xd0\xa6\x46\xa3\
\x0f\x62\x5d\x05\xe4\x07\x72\xaf\x7a\x1e\x79\x1b\xf7\x9e\x8c\x57\
\xbc\x62\x2b\xee\xb8\x07\x57\x86\x6d\x42\xd9\x6d\x9d\xbe\x02\x17\
\xf3\x1c\x05\xfd\x50\x08\x68\xf6\x84\xb7\xc0\x09\x37\xe9\xbf\x71\
\xe8\x6c\xcf\xbe\x4e\xa1\xc9\xc9\x41\xc5\x38\xfd\x65\x3c\xfa\x95\
\x03\xdd\x83\x99\x24\xfc\x62\x22\x56\xbb\xd6\x57\xc3\xb6\x94\x99\
\x33\x9a\x25\xa1\xc8\x37\x04\x29\x9f\xb8\xc3\x6a\x39\x38\xe7\xae\
\x70\x80\x23\x63\xe1\x72\xdf\x12\xc7\xfc\x4e\x1c\x67\x1c\xe9\x60\
\xdd\xb0\x88\x27\x98\xc3\x52\x3e\xea\xe4\x63\xa8\xfc\x64\xae\x09\
\x97\x8d\xe7\xe4\xa3\xac\x69\x2a\xdc\x5a\xe3\x0b\x76\x96\xde\xf8\
\x2c\x77\x14\x01\x20\x15\xfd\x36\xad\x5d\x27\xa3\x88\xd0\xfa\x19\
\x05\x8b\x42\xe3\x4c\x59\x2c\x20\x42\x8e\xf0\x73\x9f\xe5\x26\xad\
\x66\x27\x58\xf2\x2e\xab\x95\x4c\x75\x88\x54\xf0\xcb\x57\x9d\x2e\
\xc7\xf6\x78\x28\x8d\x49\xf0\x84\x36\x61\x98\x54\xfc\x21\x94\x0a\
\x16\x69\x5b\xde\x84\xc3\xa2\xa0\xa1\xc4\xea\xd6\x76\x20\x02\x04\
\x23\x40\xb8\x27\x58\x0e\x30\x6d\x93\xa9\x4e\x16\x1a\x1d\x24\xd1\
\x69\x0e\xa1\x76\xd5\x62\xce\x5c\x93\x40\x10\xc8\x06\xc1\xb4\x0d\
\x32\x9f\x2d\x18\xd3\x19\x7b\x58\xa5\xb6\x99\xcf\x15\xc8\x4b\x9b\
\x10\x0c\x62\x49\xa8\x9f\xfc\x76\x0d\x61\x10\x81\x0b\xa3\xfb\x7d\
\x0d\x5d\xd3\x26\x7d\x28\x89\xa8\xe8\x6f\x86\xb0\x99\x14\x73\x46\
\x25\x08\x42\x3e\xda\x4f\x66\x48\x57\x03\xc1\x67\xf7\x43\x3e\xe0\
\x89\x05\x9d\x2b\x32\xe7\xbd\x96\x71\xef\x7c\xdc\x7f\x5f\x3b\x5e\
\x74\x8f\x84\xad\x24\x0b\x33\xd8\x73\xcc\x51\x58\x04\x98\x09\xbd\
\xc9\x89\x8f\x82\x02\xbf\x47\x8e\x7c\x9d\x47\xa2\xa0\xf8\x81\x50\
\xa7\x60\x17\xbe\xbd\x0a\xe9\xff\x3a\x90\xc4\xe3\x8f\x6d\xab\xfd\
\x2d\x09\x77\xdb\xae\x15\x1b\x33\x10\x6f\xd0\x16\x96\x0f\x21\xe0\
\x63\xa3\x58\xb7\x8a\x97\xb1\x33\x5c\x8a\x02\x73\x8d\xa2\x81\xf0\
\xa4\x9a\x58\x42\x82\x42\x81\x45\x58\x15\xc1\xb7\x1f\x61\xc0\xd4\
\xda\x29\x30\xe0\x92\x73\xe2\x42\xa5\x90\x9a\x15\xd0\x85\xfb\x94\
\xb1\x88\x60\x10\x9f\x70\x60\x69\xb0\x40\x45\xb0\x0e\x1d\x40\x2d\
\x2e\x29\xf3\x55\xac\xf1\xf2\xae\xfd\x75\xae\x25\x2c\xc2\x07\x02\
\xce\xc1\x24\x2b\xca\x88\xe0\x1b\x68\x59\x06\x83\xd5\x88\x12\x2e\
\x72\xce\x7f\x11\x1b\x21\x50\xcc\x0d\xb6\x37\xd6\xe4\x95\xcc\xf8\
\x62\xef\x6a\x5c\xfe\xab\x4f\x87\x16\x90\xb5\xd3\xf5\x25\xda\xbb\
\xd7\xdb\x37\xf0\x0c\xe5\xba\xa7\x1c\xfa\x07\x13\x82\xbc\x42\xc3\
\x20\x3c\xf8\xa4\xee\x84\xae\xcd\x94\x7a\x5e\x1c\x0c\x97\xb2\x54\
\x9e\x8e\x53\x57\x11\x8c\xe2\x0a\x15\xa9\x60\x60\xdc\x32\x2c\x94\
\x37\x1a\x40\x73\x2a\x41\x34\xda\x84\x28\xb8\x42\xb8\x7f\x93\x09\
\x5a\x06\x0d\x2d\x82\x0a\x26\xd7\x25\xc2\x51\x77\x61\x09\x60\x32\
\x08\x05\x7c\xde\xd3\x8b\x2e\x28\x21\x8c\xd4\x97\xc2\x94\xae\x13\
\x70\x53\xce\x4c\x04\x91\x44\x4c\xdc\x41\x86\x91\x61\x08\x13\x70\
\xa5\xc1\xc6\x23\xb9\x51\x7b\xe7\xe3\x45\xb7\x96\xe3\x05\x2f\x62\
\x65\xea\x50\x31\xc8\x81\x2d\x07\x49\x55\xe9\x3f\x31\x17\xb2\x41\
\x7f\x74\x39\x67\xec\x9e\x91\x21\x60\xd4\xbd\x42\x58\x33\x1e\x21\
\xbf\x72\xa9\x0c\x6b\x8e\x10\x06\xc8\xb7\x94\x02\x58\xcc\xc1\x0b\
\xeb\xe0\xca\xf1\xe4\xe3\xa3\xe8\x6e\xdc\xe8\x51\x36\x2c\x13\xed\
\xe0\x72\x8c\x99\x01\x57\x20\x2d\xb9\xf7\x50\x37\x03\x08\xb4\x41\
\xbf\x0a\xa5\xc1\xb5\xcb\xe9\xcc\xfa\x26\x46\xab\xc0\xa5\x77\x32\
\x01\x75\x2b\xb8\xc0\x1f\x96\x3f\x71\xb7\xa2\xcb\x4a\x68\xb0\xa8\
\x24\x70\x80\xff\x5f\xd0\x9b\xc4\xf0\x79\xa1\x88\xa0\x57\x2a\x1b\
\x96\xac\x28\x98\x57\xbf\xa1\x17\xb4\xe0\x3e\x43\xb6\xbc\x9b\xc2\
\x35\xf0\xeb\x96\x18\x1f\x85\xc6\x8c\x3d\x0a\xaa\xa8\x47\xfc\x25\
\x78\x78\x4d\x02\xc1\x49\x81\xc9\xc5\xaf\xdd\xb5\x35\x7b\x18\x35\
\x76\x90\x3b\x64\x3a\xb4\x80\xc4\xbd\x68\xde\x91\x90\x42\xdb\x39\
\x0f\x20\x94\x1b\x68\x9d\x84\x68\x86\x1b\x31\x8b\x04\x89\x6d\x77\
\x12\x17\x85\xe1\x54\x88\x51\x20\x08\xbf\x18\x2d\x02\x91\xf0\x75\
\x19\x9f\x27\x0f\x48\xcd\x91\x96\x74\xa7\xb8\xe6\x4c\x3e\x92\xc8\
\x64\x4b\x84\xf6\x84\x30\xb4\x0b\xb1\x7b\x07\x3d\x21\xa6\xa3\xdb\
\x95\x18\x0d\x14\xb0\xe1\xff\x4a\x03\x4e\xe4\x8b\x32\x94\xca\x17\
\x77\x5b\x62\x10\x60\x03\xb9\xb8\x53\xb0\x27\x0c\x6f\x0d\x26\xf0\
\x21\x32\xb0\x99\x19\x20\xae\xca\x30\xfa\xe6\x51\x95\x95\xf6\xc6\
\xd4\x63\xc1\x70\x0b\xbc\xc3\x87\xee\x21\x80\xc0\xcb\xc4\xe4\x50\
\x96\xe3\xce\x9b\x43\x96\xa3\x12\xed\x0e\xef\x35\xb0\x37\x70\x2e\
\x97\xb0\xf0\xc3\x5c\xaa\xcb\xad\xc3\xc4\xaa\x8b\xa1\x6a\x41\xa2\
\xba\x6c\xc3\xf4\x47\xd3\x58\x32\x89\x83\x98\x53\x1c\x2b\xcb\xa6\
\x32\xba\x87\xf0\xa8\xe8\x6a\xe0\x03\xed\xdd\x8e\x4b\x4f\x0f\xe3\
\xa0\xd7\xb0\x5b\x81\x90\xb1\xc9\x5c\x32\x67\xce\x8c\xf3\x56\x5e\
\x13\xab\x21\x7e\xe1\xba\x98\x08\x25\x40\x86\xf9\x13\xcf\x58\x4c\
\xb5\x43\xdb\xba\xd6\x7f\x7e\xd1\xc9\xa3\x6c\x82\x39\x7f\x27\xdc\
\x94\x05\x0e\xf0\xcf\x4b\x55\x58\x07\xda\xe3\x1e\xc1\xba\x97\x15\
\x29\x9e\x61\x44\x0c\xbe\x75\x90\x2e\xb0\xd9\x99\x7f\x34\x64\x27\
\x45\xa6\x04\x56\xae\xb4\xe8\xea\x76\x69\x53\xc9\x56\x59\x74\x48\
\x5e\x49\x57\x8e\xe9\x03\xc7\x5c\xc2\x10\x4a\x83\xc4\x8e\x9e\xd0\
\x0a\xf8\xe1\x2f\xbe\xc1\x0f\x42\xed\x36\xea\x80\x26\xd5\x46\x15\
\x24\x1c\x2a\x1d\x5a\x40\xde\xfb\xde\xcf\x4f\xe7\xe3\xd1\x64\xa4\
\x4e\xee\xef\xe2\x6b\xe7\x08\x02\x1a\x03\x60\x59\x95\x8b\xa6\x9f\
\xcd\xa4\x89\x75\x0f\x26\xa0\xeb\x68\x1a\x5e\xd2\x87\x49\xc8\xeb\
\x4d\xe3\x94\x40\x04\x2c\xb1\x64\xc8\x18\xf7\x46\x48\x67\x14\x02\
\x26\xa0\x3c\x2b\x77\x79\x6f\xc4\x6c\xa3\x7f\xd6\x3a\x30\x24\x04\
\x53\xa2\x1e\xee\xb1\xea\x13\xed\xb3\x7b\x89\x6f\x65\xa4\x36\xa7\
\xbc\x91\x08\x41\x75\xd0\xae\x19\x50\x08\x1f\x0d\x14\x43\xc8\xca\
\x00\xff\x54\x84\x63\x04\xc9\x82\xa7\x84\x30\x52\x8e\x06\x41\xb4\
\x79\x8d\xdf\x22\x0e\x7b\x78\xa1\x59\xdd\x27\xc1\x95\x1b\x65\xeb\
\x7e\xaf\x17\xcb\xf1\x5e\xdc\x73\x7b\x33\x5e\x7c\xaf\x98\xb5\x75\
\x20\xcb\x71\x21\x4a\xe3\x01\x64\x15\x1e\x52\xe0\x81\x1b\x82\x27\
\x1c\x30\x89\x2a\xd2\xb3\xdc\x53\x57\xf7\x74\x03\x41\xa1\xd1\x64\
\x72\x25\x98\x27\x6f\x5d\x29\x47\xcc\x57\xaa\xca\x92\x2e\x6a\xf1\
\xf0\x17\xf7\xd4\xc2\xa6\xf0\xa7\x76\xc4\x60\x1c\x6c\x87\xe4\x00\
\x17\xf7\x52\xe5\x1b\xee\x1b\x02\x92\x23\x7a\x9c\x3b\xed\xae\xe0\
\x4a\x4b\xc5\x7b\x21\xf4\x49\xe6\x54\x71\xca\xc2\x56\x6d\xe7\xf2\
\x65\x09\x15\x4a\x88\x37\x0a\x45\x03\x29\x1f\x68\x4b\x3d\xd0\x1a\
\x06\x07\x46\xfa\x05\xbe\x38\xd3\xee\xa0\x3f\x30\xfe\xdd\x4f\xc1\
\x42\x5b\xb8\xbd\x28\x37\xae\x51\x2c\x39\x92\x96\x13\xc0\x94\x4d\
\xd7\x57\x4a\x50\x42\x88\x5b\xec\x7d\xc3\x94\x9f\x7b\x85\xb0\x43\
\x3f\x12\xe5\x8f\x1c\xd9\x54\x5d\x0c\xc5\x27\xef\xc1\x13\x7a\xe0\
\x83\xe9\x02\xda\xab\x11\xad\x1f\x32\x1d\x5a\x40\x94\x14\xc7\x95\
\xc6\x68\x07\x56\x5d\xb2\xb8\xcd\x44\xe6\x01\xc8\x96\x0d\xe7\xa5\
\x1c\x46\x2f\x90\x7a\x90\xc4\xbb\xda\x2c\x96\x83\x48\x10\x0b\xa6\
\x9e\x4d\x72\x88\x15\xa4\x82\x38\x6b\x46\x25\xde\x09\x47\x5b\x91\
\x8f\xce\x22\x7c\x30\x29\xd7\x4c\x50\xa2\x45\x0a\x84\x50\x16\x66\
\x36\x21\x84\x9b\xfe\x3e\x4b\xc5\x31\xb7\x68\x6b\xb4\x7d\x12\x47\
\x19\xdd\x06\x5a\x0b\xe4\x63\xad\x40\x60\x5a\x41\x06\x0a\x94\x4f\
\x7e\x2d\x6d\x53\x1f\x04\x41\xe8\x08\x66\x59\x42\xcd\x20\x81\x87\
\x3f\x61\x30\x3e\x3f\xac\x72\x13\x11\x95\xed\x79\x86\x62\xa6\x7d\
\x09\xc7\xde\xc5\xa7\xe3\xc6\xe3\x11\xf7\xdc\xdd\x8d\x66\x67\xe0\
\x79\x0e\x34\x3f\x0a\x81\xd6\x39\xae\x24\xc1\x06\xbc\x18\x25\x60\
\xe2\x51\x32\x81\x59\xd4\x65\xf2\x7a\x75\x5f\xf0\x83\x1d\x04\x43\
\x5c\xe1\x43\xbd\x11\x4c\x2d\xc5\x3a\xd5\x78\xfa\x69\xe6\x66\xda\
\xba\x16\x83\x4a\x5b\xe7\xa7\xe9\xc0\x01\xae\x1c\x56\x06\x45\x04\
\xce\x10\x7a\x04\x54\x31\x82\x63\x10\x29\x24\xd1\x86\x26\x10\x7e\
\x9e\xa1\x8d\x51\x2c\x08\xf2\xd6\xd1\xa3\x12\x44\x04\x0a\x9f\x1f\
\xe6\x66\x82\x16\xdc\xe5\x68\x1e\xf8\x2f\x98\x16\xbc\xf1\x1b\x65\
\xa1\x27\xbe\xc7\x99\x0d\x2f\xb0\xf0\x3c\x53\x71\xd5\xcf\xbe\xc7\
\xb9\x24\x89\x36\x70\xe5\x50\x6e\xd4\x05\xad\x3c\x07\x25\x3a\x27\
\xed\x52\xa8\x71\xe9\x2c\x3c\xa5\xb9\xe3\x4c\x41\x1b\x2d\x59\x7d\
\x9e\xd3\x07\x04\x9e\x05\xad\x18\x3b\x5b\x10\x75\x08\x01\x93\xf2\
\x4a\x24\x1e\x22\x5d\x8d\x80\x08\x81\x93\x05\x81\x20\xc0\x83\x18\
\x04\x80\x17\x9d\xd0\x94\x10\x97\x85\x7c\xeb\x6b\x5d\x21\xb3\x16\
\x7c\x72\xcd\xfe\xe1\x2a\x41\x40\x5e\x87\x64\x87\x93\xa6\xce\x38\
\x16\x65\x34\x27\x54\x54\x42\x04\xd2\x87\x4e\xa1\xb1\xc6\xd5\xc1\
\x6f\xc5\xb0\x12\xae\xb1\xcc\x74\xbe\x6f\x80\xaf\x4b\x39\x5c\x8f\
\xa9\x7c\x67\xea\xa1\xac\x89\xad\x7b\x98\xef\x86\xda\x61\x50\xc0\
\x6f\x3c\x0a\xc9\x0c\x20\xc0\xfc\x08\x08\xb0\xf3\x9b\xfa\x11\x38\
\x04\x1e\xe2\xb0\x42\x18\x26\x66\x80\x81\xb5\x3d\x39\xa6\x9f\x23\
\x4b\xf0\x27\xcb\x3a\x40\xbd\xec\x58\xec\xc9\x92\xf6\xf7\x76\xe3\
\xd4\xc9\x72\xbc\xf8\xbe\x75\xb9\x55\x3d\x05\xe9\x97\x54\x36\xe3\
\x1c\x24\xa1\x10\x10\x79\x67\x70\xa2\x89\xe7\x51\x2c\xb4\x24\x7d\
\x54\x1e\x58\x9e\xd7\x5c\x9f\x49\x94\x41\x80\x32\xea\x40\x78\x8d\
\x22\xe5\x11\x68\xc2\x34\x3e\x61\x25\xce\x3c\x21\x41\x2c\x6f\x79\
\xd9\x4f\x43\x3c\x54\xd1\x73\x96\xb8\x93\xc9\x02\x21\xa4\x31\x59\
\xc9\x30\x77\x4e\xd6\xe5\x68\x12\xf8\x35\xee\x74\xc0\x94\x29\x90\
\xe0\x9b\x8d\x31\x98\x3b\x11\xce\x6d\x79\x73\xa4\x0e\x06\xc5\x72\
\xf2\x1b\x38\xf0\xfd\x61\xfc\x5c\x94\x99\x7c\x40\x60\x0e\x2e\xc1\
\x3d\xf8\x62\xc2\x98\x61\x5c\xee\xd1\x26\x73\x26\xf4\x06\x21\x4a\
\xba\xa2\x50\xd3\xa5\xc5\x82\x31\xb4\x8c\xb2\x62\xa5\x35\x70\x12\
\x98\xe3\x0e\xf2\x9b\xfa\xa8\x03\x81\x22\xb9\x8c\xfa\xc3\x5e\xcd\
\x8c\x98\x4d\xd9\xbb\x58\x7e\x32\x7c\x01\xbd\xc0\x13\xdf\x52\x39\
\x6c\xba\x1a\x01\x29\x89\xe9\xdb\x68\x57\x16\x89\x75\x3c\x27\x82\
\x6e\x85\x88\xa5\x98\x09\x29\x20\x96\xc0\x7c\x30\xe8\x5b\x38\x10\
\x0f\xa1\x41\x80\xaf\xb6\xc0\x47\xeb\x98\x31\x64\x9a\xf5\xdb\xef\
\xa0\x93\x43\x9d\x46\xd3\xe0\x66\x41\x38\x08\x60\x17\x69\xc5\x9c\
\xe9\x0a\xa4\xb6\x42\x10\xd1\xbe\x1e\x02\x16\x5f\xb9\x4e\xb5\x61\
\x40\x74\x42\x88\x20\x1e\xf3\x14\xf9\x2a\xa6\x08\xae\xfa\x29\xeb\
\xba\x54\xbe\x60\x10\x12\x4b\x47\x88\x8b\x5c\x9c\xf6\xb0\x72\x42\
\x30\xf9\x20\x22\x70\x03\x1b\xcc\xc6\x7d\xea\x81\x80\x8b\x71\x3f\
\x5e\x70\x63\x35\x5e\xfd\xaa\xa3\xd2\x8c\x3b\x31\x19\x9c\x8b\xb9\
\xdc\x2a\x0b\x98\xda\x43\x48\xec\x37\x0b\x26\x76\x34\x41\xcd\xb9\
\xc9\xd5\x33\x7e\xa6\xf0\xd0\x09\x3d\x33\xf7\xa7\x05\xe1\xb9\x85\
\x4c\xcf\x9d\xcf\xa0\xea\x3f\xb9\x64\x95\x4a\x4b\xb8\xe6\x53\x6a\
\xfd\xd8\xec\x5e\x17\x5d\x05\xa7\xad\x7a\xd3\x82\xb6\x7b\xf1\xa2\
\xac\x30\x56\x5c\xe5\x29\x8b\x6b\xa4\x6a\xec\x9a\xe9\x00\xaf\xe0\
\xc0\x49\xd5\xd1\x27\xda\xa3\x9f\xc5\xeb\x03\x1e\xd6\xd5\x63\x5c\
\x63\x55\x61\x6d\x6d\x97\x50\x42\x42\x2c\x01\x53\x82\x1b\xea\xf3\
\x26\x09\xba\x6f\xeb\xa1\x7a\x48\x16\x14\x25\x5c\x27\x70\x4c\x5e\
\xea\xe1\x31\x8c\xcd\xc8\x26\xfd\xf1\x6f\xc1\xc3\x20\x8b\x57\x1e\
\x10\xa0\x4b\x6d\xce\x18\x58\x10\xfc\x85\x8b\x45\xf9\xb4\x72\x69\
\x59\xc8\xcf\x91\x56\x86\xbe\x81\x45\x95\xb1\xc0\x25\x5e\x15\xa7\
\x25\x30\x87\x48\x57\x23\x20\xa2\x33\x63\x21\xd2\x2a\x62\x12\x40\
\x86\xf9\xf1\xdf\x71\x9d\xb0\x00\xb8\x44\x20\x1b\xa0\x41\x14\xd7\
\xa4\x02\x51\x1c\x30\x1b\x0b\xff\xbc\xfe\x4a\xd7\x04\x6f\x74\xca\
\xf9\x90\x02\x25\x34\x12\x87\x05\x46\xd7\xf8\xb5\x1e\x2e\x16\x62\
\xd8\xe0\x9a\x11\x2b\xf6\xb3\x1d\x49\x63\x54\xe5\x36\x01\x15\x04\
\xcd\x25\xdb\xf0\x1b\xa3\x2e\x6a\x5b\x70\xaa\x90\xeb\x04\x63\xac\
\x4e\x85\x18\x10\xab\x38\x18\x7e\x86\x0d\x61\x1c\x08\x92\x9f\x6f\
\x56\x79\x05\xf8\xc0\x4a\xf2\x6e\x7e\xea\xf0\x44\xf1\xd2\x9e\xdc\
\xb9\xde\xde\x4e\x5c\xbf\x3e\x8e\x97\xdd\xbf\x16\xeb\xdd\x5e\x4c\
\x87\xe7\x15\x87\xf4\x6c\x29\x32\xa8\x54\xa2\x80\xe8\xc4\xc4\xd8\
\x33\x96\x91\x36\xd1\xb4\x08\xba\xee\xa5\x57\x60\x5c\x01\x39\x16\
\x31\x2d\x8a\x9b\x35\xcc\xe0\x28\x85\x45\xb5\x32\xa2\x33\x6b\xc6\
\xf6\x79\x29\x81\xd9\xba\xb4\xea\x9a\x04\x82\xd1\x9c\xaa\x62\xa1\
\x83\xe0\xbb\x2d\x6c\x6a\x8d\x65\x42\xbb\x43\x6e\xb4\xb7\x87\x47\
\x89\x9f\x44\x07\x0e\x0b\x0a\x78\xd0\x3d\x2b\x1a\xe5\xe5\xa5\xa4\
\x1c\xda\x95\x7d\x14\xde\x10\x13\x98\x9f\xa1\x78\x5b\x01\xd5\x06\
\x9d\xa1\x29\xcc\x59\x58\x07\xf0\x09\x6c\x4c\x1a\x32\xaa\x54\x08\
\x16\xb1\x17\xbc\x60\x65\xc7\x60\x05\x43\xd9\x42\x10\x34\x66\xb4\
\x8a\x72\x6c\xf9\x54\xc4\x30\x1c\x58\x09\x3c\x0d\x0b\xb3\x95\x1b\
\xf8\x41\x51\x62\x05\xc9\x93\x96\xb0\x10\x1c\xca\xf8\x37\x02\x25\
\x98\xe1\x17\x5e\xec\x1a\x8c\x56\x85\x0f\x91\xae\x46\x40\xa4\x15\
\x26\x0b\x46\x2b\xd0\xcc\xb8\x39\x74\x0e\xa4\x59\x43\xcb\x5c\xb3\
\x9e\x09\xc0\xd1\x0e\x3c\x73\x80\xa6\x67\x74\x04\x64\x16\x88\xe5\
\x5c\xdc\x87\x31\x5c\x97\x10\x8f\x76\x2e\x10\xcf\x73\xcc\x2c\x1a\
\x87\x6b\x18\x18\x24\xd1\x06\x48\xa6\x6e\x10\x8a\xf6\x80\x88\xcc\
\xe2\x52\x9e\xdf\x24\xca\xfb\xa3\x2b\x22\x94\xe1\x5c\x09\x66\x41\
\x10\x84\xce\xed\xaf\x60\xf5\x64\xa7\xfe\xf0\x91\xbd\xd4\x5e\xf7\
\x86\xbc\xda\x29\xe6\xe9\x09\xbe\x3d\x06\x00\x66\xfa\xbd\xb3\x13\
\x27\x9a\xbd\x78\xf9\x7d\xb8\x93\xfb\x0a\xfa\x2f\xca\xcd\xcb\x97\
\x7f\x1c\x43\x88\xf1\xd3\x72\x08\x32\x5d\xc3\x2c\xe0\x47\xff\x32\
\x4f\xf1\x1b\x3e\x22\x6e\xd3\x05\x0c\x50\x10\x7c\x05\x7c\xe6\x7b\
\xf6\x3d\xa5\x72\x59\xee\xad\x04\xe4\xb1\x2f\xcb\xbd\x8a\x8e\xfd\
\xef\xa2\xdf\xdd\xf5\xb5\xa8\x37\x15\x5f\x29\x3f\x3a\x95\x60\x7b\
\x3e\xc3\x62\xe4\x37\x56\x0a\x05\x40\xbf\x38\x7b\x14\xc9\xed\xa4\
\xf0\xcd\x85\x27\xe6\x48\x18\x85\x64\xeb\x22\x70\xce\x90\x76\x01\
\x57\xd2\x85\xb8\x2f\xdd\x52\xda\xa4\xae\xa2\x6e\x70\xa5\x9c\x16\
\x88\x84\x35\x59\xad\xa0\x3b\x67\x12\xd6\x08\x4b\x41\xb3\xac\xda\
\x4e\xba\x4a\x2d\x08\x96\xa2\x2d\xc7\x5c\xe4\xd5\x41\x1b\x20\x91\
\x33\x75\x43\x47\xf2\xf1\x3b\xe1\xd7\xa1\x3f\x5b\x7d\xd3\x8c\x55\
\xbf\x96\xda\x43\xa5\xab\x11\x10\x76\xfd\xa9\xc2\xd2\x68\x1b\x80\
\xc1\x2d\xb0\x99\x95\x76\xc7\xcd\x62\xa2\x49\xb0\x5b\x3b\xd0\x51\
\xdc\x28\x46\x7c\xf0\x75\xe9\x14\x48\x2d\x10\xca\x7a\x24\xef\xc1\
\xba\x22\x14\x48\xf2\x6c\xb7\x7e\x43\x62\xe7\x93\x30\xb0\x1e\x8b\
\xd8\x85\x8f\x86\xce\xa5\x79\x2a\xd2\x6a\xb8\x41\x68\x0b\x84\x84\
\xfc\xfe\x74\xb1\xcc\x3c\x5a\x93\x4d\xed\xea\xb2\x30\xbc\xfa\xcb\
\x30\xed\xde\xde\x9e\x08\xaf\xb8\x43\xf9\xaf\x3b\xa1\x68\x1a\x8e\
\xe5\x7f\x9d\x10\xf6\x5e\x7f\xa8\x8e\xa5\x96\xe4\x35\x53\x2f\x51\
\x97\x16\x35\x1c\x62\xbe\x85\x84\x25\x14\x0c\xca\xd5\x8d\xc1\xc1\
\x6e\x1c\x6b\x0f\xe3\x15\xf7\xaf\xc7\xc6\x66\x2f\x46\xbd\x8b\x82\
\xa9\x6f\x6b\x91\x16\x20\xab\xc7\x10\xfa\x0b\x4e\x26\x31\x4f\x60\
\x00\xb4\x79\xba\x3a\xa4\xfc\x12\x16\x42\xe0\x2b\xfe\x33\x4c\xce\
\xab\x47\x05\xf3\x32\x01\x46\x1e\x56\x09\x0b\x20\x09\xe8\x22\x2e\
\x5e\x5c\x28\xf6\xe8\xe8\x9e\x2c\x5e\x5b\x42\xa2\xbe\x36\x9a\x0a\
\x78\x25\x40\xf4\x99\x01\x89\x16\x01\x35\xae\x8f\xf0\xc5\x2e\x34\
\x98\x2b\xce\x15\xc7\x1a\x08\x15\x2d\x2a\x2f\x7d\x94\xbd\x60\x79\
\x10\xef\xce\xf3\x3e\xce\x48\xf9\x88\x5d\xa0\x11\x40\xa5\x15\xd0\
\x6f\x59\x30\x14\x09\x65\x6c\xfe\x54\x92\xd8\x0d\x97\x87\x79\x08\
\xe8\x56\x6c\x13\x0b\xfe\x10\x7c\xb1\xb6\xfb\x02\x83\x27\xb3\xab\
\x1a\x0b\xc1\xca\x65\x52\x55\x58\x6c\x26\xff\x04\xa9\xca\xb2\xae\
\x0f\x61\x15\x80\xc2\x55\xa5\xc2\xe6\x17\xf0\x08\x68\x26\x2e\x62\
\x69\x8f\xe0\x13\xcf\xa1\x64\x50\x46\xe0\x15\xdb\xcb\x57\xa6\x18\
\xb0\x60\x87\x94\xc3\xa6\x43\x0b\xc8\x8f\x3f\xf0\x40\x55\xc8\x29\
\xb1\xce\x08\x04\xe0\xea\x80\x0c\xaf\xbf\x01\xdb\x3a\xd3\x7d\xaf\
\xab\x11\x62\x61\x70\x3a\x45\x32\x6d\x75\xe4\x02\xb5\x14\x08\x90\
\x49\x02\xf1\xe4\x1d\xca\x1f\xc6\x27\x06\xa9\x04\x5b\x20\x90\x97\
\x62\xc8\xef\x49\x28\x09\x1b\x07\x79\xac\x45\xd4\x06\x0c\x54\x55\
\xb0\xc6\x3a\x30\xde\x95\x67\xd2\x0e\xe1\xe3\xb9\x05\x4e\x65\xb1\
\x32\x10\xc6\xb3\xf6\x2b\x6d\x46\xfb\xb4\x49\x3b\x0c\x1a\x50\x97\
\xe3\x16\x59\x46\x6b\x3e\xb5\x0d\x5c\xf4\x67\xec\xb6\xc4\x24\x07\
\x7b\xb1\xd5\x18\xc4\x2b\x1f\xd8\x8a\xad\x23\x03\xc5\x4f\x3b\x31\
\x1b\xf1\xba\xac\x60\xd5\x73\xda\x30\xb1\xe8\x37\x16\x44\x09\x6d\
\x4e\x37\xe9\x29\x62\x92\x16\x63\xc5\xfc\xe6\xbd\xc4\x81\xe1\xf1\
\xfd\x95\xc6\x2c\xf0\x26\x58\xb0\x06\x3c\x80\x31\x97\xf3\x66\x9c\
\x39\xd3\xd3\x9d\x23\x51\x6b\xb0\xbb\x3d\x16\x5b\x6d\x0b\x67\xfe\
\x84\x82\x98\x43\x35\x39\x16\x64\xe9\x07\x2e\x27\x07\x78\xa0\x5f\
\x80\x43\x5d\x5c\x93\xdc\x57\x95\xf1\xa0\x86\x14\x0b\xa3\x4c\x49\
\x37\x0e\x29\x40\x5c\x22\x5c\x23\x15\x44\xae\x59\xe2\x0f\x93\x9a\
\x21\x05\x16\x4a\x05\xed\xcd\xc4\x2a\xaf\x19\x03\x47\x81\x77\x8e\
\x82\x0e\xa4\x42\x38\xa0\x0f\xf7\xa0\x03\xc9\x74\x51\x5e\x94\x3e\
\x74\x2e\xe8\x02\xac\xf3\x79\x5a\x40\xae\x29\xff\x0c\x5d\xa5\x68\
\xd4\x05\x7f\x64\x47\xf7\x39\xb2\x3d\x5c\xfd\x65\xd4\x20\xc8\x21\
\xd3\xa1\x05\xe4\xfa\x87\x1e\x9a\x97\x2b\x35\xc9\x42\xfa\x7a\x58\
\x07\x6f\xad\xa9\xeb\x92\xfc\x4f\x7f\x0d\x49\x8c\xc1\x4e\xde\x10\
\xd6\x1a\x19\x01\x22\xaf\xb4\x18\xb3\xce\x94\x2d\x90\xc3\x0c\x2e\
\x1d\x03\xc1\x5e\x12\xaf\xfb\x9e\xbf\x30\x93\x8f\x0d\x29\x6b\xa3\
\x58\x7e\x40\x3c\x02\x13\x79\xb3\x6b\xf9\x98\xf4\x1e\x64\x51\x1e\
\xed\xd3\xed\xb6\x3d\x6a\x05\x56\x7d\x6f\x75\x86\xd3\xb0\x5e\x45\
\x72\x1d\xc0\x0f\x82\xc5\x18\x9c\xbd\x72\x55\xf9\x20\x0c\x01\x3b\
\xc2\xc0\x9f\x28\xa7\x3e\x49\xa7\x49\xb3\xce\xfa\xfb\xd1\x9c\x5d\
\x8a\x57\xdd\xbf\x11\xc7\x4f\xf4\x14\x24\x5f\x96\x15\xcb\x4d\x16\
\x10\x74\xe0\x41\xf3\x73\xac\x1a\x4a\x21\x11\x61\x91\x84\x64\x38\
\x5c\x1c\x31\xb1\x98\x08\xf8\x94\xd9\x67\xff\x26\xa1\x25\x29\xaa\
\x6b\xe5\xce\xfb\x08\x10\x92\x03\xd9\x65\x1d\x16\x8b\x7a\x9c\x3d\
\x37\x8b\xce\xd1\x1b\xbc\xd4\x1d\xfc\xc2\xe0\xd0\xc0\x56\x87\x1a\
\x00\xc1\x1f\xd7\xa1\x4e\x1e\x33\xdc\xcb\xb2\x93\x9c\x94\xb5\x82\
\xc1\xfd\x82\x4e\xea\x3f\xf9\x29\x07\xf3\x13\x44\x11\xcf\xb1\x6c\
\xc8\x42\xac\xbf\x9a\x70\x8f\xa0\xe0\x5e\xf1\xaa\xac\x2d\xab\x69\
\x98\xee\xb3\xf1\x2b\x21\xb2\x60\xae\xfa\x86\x10\x14\x74\x80\x4e\
\x04\xec\xcc\x7b\x70\x40\x63\x9e\x83\x6f\xce\xaa\x24\x05\x43\xf9\
\xf9\xd2\x31\x89\xb2\xd4\x95\xb4\xa2\x9f\x0c\x14\xa4\x97\xa1\xee\
\xda\x4a\xb0\x3c\x25\xe9\x98\x9e\x04\x89\xa1\x6b\x0b\x2f\xa6\xf4\
\x90\x69\x45\xc1\xaf\x3e\xfd\x6c\xe2\x71\x51\xcc\x7a\xc3\x4c\x7d\
\x69\x0e\xd6\x64\x39\x30\x53\x62\xb2\x28\xdd\x88\x1c\xfe\xb3\x69\
\xd6\x33\x10\x83\x50\x60\x16\x1d\x6c\xaf\x84\x87\x33\x07\xbc\x00\
\xc3\xfa\x4d\x42\x95\x83\x08\xbc\x95\xf6\x95\x47\x1f\x13\x41\x65\
\x11\x24\x34\xca\x00\x47\x59\xd0\xa8\x93\xf1\xfd\xfc\xac\x72\xfa\
\xd6\x20\x8a\x33\x44\x01\xe1\xa4\x82\x38\x10\x82\x33\x65\xc9\x03\
\xbc\xb8\x83\xf8\xf8\x9e\x6f\xd1\xb5\xe1\x16\x82\x47\x72\x4b\x26\
\x08\xb4\xca\xf4\x55\xff\x78\xb0\x1f\xed\xe5\xe5\x78\xcd\x03\xc7\
\x63\x6b\x6b\x2f\xc6\x07\x17\x62\x8e\x25\x14\xd3\xe3\x9c\x94\x54\
\x56\xfc\xa8\xb3\x88\x0b\x1a\x54\x96\x61\x67\xb8\x93\x20\x97\xc9\
\x37\x33\xb9\x4e\x0e\x9e\xcd\xfe\x08\x0c\x10\x02\xaf\xb3\x2a\x49\
\x6b\xc2\xaf\x70\xc0\xea\x3e\xd6\x81\x8f\x56\x2e\x99\xee\x2f\xd5\
\xe3\x60\x8f\x91\xbf\xb6\x34\x7e\x33\xba\x6d\x36\x66\x48\x2d\x8c\
\xe0\xf9\x65\x24\x2f\xbf\x90\xbf\x2f\xb7\x04\x85\x43\x7b\x28\x1c\
\x5c\x2e\xea\x64\x1e\x04\x37\x29\x55\x42\x32\x32\x2b\x03\x58\x27\
\xc5\x3c\x87\x7e\x44\x6b\xad\x8b\xa9\x90\xeb\xb6\xa6\x76\x61\x36\
\x8a\x20\xa0\x12\x7f\x9d\x81\x0b\xc6\x34\x3b\xd0\x09\xfe\xad\xf0\
\x0e\x0d\xf2\xb5\xd9\xec\x27\xf1\x1c\xf7\x13\xe7\x08\x19\x31\x68\
\x0a\x01\x34\x82\x3f\x58\x1d\x4d\xff\x19\x2c\x01\x4d\x8c\x58\xb9\
\x5a\x1f\x28\x10\xea\xa0\x0c\xf4\x55\x39\xd1\x90\x51\x47\x96\xfb\
\x50\x2f\xfd\xc6\x72\xa4\x20\xd5\xdd\x0f\x9d\x41\xe2\xa1\xd2\xa1\
\x05\x44\x49\x82\x29\xa2\x0b\x28\x3a\xe7\x9d\x4b\x84\x5c\x30\x06\
\xf3\x71\xc6\xc4\xe6\xeb\xb2\xb9\xf6\x06\x62\x17\xa6\x14\x8d\x81\
\x29\x47\xe3\xc0\xb8\x20\x2e\x85\x83\xbe\xe4\xdb\x79\x30\x3d\x9d\
\xc6\xa7\xc5\x05\xe1\x53\x6f\xb8\x0b\x8c\x5a\xd5\x71\x95\x84\x41\
\x18\x99\x7c\x08\x21\xc2\x5a\xd4\x4d\x35\x85\x46\xb1\x30\xaa\xfd\
\xa2\x7e\x90\x57\x08\x1f\x02\x6a\xf2\xaa\x01\xae\x49\x30\xd1\x70\
\xc8\xe6\x09\x62\x1a\xe5\xef\x0b\xbe\x21\xc4\x93\x25\x6b\x96\xf6\
\xe2\xe5\xf7\x6e\xc6\xc9\x63\xfd\x98\x0e\x9e\x96\x70\xf4\x14\x62\
\x8a\xc5\x16\x0a\x46\x65\x15\xd0\x6c\xc0\x0c\x93\xea\x86\xe1\x20\
\x79\x94\x0a\xca\x8b\xa8\x58\x19\x62\x92\xb2\xf2\xe5\x63\x3d\x13\
\xcc\x66\x1c\xd5\x61\xe9\xf1\x6d\x84\x09\xf6\xe5\x59\xf6\xc9\xae\
\xa4\xea\x52\x76\x33\x90\xc2\x21\xf5\x5d\x79\xf5\xdf\x6c\xc1\xe8\
\x1e\x2e\x0b\x4a\x85\xb8\x29\x97\xda\x38\xc8\x96\xeb\xb9\x90\xd0\
\x12\xf3\xb0\xf3\xe2\x7c\x22\xff\x5d\xf4\x6a\x2a\x90\x6f\xe9\x60\
\x3d\x1d\xaf\xe5\x56\x58\x01\x2c\x84\xcc\xe9\x87\xd0\xb1\x94\xb4\
\x6f\x1c\xdb\x0c\xb1\x6f\x4c\x75\xaf\x27\xe6\x0b\x2f\x74\x6c\x89\
\x0e\xe9\x8e\x02\x98\xdd\x20\x59\x96\xdc\xd2\x35\x67\xcc\x0b\xc1\
\x61\x41\x69\xc2\x9f\x16\x32\xf1\x2c\xba\x08\x78\xc3\xaa\xce\x40\
\x27\xee\x73\x26\x0e\x65\x48\xda\xb1\xcb\x8a\xc6\xa9\x68\x05\x9b\
\x60\x17\x4a\xf4\x3b\xd7\x61\x81\xcd\x58\xf2\x76\xa7\x90\x01\xa6\
\xf4\x90\x65\x2f\xe0\x92\xb9\x1a\xe8\x3e\x12\xfd\x0e\x9b\x92\x3e\
\x87\x48\x0f\x3e\xf8\x60\xf5\x9b\x5f\xd0\x1a\xbf\xe8\xe6\x63\xe5\
\xa9\x04\x04\xb7\x88\xf7\x22\x08\xc8\x3b\x8a\x47\x10\x8a\xec\x58\
\x02\xdd\x14\xc2\x00\x16\xaa\xf2\xd1\x7c\xee\xb3\xd1\x01\x88\x6d\
\xb3\xcc\x5c\xf9\xbd\x76\x5f\xa6\x1a\x41\xf2\xda\x1e\x21\x0e\x5f\
\x14\xb7\x06\x57\x03\xc6\x5d\xeb\x4a\x93\xe9\x37\xda\xcc\x4b\x51\
\xc0\x8f\x90\xef\xc0\x50\xed\x42\x0c\xca\x31\x8e\x5e\x20\x9d\xc4\
\x6f\x2c\x86\xdd\x39\xc1\xa2\x2a\x0c\x8f\x85\x48\x07\xed\x9c\x7e\
\xe2\x4c\x1c\x3d\x76\xd4\x2f\x71\xe9\x81\xea\x95\x70\xa8\x9e\xde\
\xa0\x17\x21\x17\xaa\x31\xdf\x8b\x07\x5e\xd4\x8d\x1b\x4e\xca\x4a\
\xca\xc5\x62\x7d\x15\x73\x1a\x4c\xaa\x51\x1f\xca\x10\x4d\x09\xd1\
\xcd\xfa\xfc\xd3\x51\x30\xbc\xf7\x07\xf3\x3d\xfd\x87\x70\x28\x3f\
\x71\x42\x66\xd2\x33\x84\x47\x41\x29\x20\xa3\xa1\x11\x0c\x82\x55\
\x21\x57\xcf\x81\x07\x17\x50\x87\x98\xa3\xd6\xda\x90\xd6\x6c\xc5\
\x53\x67\xaa\x71\xd0\x67\xf2\x93\x91\x21\x84\x84\x7e\x67\x2c\xc0\
\x7e\xb9\x5e\x79\x00\x73\xa9\xed\x5c\xdb\x34\x91\xeb\x92\xa3\x7d\
\xc4\x87\x57\x5e\x56\x93\x8b\x02\x00\x38\xb9\x0c\x86\x30\x14\xcc\
\x52\x7f\x0f\xbe\x48\x30\xdc\x05\x59\x2f\x26\x47\x6b\x30\xb5\xee\
\x33\x01\x58\x93\x75\x62\xc6\x9e\xe5\x3a\x6c\x07\x54\x29\x1d\x17\
\x5c\x8c\x9e\x49\x83\xcb\x1d\x63\xf9\x3c\xa3\x87\x76\xc3\x55\x06\
\x1a\x71\x0d\xbe\x59\xff\x06\xad\xa9\x0b\x6b\x87\x55\xe1\x63\xa5\
\xe0\xe7\x19\x6f\x22\x95\x01\x02\x61\xe1\xd1\x31\x93\x12\x80\xae\
\xd9\x1f\x94\x28\x8a\x77\xe5\x3a\xcb\xbd\x83\xc6\xcc\xcf\xe0\x92\
\xcf\x6a\xed\x78\x72\x77\xfc\xa3\x6f\xfd\xe1\xbf\xf5\x4f\x33\xc3\
\x57\x97\xa0\xcc\xa1\xd2\x77\x7f\xf7\x03\xed\x97\xdf\x70\xac\x7f\
\xeb\x89\x75\xfb\xde\x98\xb2\xed\xbd\x3d\x31\x5f\xed\x8a\x76\x46\
\x40\x60\x56\x10\xe0\x59\x5d\x75\xae\x24\xa9\x76\xf0\x0a\x62\x84\
\x6c\x24\xdd\x1a\x5e\x4c\xce\x35\xa6\x15\x2d\x98\xab\x33\xf3\xfd\
\x8d\xfe\x01\x13\x8d\xb8\x4d\xb9\xd9\x00\x9c\xc5\xa8\x14\x26\xb9\
\x10\x82\x22\x60\x6b\x77\x9a\x71\x70\x70\xa0\x3a\x32\xbe\xe0\x1e\
\x30\x20\x14\x68\x1c\x88\xc4\x6f\xea\x46\xb0\x3c\x54\x29\xb3\xcc\
\xa8\x17\xcf\x99\xf8\x84\x69\x07\x22\xb8\xdd\x30\xc1\xcb\x8b\x45\
\x9d\xf9\x8e\x2c\xc7\x7a\x9c\x38\xc6\x37\x3a\x2e\xc4\x72\x2a\xa1\
\x91\x86\x46\x20\xd0\x9c\x08\x85\xad\x87\x0e\xfa\x0d\xe0\x10\xda\
\xf7\xa0\xb0\x70\xb4\xb4\x30\x72\x3f\x15\x07\x8c\x89\xb6\x76\x19\
\x15\x50\xf7\x2d\x20\xd6\xc4\xba\x83\xdc\x54\x2a\xe6\x4c\xfd\x86\
\xe9\x65\xab\xd4\x77\xf1\x91\x50\x20\x2d\xde\x3c\x22\x47\x4c\x78\
\x95\xbb\xe5\x38\x03\xdf\x1f\x8a\xea\x50\x4b\xc6\x27\x9c\x5d\x58\
\x2a\x14\x0b\x70\x60\x45\x6c\xe5\xd4\x4f\x3f\x59\x5d\xe7\x90\x30\
\x42\x49\x66\xff\x53\x19\x2c\x21\xf0\x73\x53\x7d\xe4\x4f\xe5\x78\
\xc8\x72\x1e\x3a\x80\x30\x70\x03\x9c\xef\x5c\xdc\x88\xcb\xe7\xbb\
\x31\xe8\xb1\xeb\xbf\x94\x99\x9e\xb0\x97\x96\xf7\x27\x10\x9d\x4d\
\x6b\x6b\x7b\x1d\xea\x37\x4c\x6e\x05\xca\x7c\x93\xea\x41\xeb\x93\
\x07\xaf\xc4\xd6\x5d\x34\xcc\x9d\x12\xf3\x7e\xe1\x6d\x40\x57\xe8\
\x07\x4f\x14\xaf\x07\x73\x1f\x85\xcb\x70\x34\xde\x0b\x8b\x25\xa7\
\xb5\x6e\x3c\xb9\x37\xff\x91\xb7\xbf\xf3\x67\xfe\x99\x1a\xfd\xaa\
\x13\xfc\x77\xa8\xd4\x7a\x74\x28\x55\x2d\xc1\x10\xd1\x73\x47\xf6\
\x4a\x6c\x6c\xac\x5b\x38\x8a\x0e\x24\xd2\xa6\x51\x97\x86\x69\xc8\
\xcc\xb3\x22\x95\x80\x90\x61\x61\x18\x9e\x00\x10\xc4\xd0\x29\xaf\
\x1f\x92\x69\x46\x03\x80\xef\xa5\xfe\x43\x33\x1c\xf4\x87\xfa\x5d\
\x98\x5f\x46\xb0\xa6\x5e\x10\x38\x67\x49\x89\x09\x9e\x82\x80\x66\
\x82\xe9\xb7\x2f\xef\x8a\x84\xb9\x74\x64\x26\x41\x43\x20\x40\x6c\
\x2e\x85\x50\x5e\x69\x46\x90\x4d\x19\x12\xbf\x85\x4b\xc1\x5c\x30\
\xad\x60\xe4\x9e\x74\x29\x02\x38\xea\x29\x20\x1f\xef\xc4\x4b\xef\
\x5c\x8b\xeb\x8f\x09\xf6\xf1\xa5\x58\x0e\xf7\xa3\x2c\xab\x56\x62\
\x79\xb6\x88\x5d\x9e\x0b\x0e\x84\x4f\x7d\x52\x73\xaa\x93\x58\x46\
\x95\xb3\x06\x8a\x67\xe6\xb8\xfc\x1f\x41\x80\xcd\xc8\x8f\x35\x05\
\x87\x20\x42\xa0\x19\x3e\x60\x80\xe9\x18\x78\x11\x28\x12\x2e\x31\
\xfa\x4c\xcf\x59\xd6\x8e\x34\x49\xd8\x54\xab\xae\xa5\x3d\x65\xd5\
\xec\xa6\xf2\xbd\x8f\x46\x45\x56\xba\x1a\xad\x5a\x39\x9a\x5e\x58\
\xa8\x18\x50\xcf\xfc\x9d\x15\x5d\x63\x20\x9a\xba\x6e\x8a\x4e\x75\
\xdc\xa9\x3a\x9b\x69\x90\x47\xca\xab\x32\xd1\xfd\x99\xae\xa5\x98\
\xaa\x52\x26\x12\xca\x7a\x4d\x81\xbc\x8e\x96\xca\xd6\xa9\x47\x4a\
\xa4\x29\xc1\x6d\x55\x74\x5f\x40\xb3\xe4\xb0\x59\x56\x19\x09\x66\
\x55\x42\x5d\x6f\x60\x8d\x06\x71\xec\x18\xfb\x90\x41\xff\x1c\x89\
\xa2\x6f\xf4\x03\xa1\x60\xef\x02\x16\x92\xa2\x00\xec\xfe\x08\x4f\
\x08\x05\x01\x3e\x4b\x4b\xf0\x3e\xa0\x4b\x61\xd9\x79\x7f\x84\x35\
\x5b\xd0\x06\xbe\x42\xd1\xf9\xbd\x12\x2b\xb7\x14\x30\x7e\x17\x65\
\xfc\x5c\xfd\xc5\x12\xa1\x93\xc0\x36\x65\x67\xcb\x89\x32\x1f\x2e\
\x25\x97\x1c\x22\xb5\x6e\xbe\xb9\xfc\xa2\x1b\x1a\xff\xc7\x1b\x4e\
\x6c\x45\x5f\x4c\x5c\xab\x2b\x20\xb7\x50\xa0\xf5\xe8\x14\xa6\x33\
\x7d\x67\x88\x88\x55\x60\x53\x05\x90\x86\xf6\x2f\xab\xe3\xac\xd0\
\x85\x69\xd0\x02\x2a\x20\x06\xc0\xa5\xc2\xe7\x4e\x81\x40\xb3\x80\
\x68\x7e\x73\xc6\x12\x99\x89\x54\x86\xf9\x10\x98\xd9\x33\xdd\x2a\
\x0b\xc2\x1d\xb0\xab\x8c\x4d\xb6\x84\xc2\x5a\x51\x30\x99\x58\x6a\
\x1b\x04\x32\x70\x40\x1b\xc0\x06\xb8\x45\x1e\x34\x93\x2e\x0c\x07\
\x56\x83\x17\x6d\xe6\x22\x66\x7d\xbc\x1d\x0f\xdc\xbd\x1e\x37\xdf\
\xa0\x67\x93\x4b\x31\xeb\xef\x41\x6d\x58\x14\xf4\x9b\x48\x50\xc3\
\xcb\x38\x04\x37\xda\x0c\x6d\x8b\x9b\xc3\x73\x62\x11\x70\x60\x82\
\x82\x1b\x97\xa1\xcf\xe8\x78\x15\x75\x9b\x7e\x94\x49\x65\xc9\x59\
\x68\x47\xff\x59\x63\x48\x68\xae\x84\xd3\x29\x48\x4b\xb9\x53\x8b\
\xd9\x40\x16\x6d\x3f\x66\xe3\x83\x98\x8d\xa4\x38\xc6\xbd\x58\x4c\
\x65\x71\xf5\x7b\xa1\xdf\xf3\xe9\x41\x2c\x27\xfd\x50\xc0\xa4\xfe\
\xec\xfb\x7a\x2e\xeb\x37\xe7\x6d\xc7\x89\x9e\xcd\x94\x57\x67\xae\
\xb1\x8a\x0b\x0e\xfd\x9e\x51\x4e\xf5\x4c\x54\x76\xae\xf3\x62\x32\
\xc8\xe7\xca\xcf\x31\x53\xdd\xcb\x05\xf3\x4d\xa3\x98\x2a\x10\x17\
\xd8\x62\x4e\x29\x89\x69\x3d\x76\xb7\xdb\x31\x1e\x82\x77\x5c\x24\
\x2c\x74\xc6\xa0\x86\x59\xfd\xa5\x6f\x5e\x20\x29\xba\x9a\x9e\xf4\
\x53\xcf\x98\xc5\xe7\x1a\x65\xe6\x72\xc2\x51\x31\xd0\xc3\x7d\xe8\
\x87\xe0\xb0\x67\xef\x15\x7c\xea\xba\xa8\x8b\x44\x3b\x3c\x63\x20\
\xc7\xf1\x5a\xb5\x19\x97\xf7\x87\xef\xff\xd5\xdf\xfc\xfd\x8f\x3b\
\xc3\x57\x99\x92\xa3\x0f\x91\x6e\xbf\xfd\xa1\x85\x18\x72\x39\x18\
\x8e\xed\xc7\xd2\x49\x86\x5f\x79\x6d\x95\x8e\x15\x6b\x64\xd0\x12\
\x0c\xf9\x4a\xdd\xc3\x0d\xb2\x18\xb9\x7c\x80\x61\x46\x7f\x7b\x0e\
\xe6\x50\x3e\xbf\xe2\x2a\xe9\x27\x00\x45\x98\xf2\x85\xff\x5c\x8a\
\x52\xbc\xf7\x0d\x82\x60\x74\x04\x0d\x21\x53\xa3\x7e\x9e\xae\x16\
\xb3\xe9\xd2\xa0\xd2\x34\xdd\xf5\x75\x23\xcc\xc3\xc1\x2a\x43\x7d\
\x68\x1a\x23\x58\xda\xd3\xcb\x20\x74\xa0\xb9\xac\x71\xcc\xee\xe2\
\x21\xb5\x33\x54\xbb\x10\x68\xca\xc8\xd4\x68\x27\xbe\x41\x96\xe3\
\x86\x13\x12\x96\xf1\xe5\x18\xee\x6f\x8b\x51\x18\x35\x53\x6e\xfd\
\xa3\x3e\xbf\x17\x2e\x82\xb0\xe0\xd0\x4b\xd4\x31\x8b\x18\x07\x08\
\xa5\xbe\x64\xac\x9e\x42\xcd\x61\x02\x2a\x1f\xf7\xa8\xc3\xee\x8f\
\x7f\x4b\x50\x95\x03\x46\x41\x70\x11\x25\x2f\x43\xb1\x0e\x53\x49\
\x59\x56\x15\x54\x5e\xab\x46\xfd\x56\x9f\x4a\xd3\xa8\x2c\x15\xcf\
\x2d\xfb\xaa\x47\x47\xf4\x75\xad\x43\x8c\x5b\xe6\x58\xf6\xa2\x3a\
\xd7\xf5\xac\x27\x2b\xd7\x8b\xca\x7c\xa0\xdf\x83\x28\x8b\xc1\x2b\
\xf3\xa1\xce\xc2\xdb\x5c\xf1\xa3\x82\xfb\xca\x52\xbf\x39\xeb\xa8\
\x2a\x20\xaf\x2f\x74\x3d\x93\xe2\xe3\x7a\x39\xd2\xf3\x91\x9e\xcb\
\x6a\xce\x32\x3f\x79\xa4\xe2\x44\x02\x29\x1e\x59\x04\x70\x31\x1a\
\xd4\xe3\xd2\x45\xd1\x6f\x9a\xcc\xca\x3d\xbe\x0f\x03\x7e\xa0\x3b\
\x8a\x0a\x66\x07\x7f\x3c\x4b\xad\x9f\x96\x05\x0b\xc3\x44\xad\xd7\
\xd2\xa1\x24\xc0\x9d\x70\xc9\x12\x13\xf2\x72\xc0\x57\x2c\x45\x22\
\x41\x4f\x2b\x4d\xe1\x03\xef\x85\x78\x0a\x1e\xb3\x20\xe9\x80\xbf\
\x3c\x08\x20\xcf\xa5\x55\xad\x63\xcf\x0f\x95\x0e\x2d\x20\xef\x7d\
\x6f\x2c\xda\x9d\xee\xc2\xc3\x6c\x62\x40\x66\x9c\xb7\xb7\xb7\xe3\
\xc2\x85\x0b\x76\xa3\xb0\x14\xb6\x1e\x02\x9e\xce\xf5\x15\x80\x3b\
\x88\x17\x23\xe1\x52\x91\xc7\x9f\x35\x53\x72\xa7\xc4\x68\xb8\x26\
\xbd\x7e\x2e\x8b\x46\x73\x22\x20\xc9\x30\x62\x68\x84\x08\xb3\x2b\
\x61\x6c\xb4\x3b\x0a\xe6\x14\x0b\xe8\x39\x02\xc8\xd0\xe4\x01\x6e\
\x97\x11\x99\x33\xbd\x26\x8e\xce\x24\x55\x61\x2b\x06\x52\x19\x62\
\x26\x81\x6c\x5e\x19\x9e\xb0\xc6\x4a\x84\x1a\x09\x1e\x6f\xb0\x20\
\xb8\xc7\xb8\x75\xfd\x9d\xb8\xf7\xb6\x7a\x9c\x3a\x29\x82\x4d\x24\
\x1c\xbb\x97\xed\xd6\x31\x0c\x6c\xa1\x5b\x09\xc6\x15\xa6\x55\x1d\
\x15\xdd\x93\x57\x22\x86\x52\xfd\xa2\x17\x5f\xd7\x82\xaf\x8b\x2f\
\x42\xe5\x84\x61\x12\x1f\x38\x29\x6f\xa1\xd0\xed\x3c\x54\x90\x43\
\x65\x95\x4b\xcf\x6d\xac\x54\x11\xcc\x96\x1a\xd8\x87\x1e\xf0\xdc\
\xa3\x66\x8c\x54\xc9\x9f\xab\x88\x79\xab\x62\x72\x18\xbc\x24\xad\
\x5e\x5d\x22\x3c\x1c\xaa\xc0\x56\x0c\x80\xf2\xb0\x40\xaa\x0f\xc0\
\x9d\x1b\x41\x73\xa6\x2e\x01\xa1\x67\x08\x37\xf8\xd3\x85\x0e\x3d\
\xd7\x33\xbf\xb0\xc5\xa5\x12\x8f\x54\x5a\x4c\x89\xb3\x27\x45\x53\
\x91\x9b\x3c\x6d\xc4\xd9\x27\x86\xf1\xf8\xa3\x58\x73\xde\xc3\x68\
\x18\xe7\x18\x58\x68\x89\x62\x43\x89\x71\xb6\xb5\x58\x31\x38\x09\
\x25\xe7\xb9\x0f\x55\x8c\x52\xc5\xfa\x43\x1f\xae\x11\x22\x0e\xae\
\x8d\x2f\x9d\xbd\x2e\x4f\x75\xdb\xc5\x56\x02\x37\xb9\xec\x85\xe1\
\x69\xe6\x3e\xdc\x0d\x97\x27\x36\x16\xbf\x24\x23\x1c\x22\x1d\x5a\
\x40\x98\x49\xaf\xb5\xda\xb3\xb5\xf5\x8d\x68\xb7\x72\xb3\x03\x12\
\x9d\x61\xe4\x04\x60\x59\x37\x25\x32\x0b\x29\x39\x56\x2d\x32\xf9\
\xf0\xb0\xaf\x98\x07\x24\xf9\xfb\xd9\x42\x9a\x09\xa3\x33\xbb\x9e\
\x43\x7e\x34\x03\x1d\x34\xef\x89\x29\x41\xb3\x87\x7b\xf5\xab\xd8\
\xf5\x82\x11\x0f\x66\x86\x53\x80\x12\x41\x8c\x96\xb0\x24\x9c\x04\
\x4c\x05\x5c\xc5\xd8\x38\xc4\xf1\x12\x05\x11\x9d\xba\xd0\x36\xb8\
\x67\x34\x31\x96\x4b\xc5\x27\x97\xa7\xfb\xe7\xe2\x25\x37\x47\xdc\
\x7c\xbd\x08\x33\xdb\x8e\xf1\xde\x8e\x84\x44\x1a\x15\x02\xa9\x8c\
\x14\xa6\xf5\x7a\x55\xd7\x15\x60\xa4\x30\x95\xa1\xf9\x74\x82\x29\
\x10\x02\x2e\x80\xdf\x4c\x2f\xf8\x0b\xc1\xf0\x21\x61\xa1\x0f\xfc\
\x46\x48\xa8\x17\xc6\xf5\x1c\x8a\x18\xcf\x73\x27\x94\xd7\x3d\x78\
\x18\x52\xb9\x1c\x15\x12\xe0\xb8\x62\x9d\x10\x3a\xaa\xe7\x92\xdb\
\x08\x14\xf9\xd1\xa8\x3a\x10\x80\x2b\xb0\x5c\x39\x12\x4e\x02\xf0\
\x15\xaa\xb8\xb8\x22\x8c\x3e\x30\x5a\x2b\x4e\xa3\x8c\x7a\xe9\x33\
\x70\xe0\x4e\xf2\x73\xbe\xc4\x4b\x68\xca\xba\x56\xe3\xc2\x93\xc3\
\xf8\xdc\x67\x76\x45\x13\x96\x9a\x4b\x30\xe5\x5e\x31\xbc\x8c\x95\
\x1e\x8f\x65\xe5\x72\x72\x48\xf7\xd2\x7d\x26\x51\x3d\x3c\xc0\xb5\
\x5f\x43\x50\x9c\x83\x92\x2c\x84\x82\xfb\xe6\x0d\x25\x2b\x51\xe1\
\x0b\x98\x10\x12\xcf\x9b\xf0\xed\x11\xe5\x81\xb6\xbc\x8d\x58\xec\
\x5f\x96\x43\xec\x82\x54\x6d\xd9\x7b\xe0\x9b\x09\x87\x4c\x87\x16\
\x90\x9f\x7f\xe8\xa1\xa9\x02\xab\x0a\xb3\xcb\x2c\x92\x03\x70\xdc\
\x1b\x86\x73\xcd\x88\xea\x10\x08\x20\xd1\x21\x10\x81\x66\x70\xa7\
\x61\x2a\x08\x40\x3e\x75\x82\xe7\xe9\x4e\x41\xe1\x65\x6c\x6d\x6e\
\xda\x62\xa0\x19\x40\x84\xb5\x87\x48\xc4\x24\x64\x6a\x9a\x88\xfd\
\x83\xbe\x35\x3e\xfc\x81\x60\x80\x08\x34\x1f\x2f\x34\xc1\x10\x34\
\x0d\x52\x19\x82\xa4\x4e\xe0\x03\xd9\x39\x51\x88\xe5\x99\xaf\x34\
\x17\x8b\x16\x59\xc2\x2e\xb7\x4a\x84\x5c\xf4\x9f\x8e\x97\xde\xd1\
\x88\x5b\x24\x1c\x95\xe9\x4e\x4c\xf6\x14\x73\xb0\x66\x49\x0c\x99\
\x82\x0f\x3b\xab\x4d\xf5\x9b\x8d\x1d\xfc\x35\x27\x07\xcf\x30\xb0\
\x4e\x30\x25\x5a\x1a\x18\xf4\x1c\x6b\x62\xef\x48\x80\xa2\x49\xe1\
\x2c\xe0\xf2\x01\x8c\x3a\x4c\x74\x48\xb1\xca\x87\xe5\xa5\x5f\xd4\
\x47\x72\x5e\xb5\xa3\x93\x05\xcb\x2e\x8a\x7f\xab\x2c\x0c\xab\x07\
\x16\x28\xdd\x4c\x81\x54\x19\x0a\x53\xb9\x92\x89\xac\x32\x59\x88\
\xb6\xb3\x8d\xcc\x9f\x67\x0f\x28\xe8\xc4\x8a\xde\xbc\xbf\x12\x62\
\xb9\x3e\xb6\x02\x7a\x48\xbf\xa9\xd4\xed\x09\xcf\xb5\x7a\x3b\xa6\
\xa3\x4a\x3c\x75\x7a\x14\x1f\xf9\xf0\x59\x3d\x3f\x15\xcd\x9a\x68\
\x27\xd7\x06\x98\xad\xe1\x65\x35\x4c\x77\xc7\x64\x08\x87\xe0\xd5\
\x7d\x8e\xa9\x18\x1a\x1a\x14\xd7\xc5\x42\x54\x84\xa3\x48\x78\x03\
\xe4\xe1\x80\x0f\x10\x12\xcf\xb3\x29\x91\x2f\xf7\x42\x40\xd1\x20\
\x50\x39\xf2\x69\x5e\xe3\xcc\xb5\xe0\x54\xd0\xfe\xfc\x5b\x90\xf7\
\xbc\x47\x65\x97\xf3\x0a\x1f\x4b\x1c\xf4\x7b\x8e\x19\xf8\x1e\x03\
\x2e\x88\xbf\xff\x21\x80\x8d\x20\xa5\x42\x4b\x80\x04\x92\xd7\xe8\
\xe8\x1a\xb3\x58\x3c\xe3\xc5\x2b\x91\x45\x88\xc8\xb1\x6d\xb2\xa2\
\x7d\x18\x92\x85\x28\x98\x55\x04\x31\x37\x6b\x2b\xc7\xc6\x46\xd7\
\xef\x57\x17\xae\x53\x61\x76\x5d\x96\x12\xa6\x76\x1e\x20\x96\x83\
\xe7\x05\x1c\x08\x0b\x8c\x86\x8f\x4b\x40\xc8\xd2\xee\xca\xe0\x7c\
\xdc\xa7\x60\xfc\xf6\x13\x32\xcd\x0a\x5c\x27\x97\x2e\xc5\x72\x24\
\xbf\x1d\x78\x75\xf0\x3e\x38\x9c\x6b\x57\xc8\x8c\x24\xc2\x8a\xb1\
\x58\xca\xed\xd8\xc3\xcf\xc5\xc8\xc8\xf9\x8a\x41\x11\xfc\xc5\x3c\
\xf3\xa4\x60\xc0\x9c\x7a\xa0\x04\xb1\xf3\xcb\xbd\x69\x4d\xcc\x28\
\x05\xec\xba\x47\x1d\x69\x65\xb2\x4c\xba\x65\x08\x94\xc8\x46\x15\
\xca\x8c\xe2\xe0\x37\xcf\x7c\x4f\x19\xdc\x8e\xdf\xe6\xcc\xb3\x1e\
\x5a\xb8\xa9\x9b\xc3\x19\x95\xc7\xbf\x5d\x8e\xdf\xca\x83\x69\x4c\
\xe9\xf2\x41\xfb\x05\xac\x0c\x12\xe8\x52\x67\x29\xa3\x12\x9b\x3e\
\x34\x63\x36\xa9\xc5\x85\xf3\xa5\xf8\xad\xdf\x3e\xa3\xd8\xed\xc6\
\xe8\xb6\x4e\x44\x5d\xc2\xc1\xe6\x0c\xcc\x75\x08\x65\x52\x44\xd4\
\xbb\x12\x10\xe1\xd9\x56\x70\x55\x2f\xc3\xc3\x05\x4f\x20\x8c\x40\
\x67\xd8\x79\x86\x52\xd4\xd9\x73\x5b\x2b\x8b\x82\x90\x70\x0f\x01\
\x29\xf0\x95\x96\x86\x39\x90\xec\x4f\x71\xdf\x67\xd9\x79\x70\x35\
\x18\xee\xe6\xab\x8f\x87\x48\x87\x16\x90\x87\x1e\x7a\xa0\x29\x1f\
\xbf\xc4\x24\x99\x5f\xb6\x97\x60\xd4\xd5\x61\x24\x96\x03\x17\xca\
\x0c\x29\x30\x01\xbc\x90\x66\x68\xe0\x40\x57\xda\x82\x95\xbd\xc5\
\x04\x12\x5a\xaa\xc9\xb4\xb0\x10\xc0\x33\xf2\x79\xbc\x5d\x0f\xbc\
\xe1\x33\xf9\x9f\xc5\x48\x30\x38\x67\x86\x64\x41\x8d\xdd\x24\xdd\
\xf3\x57\x75\x75\x66\x55\x31\xda\x9e\x6d\x78\x18\x26\xd6\x69\x85\
\x38\x08\x80\x96\x87\x48\xb8\x69\xa3\xd8\xdb\xdd\x8e\xc9\xce\xd3\
\xf1\x82\x93\x11\xb7\x5e\x2f\x6b\xa7\x80\x76\xb4\xb3\x1b\x8b\x51\
\x5f\x42\xa1\x78\x08\x1f\x5f\x7e\x0b\xfe\x7e\x11\x6f\x70\x62\x68\
\x12\xfe\x82\xa7\x38\x98\x1d\xc7\xf9\xa0\xbf\x1c\xe9\xf2\x31\x1a\
\x23\xd7\x90\xbc\x28\x46\xe5\x87\xc8\x24\xac\x46\x05\xc1\x81\x91\
\x54\x9e\xfd\xa3\xc0\x96\x57\xfe\x02\xaf\xae\xa9\x03\xb8\x49\xb4\
\x49\x51\x94\x4f\x11\x2f\xf8\x44\xbd\xe4\xb1\x22\xc0\x7d\xa1\xbf\
\x08\x11\xbf\x75\x5f\xfd\x67\x9e\x49\x95\x19\x54\x27\x95\x05\xef\
\x45\x82\x86\xc5\x9b\x8d\xb4\xcd\xf4\x0b\x34\x80\x41\xa0\x4d\x21\
\x7f\x8a\x2a\x3d\x07\xb3\x98\x37\x63\xe7\x72\x35\xde\xf7\xdb\x0f\
\xc7\x70\x7e\x4c\xde\xc3\x31\x09\x07\xf3\x56\x6c\x38\x4e\x40\x2e\
\xe6\x55\x9d\x1e\xc2\x55\x5b\xd0\x0d\x6b\x80\x35\x61\x9e\xc2\x81\
\xb5\xe8\x44\xa2\x7f\x28\x39\x02\xf9\x42\x81\x91\x78\x8e\xa0\xa0\
\xfc\x72\x72\x37\xef\x27\x1d\x53\xf0\x70\x76\x3d\xca\x25\x45\x85\
\x50\x7a\x23\x08\xf0\xad\x36\x8d\x3b\xc1\xd1\x6c\xb5\x57\xb3\x88\
\x5f\x7d\x3a\xb4\x80\x90\xbc\x08\x51\x8c\x0f\xa3\x1b\x39\x02\x88\
\xce\xd0\x01\xfa\x02\x01\x58\xb1\x0b\xb0\x98\x56\x88\xc2\x33\xde\
\xaf\x60\xb9\xba\x47\xad\xc4\x19\xb8\xa7\x68\x2b\xe6\x42\x10\xa8\
\x99\x82\x61\xf9\x61\x76\x8f\xd8\x45\xaf\xd3\xed\xb8\x1c\x08\x07\
\x51\x46\x9a\xce\x35\x21\x02\xca\xf9\x5d\x07\x1d\x04\x12\x10\x3a\
\x5f\xe4\xd1\x59\x08\x06\x91\xc0\xe1\xe5\xd9\x22\x31\xda\xc6\x08\
\x56\xbb\xc4\x3f\x25\xd4\xbd\x02\xf2\x17\x49\x30\x6e\xbf\xae\x16\
\xf5\xe5\x30\xc6\xbb\xbb\xb1\x1c\x33\x12\x24\x6b\x64\xce\x40\xa8\
\x18\xc4\x85\x69\x84\x78\xdd\xc3\xd1\x2a\xae\x19\xbd\x02\x0e\xdc\
\x12\xfb\xfb\x4a\x30\xba\xc7\xfa\xd5\x0e\x96\xca\xcb\xdb\xd5\x3b\
\x26\x79\x68\x9f\x04\x5e\x8a\xc3\x0a\xc1\xbf\x79\x90\xcf\x0c\xa7\
\xea\x2e\xf2\x90\xa8\xd7\x19\xf8\x5f\xcd\x72\x45\x1e\x4f\x2a\xe9\
\x58\x65\xd3\x3d\xca\x66\x3d\x05\x0e\x38\x7b\x48\x55\xcf\xa9\xfb\
\xd9\xf5\x5b\x19\xf1\x04\xe1\x54\xca\xf6\xb8\x06\x18\xf2\x73\x29\
\xdc\x55\x5b\x8a\x31\xaa\xb1\xb7\x53\x8f\xdf\xf9\xc0\xa3\xb1\x7d\
\xb0\x15\xad\xf6\x96\x9e\xe3\xee\x30\xfc\x3b\x8c\xd1\xa0\xef\x3a\
\x0a\xc1\x80\xd1\x73\x57\xc7\xf9\x6a\x17\x12\x62\x87\xf0\x6e\xfe\
\x08\x12\x79\x10\x1e\xf2\x01\x27\x42\xc4\x75\x01\x3b\xf4\x2e\x9e\
\x03\xf3\xb3\xef\x03\x1b\xe7\x74\x97\x73\xcd\x1d\x2b\xcc\x49\x85\
\x72\x91\xeb\x96\x37\x0e\x91\x0e\x2d\x20\x07\x07\xdd\x09\x26\xdc\
\x1a\x52\x88\x63\xf3\x05\xe6\x35\xe8\x08\x89\x00\x9a\x17\x9c\x58\
\x6d\x8b\x95\x18\xc9\xec\x4a\xd0\x65\xea\x9f\x99\x39\xe7\x7d\x04\
\x18\xda\x0b\x1e\x6d\x1d\x44\x28\x75\xbe\x5a\x11\x43\xa0\xb1\xe5\
\x2e\xf1\xc9\x68\xbf\x86\xaa\x03\x2d\x03\x62\x88\x37\x6c\xfe\xa5\
\xad\xec\xf3\xab\x3d\x96\x15\x64\x2c\x94\x6b\xaf\xd0\x7a\x0a\xce\
\x92\x81\xf4\x9b\x80\x51\xfc\x6a\xa2\x8d\x98\xb0\xf2\xc4\x95\x02\
\xf2\xdd\xf3\x71\xe7\xf1\x79\xbc\xf0\x66\x09\x6d\x65\xa4\x80\x7c\
\x57\x44\x96\xe5\xf0\xce\x80\x30\xa9\x60\x51\x1b\x6a\x48\x07\x67\
\x55\x38\x57\xbd\x7c\x38\x55\xf7\xec\x9b\x43\x24\xc1\x47\x5e\x18\
\x89\x36\x21\x22\x7f\xc0\xab\x02\xc2\x91\x70\x85\x58\xa9\x5c\x79\
\x81\x5f\x6c\xee\x05\x20\x97\xa7\x6e\xac\x02\x04\x01\x6a\xf0\xca\
\x12\x91\xaa\x18\xb6\x10\x52\x4e\x7c\xd1\x89\x20\x1b\x50\x88\x6d\
\xec\xe6\x99\x7b\x49\x79\xe6\x1a\x06\x04\xfe\x04\x38\x99\xc8\x30\
\xd1\xe6\x95\x24\x0b\xa6\xfb\x30\xd2\x33\xee\x14\xd7\x08\xb2\x14\
\x80\x80\x41\x6e\x84\x71\x79\x58\x2a\x8f\x32\x9c\x23\x1c\x95\xf8\
\xad\x7f\xf7\x78\x3c\x79\x7e\x4d\xc2\x71\x22\xba\x4d\x5e\xf3\x2d\
\xe7\xdc\x94\xe0\x06\x1c\x46\x2a\x61\x68\xdc\x21\xea\x65\x01\x24\
\xca\x33\x57\x59\xb0\x21\x44\x5a\x7c\x14\x67\xb1\x8d\x29\xd6\x83\
\x33\xf0\xb3\xba\x1b\x98\x6d\x71\x56\xcf\x0a\x2b\x42\x3d\x24\xf3\
\x82\x10\xc1\x99\x7a\x79\xce\x6f\xdc\x6c\xf2\xf3\xad\x1a\xe2\xd2\
\xf9\x54\x12\x79\xc8\x74\x68\x01\x39\x71\xf1\x62\x99\x77\x92\xfd\
\x82\x13\xc4\x05\xd1\x3a\x60\x3a\x80\xe2\x5b\x84\x60\x97\xfb\xb8\
\x48\x00\x0e\x31\xd0\xea\x0e\x94\xa5\xf1\xbd\xb6\x48\x42\x86\xd6\
\x40\x03\x70\xf6\x52\x77\x09\x15\x65\xb8\xb7\x10\x22\x0b\x8d\x80\
\x60\x70\xc0\x30\x58\x0c\x4f\x3a\x0a\x61\x10\x04\xa4\xc1\xfc\x98\
\x6e\x12\xf7\x21\x4c\xfa\xf7\x68\xb7\x91\xfc\x64\x95\x11\x73\x79\
\x89\xf7\x6c\x1c\xcb\xe1\x76\xdc\x71\x6c\x19\x77\xdf\xd2\x8c\x6e\
\x6d\x1e\x83\x9d\xed\x58\xf6\xf6\x3d\x64\xea\x65\x1b\x62\xd8\x1c\
\x01\x4a\x46\x37\xff\x88\xe9\x69\x0f\xae\xe6\x7c\x85\xe9\x78\x46\
\x5b\x3a\x7c\x4f\xf9\x9d\x7b\xf5\x2c\xcb\xa7\x30\x30\xe6\x0f\x83\
\xdb\xe2\xe8\x1e\xcf\x8a\xe7\x3e\x53\x16\x77\x4b\x79\xb1\x50\xec\
\x2c\x5b\xb8\x3b\x30\x33\x82\xe0\x7a\xdd\x28\xe5\xb2\x8f\x30\x06\
\x8c\xc9\x91\x2e\x24\x30\x2a\x3f\x45\x48\xfa\xed\xb6\x74\x9f\x3f\
\xca\x63\x59\x8b\x7c\x57\x70\x46\xfb\x4a\x8e\x17\x28\x8c\xa5\x96\
\x3b\xb3\x98\xd5\x62\x77\x27\xe2\x77\xfe\xdd\xa3\xf1\xc4\x53\xb5\
\xe8\xac\x1d\x89\xf5\x6e\x5b\xcc\x59\x77\xac\x40\x43\xd4\x0f\x4c\
\x93\x49\xbe\xae\x0b\x1c\x49\xdf\x74\x97\x70\xa3\xa0\x27\xef\xb3\
\x90\xa0\x8f\x87\xf0\xd5\x36\xf9\x10\x1a\xf7\xcd\xb0\x0a\x49\x82\
\xb1\x88\x3d\x8a\xf4\x6c\x37\x2c\x3d\x02\x09\xaf\xda\x64\x89\x3e\
\xcf\xf0\x1e\x18\xce\xbf\x74\xf1\xbc\xef\x35\x9a\x0a\x5a\x0f\x99\
\x0e\x5d\x30\x8e\x47\x9d\xf9\x03\xfc\x4d\xbf\x39\x28\x44\xb0\xb8\
\xad\xd8\x35\x84\xcd\x85\x59\x46\x02\x52\x50\x45\x68\x02\x86\xe1\
\x8a\x37\x06\x61\x0e\xfa\x58\x48\x3d\x89\x4e\x43\x64\x88\xc2\xbb\
\x1e\xac\x1d\xf2\x42\x42\x21\x11\xe4\x21\x18\x0c\xa9\x12\xdf\xd8\
\xfd\x62\x79\x89\xea\xc6\xbd\x23\xe0\x67\x0b\x1e\x7f\x5c\x52\x65\
\x31\xdd\xde\xe5\x50\x56\x0a\x10\xf0\x40\x68\x70\x3e\x1d\x85\x4c\
\x57\x4c\x14\x77\x9c\x6c\x0d\xe3\xbe\xdb\x5b\xb1\x56\x97\x30\xea\
\xba\xc4\x9e\xb9\x25\x11\x52\xe8\x26\x3b\x4e\x11\x16\x02\xc2\x73\
\x95\x01\x26\x16\x0b\xa6\xc2\x9a\xc0\xe5\xfa\xb7\x62\x2a\xe5\x4e\
\x0f\x45\xd7\x2e\x21\xc2\x51\x87\x9f\x0b\x36\xf2\xa6\xa5\xc1\xd9\
\xd2\x7d\x09\x41\x21\x50\xb4\xc1\x89\x5f\x09\x2b\xf2\xc6\xb3\x84\
\x83\x83\x0b\xe7\x15\xba\x68\x0b\xfc\x19\x1e\x0b\x08\xca\x82\xfc\
\xd4\xaf\xf2\xae\x89\x43\x49\x37\x58\x77\x65\x97\x67\x55\x07\xd5\
\x90\x2f\xdb\x7e\x26\xf7\x82\xb5\x57\x15\x69\x65\xea\x02\x06\xac\
\x70\xb5\x2d\x45\xd5\x88\xfd\xdd\x72\xbc\xef\x77\x1e\x8d\xcf\x3c\
\x8c\xc5\xde\x92\xe5\x6f\x45\x5b\x34\x66\x49\x4b\x02\x43\x9f\x69\
\x1c\x5c\xc8\x1a\x52\x5e\x70\x79\x73\x3d\xe1\x0e\x21\x01\x0f\x58\
\x90\x5c\x0e\x02\xac\xb8\x47\xab\x78\x75\xc5\x1b\x56\x12\x3a\xb3\
\xae\x8f\xcf\x18\x50\x86\x03\x17\x8a\xfb\x59\x47\xe6\x65\x3e\x8d\
\x0f\xa1\x5a\x31\xab\x0d\x12\x9e\x04\xf4\x61\x96\x9f\xc1\x97\x5a\
\xb3\x9d\xc1\xce\x21\xd2\xe1\x05\xe4\x22\x2b\x32\xe6\x0b\x5e\x51\
\xf5\x27\x7b\xc5\x74\x23\x46\xa0\x84\x18\x58\x08\x0d\x01\x81\x0b\
\x93\x89\x0b\xc4\x82\xbb\x7a\x5d\x01\x1e\x38\x14\xf6\xd0\xfa\x68\
\x07\x84\x88\x83\x8e\x43\x2f\xd1\x58\x09\x66\x53\x46\x56\x7c\x0a\
\x19\x1c\x08\x20\x82\x83\xb0\x81\x9c\x83\xfd\x03\xbb\x75\xcc\x69\
\xe0\xd2\x19\x89\x58\x22\xb7\x2f\x81\x99\xb2\x69\x9c\xdc\x28\x1d\
\x62\x09\x23\x7b\x2a\x1f\x79\x36\x38\x88\x13\xad\x7e\xbc\xf8\xd6\
\x66\xac\xd5\xc6\x31\xda\xbe\x18\xf3\x83\x3d\xb9\x3f\x8a\x63\x04\
\xb3\x89\x6c\x6e\xd1\x01\x97\x14\xf1\x83\x7e\x3b\xd8\xb6\xa0\xc0\
\x94\xba\x05\xc0\xca\x82\xa5\x34\x6f\x38\x8f\xc1\x5f\x09\x17\x3f\
\x61\x66\x3f\xf4\x5f\xd9\xbe\x51\x3e\x23\xd9\xbd\xd1\xad\xa2\x0d\
\x1e\xb9\xde\x55\x9e\xe2\x97\xeb\xb9\x52\xe7\x9f\x4d\x28\x04\x9a\
\xb0\x42\xca\x2a\x0c\x53\x96\x53\x52\x39\xce\xc0\x91\x75\x73\x4b\
\xb0\x38\xbf\xee\x71\x03\x4d\xac\x83\x35\x5f\x33\x05\xf8\x72\x7c\
\x84\xef\xb6\x60\x6b\x47\xaf\xdf\x88\x0f\xfe\xe1\x85\xf8\xcc\x23\
\xec\x67\x75\x5d\xb4\x44\x3b\x3e\x8e\x54\x91\x00\x51\x87\xe7\xa1\
\x56\x34\x62\xe5\x83\xdd\x5c\x35\xc8\xbb\x27\x9c\x53\x90\x93\xb9\
\xc1\x1d\x1e\x02\xbf\x29\x0b\xb3\x63\xe1\x0b\x2f\x82\x54\xe4\x67\
\x76\x3d\x05\x09\x97\x2f\x0f\x7a\x64\x9e\x12\x6f\x61\x91\xac\x64\
\xe9\x80\x70\x47\x5b\x6e\x57\x7c\x92\x56\x2d\xa2\x77\x70\x90\x1d\
\x3e\x44\x3a\xb4\x80\x1c\xdc\x3c\x29\xc9\x7f\x2c\xf3\xa2\x8a\xa0\
\x16\x82\x85\x64\x88\xb4\x42\x38\x1d\xc0\xa5\xe2\x6c\xf7\x4b\x88\
\xf2\x6b\xa2\xea\x34\x5a\x2c\x19\x8a\xce\xe6\xcb\x32\x24\x10\xc1\
\xc7\x57\x18\x89\x61\x74\x0a\x21\xf2\xc4\x98\xce\x46\x96\x2c\x82\
\xd7\x73\xe9\xb0\xd9\x55\x7e\x34\x30\x66\x1a\x0c\xa4\x90\x2d\x25\
\x24\x72\xa9\x54\x1e\x62\xbb\x0e\x61\x8f\x65\xd7\x6c\x6e\xc7\x6e\
\x1f\x27\x2a\xbb\xf1\xb2\x3b\x9a\xb1\x5e\x57\x40\xb9\x7d\xc9\x2f\
\x3c\x29\x13\x68\x37\x1c\xb4\x95\x71\x01\x17\x79\x14\xef\x94\xf3\
\x0c\x90\xbc\xa1\xb5\x98\x88\x21\x5c\x2f\x41\xb7\x60\x88\x80\x10\
\xc9\x65\xa8\x0d\x82\x92\x8f\x72\xc0\xe1\x82\x19\xe4\x2b\x6f\x31\
\x21\x98\x5a\x17\xa1\x53\x9f\xf9\xed\xfc\x68\xf9\x67\xb4\x69\x71\
\x76\x3c\x44\x6e\xb5\x51\xdc\x23\xa5\xd0\xfa\x27\x55\xe9\x1f\x78\
\x06\x2f\x59\xd6\x30\xad\x92\x61\x5a\x25\xb5\xa4\x67\xc4\x48\xab\
\x1b\xb0\x84\xfa\xe5\xf7\x31\xd8\x1c\x6f\xde\x8c\xd1\xb0\x15\xbf\
\xff\x87\xe7\xe3\x93\x9f\x93\xc7\xd0\x3d\x11\x9d\x0e\xf3\x5d\x6c\
\x3a\x27\x4b\x20\x0b\x21\x3b\x21\xba\xc9\x92\xb3\xfa\xd1\x68\xc2\
\x5d\x4a\xb7\x0f\x97\x98\x05\x87\x08\x8f\xe7\xb9\xc8\x8d\x10\x28\
\x9f\x37\xf6\x58\x29\x48\x92\x79\x45\x07\xd7\x90\x8e\xc0\x3e\x87\
\x87\x53\x18\x28\xe3\xdd\x18\x17\xe9\x4a\x16\x65\x48\xb4\x21\xf1\
\x53\xb9\x74\xb5\x98\x1f\xd9\xe3\x5b\xf9\x6a\xab\xd1\x6a\x6c\x38\
\xd3\x21\xd2\x33\x98\xfa\x2a\xd3\x70\x78\x63\x09\xe6\xb4\x06\x17\
\x22\x5a\x42\xda\xda\xc6\x9a\x3b\x02\xd1\x18\xbd\x2a\xb4\x05\x5d\
\x28\x96\x7d\xf4\x79\xcd\x92\x61\x5c\x90\x28\xe4\x91\x9f\xe5\x23\
\x64\xc2\x35\xe2\x4c\x7d\x7e\x17\x41\x65\x19\x09\xa2\x3e\xea\xca\
\x19\x6f\x31\x18\x9a\x4a\x04\x01\xc1\xb8\x60\xb0\x01\x08\xe3\xad\
\xbf\xa5\x9e\xe9\xa1\x5c\x03\x75\x0d\x81\x2c\xd7\x63\x38\xc2\xaf\
\xad\x28\xb8\xbc\x14\x9b\x8b\xf3\xf1\xd2\x17\x54\x63\xb3\xde\x8f\
\xd1\xce\xe5\x18\x1f\xf4\x62\xc9\x20\x87\xda\x84\xf9\x60\x28\x84\
\x1d\x9b\x83\xa5\x33\x53\xd2\xbe\x27\x17\xb9\x96\x32\x40\x20\xc4\
\x8c\x30\xa5\x09\xa4\xba\x73\x18\x57\x65\x04\xa7\x63\x63\xca\x88\
\x41\xe9\x03\x8c\x2a\xb2\x2b\x2f\xe8\x66\x2e\x80\xc7\xba\xb7\xf2\
\xd1\xcd\x18\xc6\x4e\xde\xf7\x6b\xbf\xab\x1b\x3c\x33\x0c\xe0\x51\
\xf5\x52\x8f\x2e\x95\x27\x61\x71\xdb\x12\x28\xea\x65\x84\xcc\xf7\
\x8b\xda\xa8\x64\xc5\x7c\xd4\xc1\x5d\xae\x72\x52\x5b\xf5\x71\xb8\
\x32\x5d\xd3\x86\xda\xc6\x35\x61\xf3\x87\x52\xb9\xa9\x7b\x6b\x31\
\x90\xe5\xf8\xa3\x8f\x9e\x8f\x8f\xfc\xc9\x5e\x34\xbb\xc7\x63\x73\
\xad\x1b\x0d\xaf\x0e\x2e\xc9\x82\x28\x38\xe6\xb5\x04\xfd\x46\x50\
\x58\xba\x83\x8b\x4c\x62\x81\x62\xbe\x76\x0d\x0f\xa4\x50\xa0\xfd\
\x0b\x57\x0a\xfa\xb3\x05\x2d\x42\x80\x05\x28\xf8\x06\x14\x15\x3b\
\xf6\x33\xd9\xc7\xb5\xb0\xaa\x7a\x50\x88\xe0\x17\xab\x87\x58\x67\
\x6c\x52\xf0\x18\x07\x6f\x9d\xd2\x5d\x5c\x79\xbe\x8b\x92\xeb\xf5\
\x88\x49\xca\xb9\xbe\xe8\x10\x29\xb1\x77\x88\xd4\x6a\x9d\x15\x2f\
\x56\xfc\xf2\x13\x9d\xe1\xe5\xa5\x83\x7d\x7c\xf8\x9c\x39\xa5\xe3\
\x5e\x64\xa8\x73\xb1\xab\x3b\xef\x75\xf0\xb2\x4d\xf1\x81\x78\x2c\
\x0e\x6f\x21\xda\x9f\x54\x9d\x1c\x45\xd0\x08\x53\xa1\x85\xfc\x4c\
\xd7\xb6\x18\x7a\x4e\x5b\xbc\x57\x61\xe1\x10\x36\xb8\xc7\x99\xd9\
\x71\xa1\xce\x08\x83\x31\x68\x1b\x8b\x85\x40\xb1\xce\x6a\xf7\xc2\
\x99\x68\x8e\xcf\xc6\x03\x77\xb4\x63\xad\x3a\x8e\xfe\xe5\xcb\x31\
\x15\x3c\x9e\x11\x37\x93\xd0\xae\x0e\x98\xdc\xb3\xc7\x30\x25\x87\
\x88\x01\xf3\x73\x56\x36\x0e\x34\xa6\x19\xd9\xcf\xd5\xaa\x18\xb4\
\x18\xa6\x65\xee\xc2\xaf\xd5\x4a\x98\x5d\xaf\xda\x37\x83\xf3\xcc\
\xcc\xbe\x62\x60\x7e\xe8\x0c\xd3\x16\xa3\x54\x5c\xd8\x8a\xe8\xb7\
\xf1\xb3\x3a\x73\x2d\x56\x31\xb1\x28\x81\x87\xe6\x76\x74\x5e\x3d\
\xd6\x0d\x70\x26\x1f\x5f\x37\xe8\x7b\x26\xfa\x62\xa9\x76\x5d\x0c\
\x9d\x53\x8e\x42\xae\x03\x01\x33\x04\x64\xa1\x12\xe5\x93\x1b\xbc\
\x28\xd5\x55\x77\x3b\xfa\x7b\xa5\x78\xe8\x93\xdb\xf1\x81\x3f\xbc\
\x14\x9d\x8d\x5b\xe4\xb2\xf0\x35\x5a\xb9\xa5\x6b\x6b\xde\x29\xa4\
\x5d\x6f\xf8\xa3\xad\xb8\x5a\x19\x6c\x63\xfd\x73\x78\xdb\xee\x1d\
\x82\xeb\x11\x31\xe5\xa9\xe2\x72\xe5\xeb\xcf\x69\xfd\xd3\xbd\x2b\
\x46\xa6\x8a\x84\x45\x01\xb7\xd0\x1d\x8f\x81\xf8\x85\x6b\x04\x0f\
\xbe\xf2\x0c\xbe\xce\x78\x27\xf0\x02\xf8\x41\xb8\x46\x12\x36\xea\
\xe3\x9a\xfa\xdd\x86\xba\xc4\x60\x91\x62\x99\x02\x21\x5f\x75\x3a\
\xb4\x80\x90\xbc\x1b\xb9\x8e\xc2\x7d\x62\xcf\x5d\x18\x14\xe1\x30\
\xc2\x21\x8c\x00\x26\xd6\xa0\x53\xc5\xcc\x39\x71\x0a\xc2\xc1\xbe\
\x54\x20\xa7\xe8\x68\xae\xb9\x4a\xd3\x5b\x24\x6b\x08\x99\x66\x18\
\x90\x9d\xbb\xb7\x36\xb1\x96\x22\x3c\xcf\x54\x06\xab\x81\x40\x60\
\x41\xd8\x6d\x9e\x7a\xd2\x65\x4b\xb7\x07\xcd\x36\xef\xef\x44\x77\
\x7a\x3e\xbe\xed\x9e\x8d\x38\xd6\x91\xa5\xd9\xeb\xc5\xac\x37\x94\
\x70\x88\x10\x70\x0a\x70\x42\x4b\x1d\x29\x10\x12\x00\x3d\x53\x61\
\xb1\x0f\xc2\xa2\xea\xf4\xdb\xe2\x68\x46\x34\x77\xa9\x0c\x07\x39\
\x14\x20\x0b\x22\x0f\xe5\x52\x8f\xfa\x66\xd6\x57\xf6\xc5\x42\xda\
\x92\xec\x3a\x78\x17\xa2\x88\x5f\xb2\x31\x98\x5d\x24\xd0\xa5\x14\
\xb7\x3a\x84\x00\x61\x61\x20\x4b\x5a\x06\xf3\xad\x92\x03\x6c\x95\
\x43\x7e\xd8\xef\x94\x2a\xdc\x80\x2a\x26\x4f\x21\x63\x02\x5e\xa0\
\x21\xe8\xca\x20\x61\x10\x75\x74\x4b\xf5\x81\x0b\xc1\xb4\x92\x0f\
\x7a\xe5\xfa\x96\xab\xa5\x24\x82\x52\x37\x71\x67\x98\x5f\xda\x8a\
\xfe\x7e\x25\x1e\xfa\xd4\x6e\xfc\xd6\x07\x2f\x88\xc6\x27\xfc\xd2\
\x52\xab\x59\x8d\xf5\xb6\xce\x0d\xd5\xaa\x42\xac\x7e\x60\x6f\x5c\
\xac\x79\x32\xb1\xe8\x28\xf8\xd8\xd9\x9f\x49\x3c\x04\xa6\xc5\xf6\
\x43\xab\xb6\x8a\x83\xb8\x01\xfe\x20\x3f\x4c\x5d\x04\xdf\x08\x05\
\x5b\x88\xb2\xef\x31\x75\xf0\x9b\xd5\xb8\xf9\x46\x22\xbc\x95\xc2\
\x40\x5f\xb0\x50\xb9\x15\x10\x0a\x61\x12\x6c\x6d\x6a\x9a\xab\x6f\
\x78\x22\x49\x17\x09\x99\x78\x71\x3a\x1d\x08\xd9\x87\x4b\x87\x16\
\x90\x6a\x75\xa3\x92\x0c\x2f\x69\x06\x58\x21\x6b\x26\x24\xb1\x79\
\x03\x9d\x65\x1f\x26\x02\xb7\x67\x07\xe2\xbc\xaf\x01\x52\x98\x6f\
\x65\x14\xca\x9a\x40\x79\xd0\x78\x08\x19\xef\x88\x34\xd8\x25\x51\
\xbd\xc4\xf2\x98\x80\x50\x5d\xdd\x63\xa4\x0a\xed\xc2\x7a\x1d\xdd\
\x74\x2c\xa2\xa7\x6e\xd7\x02\xa1\x7b\x68\x6c\x10\xc2\x30\x22\x73\
\x43\x0c\x20\xc4\x70\x3f\xb6\xe6\xe7\xe2\x5b\x5f\xbc\x15\xc7\xbb\
\xb2\x58\x3b\xfb\x31\xdc\xe3\xc3\x99\x62\x17\x33\x17\x9c\x96\xcc\
\x8a\x95\x80\xe7\x48\x6c\xba\x8d\x39\x17\x55\x92\xa3\xf4\xe0\xca\
\x24\x21\x20\x19\xac\xcc\x2f\x31\xa1\x84\xea\x92\x00\xe8\xc8\x1d\
\x4b\x74\xbd\x2a\x87\x50\x20\xe8\xf4\x85\x3e\x59\x73\xeb\x40\x46\
\xb0\x18\x3c\x4f\x18\x54\x13\xfd\xd0\x4f\xe7\xb7\x30\xe9\x10\x63\
\x50\xce\x0c\xef\xbc\xca\x0d\x03\xf0\xdb\xf9\x05\x89\xce\xfc\xce\
\x3a\x9c\xc5\x75\xc1\x54\xfa\xa5\x7f\xab\xbe\xad\x1e\x66\x3b\xba\
\x47\xbb\x08\x23\x47\x49\x8c\x5d\xea\xc6\x70\x77\x16\x7f\xfa\xa7\
\xdb\xf1\x6f\xde\x7f\x3e\x46\x8b\x2d\x31\x79\x2b\xba\x12\x84\xb6\
\xdc\x16\xfc\xcc\xa6\x68\xde\x69\xb5\x5c\x0f\x82\x4b\x82\x96\xe0\
\x01\x61\xa1\xde\x82\xe9\xa1\x23\xb4\xe7\xe0\xbe\x2d\xbc\x52\xe1\
\x52\x15\xbc\x91\xd6\x21\x2d\x00\x79\xb8\x0f\x7e\x19\xb1\x64\x34\
\xb0\xb0\x3c\xb9\xf5\x2b\x73\x6e\xbc\x0e\x91\xa3\x5b\xf0\x14\xcf\
\xc0\x25\xbf\x39\x48\x58\x27\x2c\x97\x0c\xfe\xa1\xd3\xa1\x05\x84\
\x37\x0a\xf1\x0b\x9b\x7c\xbc\x7d\x85\x7b\x3a\x87\x6f\x09\x63\x78\
\x69\x83\x7e\x7b\xe2\x50\x44\x62\x58\x13\x04\xcd\xa4\xe5\xb1\x34\
\x66\xa0\x02\x81\x12\x0e\xac\x81\x50\xa8\xf8\x64\x2c\xcd\x3e\xb7\
\x2b\x86\x20\x29\xd0\x91\x9b\x30\xb6\x9b\x56\x97\x36\xc9\x1d\xdf\
\x75\x5f\x0d\xb2\x2a\x98\x3a\x8c\x60\xc5\x31\x90\x9a\xe5\x12\xcc\
\xb1\x78\x09\xfc\xce\xc5\x68\xf4\x9f\x8c\xd7\xdc\x73\x24\x8e\xaf\
\x49\x33\x0f\x07\x31\xed\xf5\xa2\xea\x19\x72\xc1\x07\x83\x49\x28\
\xbc\x3c\x43\x9d\x28\x98\xde\x1b\x2a\x40\x6c\xc1\xab\x06\x74\x08\
\x36\xe0\xc5\x75\x50\x99\x7c\x5a\x3c\x13\x5b\xc0\x84\x94\xa5\x0e\
\x9e\xea\xb7\x28\xe7\x36\x98\x70\x44\xad\x16\xed\xd9\x9d\x92\x30\
\xe5\xf0\x2e\x65\x74\x80\x2a\x33\xbb\x08\x82\x30\xe0\x4b\x73\xe1\
\x76\xdd\x92\x0f\xf2\x3b\x9b\xeb\x15\x7c\x22\x3c\x47\x55\x47\xe1\
\x2a\x12\xe7\x78\x5e\x40\xbf\x39\xc0\x39\xe5\x38\xa8\x92\xc3\xc2\
\xb6\xba\x70\xbd\x6a\x0d\xb5\x55\x2a\x77\x62\x2c\xcb\xf1\xc5\x2f\
\xf5\xe2\x37\x7f\xf7\xac\x2c\xc7\xd1\xd8\xe8\x74\xbc\xa9\x43\x53\
\x8a\x08\xbb\xde\xc4\x13\x58\x29\x3e\xe2\x3f\x68\xcc\x56\x40\xc4\
\x0d\x04\xca\x54\x48\xfb\xe6\x05\xe5\x73\x2b\x6a\x1c\x06\x2e\x84\
\x03\x06\xe6\x1e\x42\x02\xed\xf8\x0d\x1f\xf0\x9c\x72\x28\x4d\x5b\
\x0a\x25\x7e\x73\x8f\x6b\xbb\x5d\xaa\x87\xfc\x39\xa2\x05\xc7\x30\
\x0a\x96\x6c\xcc\x7d\x52\x8e\x06\xea\x1e\x38\x56\x5b\x82\x26\x27\
\x5d\x0e\x91\x0e\x2d\x20\xef\xfd\xfc\xe7\xfd\x8d\x42\x12\x80\xd1\
\xb9\x04\x3c\x97\x05\xf0\x9b\x8e\x81\x8c\xe2\x19\x09\xdf\x14\xad\
\x53\x20\xa3\xb0\x22\xa9\x2d\x71\x79\x98\xd7\xa8\x45\xbd\x2c\x0b\
\x03\xa2\x44\x00\x16\xc0\x81\x20\x5c\x17\xea\xc1\x52\x21\x54\xae\
\x0f\x02\x59\xe0\x0a\x22\xb0\xac\x61\x16\xbb\x07\xe3\x58\xf4\x2e\
\xc4\x03\xb7\xb4\xe2\x48\x4b\x4c\xb7\xbf\x1b\xe5\x83\xfd\xa8\xc3\
\x7c\x02\x05\xc6\x84\x7a\x68\xbd\x84\xad\x38\xd3\x1f\xb1\xf9\x8a\
\x69\x2d\x2c\xc5\xf5\x4a\x60\x9c\x8b\xb3\x9e\xdb\x4a\x50\x8f\xae\
\x81\x9f\xdf\xb6\x08\x68\x7b\x2c\x90\xfc\xfe\x74\xb1\xb8\xa7\x1f\
\x94\xa1\x1d\x33\xae\x98\x43\xfd\x95\x56\x71\xdd\x16\x28\xe5\x21\
\xaf\xeb\xe0\x1f\xed\xac\xda\xa2\x0c\x09\x1c\xd1\x87\xe2\xb0\xe0\
\x61\x91\x56\x83\x05\x54\xaf\xcc\x3a\xaf\x0e\x3d\x07\x2f\xc0\x47\
\x35\x99\x20\x3d\x56\x43\xc1\xb4\xca\x21\x1c\x93\xbd\x88\x87\xbf\
\x32\x8c\x7f\xf3\xdb\x8f\x8b\xbf\xae\x57\x40\xde\x89\x8e\x5c\x97\
\xba\x68\x86\x82\xc8\xd7\x75\x79\x47\x3c\xf1\xcd\xee\xfd\xc9\xe4\
\xbc\xac\x86\xc7\x20\x2b\x20\xd8\x50\x4e\x05\xe3\xa3\xc5\xcd\xc8\
\x82\xbd\xa0\x77\xf1\x9b\xe7\x85\xd0\x18\x36\xfa\xaf\xba\xe0\x1f\
\x8f\x56\xea\x19\x65\x99\x25\xf7\x44\x30\xe5\xd5\x5e\x5a\x0b\xac\
\x55\xae\xac\xa0\xaf\xe4\x43\xd1\x65\x9d\xc2\x39\xe2\xac\xbe\x93\
\x4f\xf9\x13\x71\x87\x48\x87\x16\x90\xb7\xbe\xfa\xd5\x0d\x90\xe3\
\x35\x51\x48\xb9\x3a\x84\x66\x01\x40\xbb\x4d\x2b\xc1\xe0\x37\x07\
\xbf\x81\xd2\x5a\x5f\x67\x9e\x93\xb8\xa6\x93\x9e\x21\x37\x03\xe4\
\x21\x91\xf2\x1f\xb3\xac\x80\x49\xe7\x29\x43\xfd\x19\x63\xe8\xae\
\xf2\x33\x73\xee\xe5\x06\xba\x4f\x79\x96\xbc\x0c\x46\xb3\xb8\xbc\
\x7d\x10\xeb\xb5\x45\x9c\xe8\xaa\xad\xfe\x81\x02\xf2\x03\x51\xa1\
\x18\x19\x81\x31\x61\x3e\x9a\x7a\x06\x77\x30\x17\x37\x4d\x40\x31\
\xcf\x4c\x4c\xc7\x06\x0e\x6c\xf3\xc9\xa2\x58\xbf\x47\x8f\x0c\xf8\
\xbf\x95\xf6\xcd\x4a\x74\x8f\x0b\xd5\x0b\x07\x22\x07\xf4\x81\x2e\
\x4e\x55\x87\x0a\x97\x20\x98\x62\x01\x64\xc4\x4c\x2b\xe1\xc9\x1a\
\x10\x0e\xe6\x0a\x56\x42\xb2\xaa\x2f\x17\x2c\xae\x98\x5b\x96\xcb\
\xae\x96\x0e\xee\xbb\x4d\xfd\xf6\x59\xd7\xc2\x8e\xfe\x74\x56\xdd\
\x68\x4f\x98\xa3\xa4\x78\x22\x14\xff\x78\x80\x81\x6c\x54\xab\xa7\
\xe0\xa9\x88\x6d\xb0\x1c\xb2\xd5\x22\x42\x37\x46\xbd\x6a\x3c\xf2\
\xd8\x2c\xfe\xd7\xf7\x3f\x25\x90\x6f\x8c\xee\x5a\x37\x36\x56\xc1\
\xf8\x5a\xa7\x1d\x5d\xc5\x7f\x4d\xf9\xf6\x5e\x02\x43\xdc\x29\x1c\
\x52\x09\x42\x51\xc4\x1b\xff\x9f\x93\x7e\xf4\x0e\xb7\xf8\xd9\x7c\
\x50\x58\x86\x99\x68\x69\x86\x97\xc0\xf0\xdc\xf5\x39\x71\x8f\x41\
\x82\x15\x8e\x85\x13\xfa\x49\x1e\x78\xa4\x50\xbe\xd4\xc5\xfc\x9b\
\x69\x6e\x5e\xca\x81\x02\x60\x80\x57\x18\xa6\xc6\xb2\xb1\xa4\x65\
\xca\x47\x99\x0e\x99\x0e\x2d\x20\xa3\x63\x92\x4a\x01\x97\xbb\xeb\
\x49\x62\xf5\x1b\x6d\x86\xbb\xc1\xde\xb9\x68\x12\xdc\x08\x90\xc4\
\x6f\x13\xd3\x9d\x15\x72\xe0\x1c\xfd\x56\x4f\xec\x8a\xa1\x11\x60\
\x74\x3a\x0d\xb3\x33\x69\x84\x16\x62\x2d\x17\x4c\x04\x12\xf3\xe5\
\x17\x09\x19\xed\xa0\x2d\x94\x97\x40\x0c\xd7\x8c\xb7\x1a\x89\x6f\
\x60\x00\x56\xc4\x22\x40\x4c\x10\x0e\x54\xfe\xf2\x4e\x4f\xcc\x2d\
\x86\x61\xbb\x20\x11\x7d\xb1\x2e\x89\x59\xef\xc4\xd2\xc7\x5a\x2c\
\xc4\x04\x73\xb9\x11\xf3\xf6\x5a\x44\x77\x23\x16\x9d\xcd\x58\xb4\
\x37\x74\xdd\x55\x7e\xfd\x6e\x6d\xe9\xd8\x88\x65\x7b\x4b\xc7\x7a\
\x2c\x9b\x9d\x88\x76\x27\x4a\x7a\xbe\x68\x29\x4f\x4b\xe5\x1b\xdd\
\x2b\xc7\xa2\xb1\xa9\xf3\xba\x9c\xf2\xf5\x58\xb0\x5f\xae\x82\xd4\
\x68\xea\x77\x43\xbf\x2b\x0d\x44\xde\x44\x83\x98\x30\x3f\xf8\xd1\
\x0f\x33\x3f\x42\xc6\x3b\x32\xb0\x38\xf7\x11\x21\xf1\x32\xdd\x72\
\x12\xc2\xf3\x07\x09\xe6\xf1\x29\x2d\x57\x0e\x2a\x88\xe5\xa9\x83\
\x7a\xa5\x98\xed\xbe\x91\x0f\x21\x92\x70\x7a\x75\xb0\xee\x59\xf0\
\x74\x88\x2d\xc5\x48\xed\x98\xf4\x96\xf1\xe4\xe9\x69\xfc\xca\xfb\
\x9f\x88\xd1\xf2\x68\xac\xad\x6f\x79\x15\x44\xbb\xd5\xcc\xd1\x2a\
\x66\xcb\x25\x1c\x30\x77\x61\x01\xec\x7e\x2a\x41\x2f\x86\xe5\xd1\
\xfc\x30\x6a\x85\xf9\x08\x75\x84\xdf\x0c\x79\x73\x90\x93\xeb\xe2\
\x5e\xe1\x26\x15\x82\xc3\x84\x1e\x67\xfa\x61\x61\x57\x5d\x76\x23\
\x55\x8e\x83\x32\xbe\x56\x9b\x85\x45\xa2\x0d\xb6\x37\xa5\x93\xd4\
\x05\xfd\x11\x52\x94\x14\xb1\xa4\xe1\x91\x30\xb1\x35\x91\xca\x24\
\xb0\x87\x48\xe9\xa7\x1c\x22\xdd\x7e\x7b\xa7\x7c\xd3\xd1\xeb\xfe\
\xab\xb6\x28\x82\x6b\xc0\xd0\x2d\x82\x00\x12\x6c\x66\xc5\xa0\x08\
\x81\xdd\x01\x9d\x0d\xb0\x10\xc9\xfe\x4d\x22\xa7\xfa\x01\x33\x27\
\x93\x10\x5c\x59\x83\xe8\x37\x87\x85\x49\xff\xb8\xe7\x20\x90\xee\
\x81\x50\xb5\x43\xa2\x2c\xc9\x2e\x15\x48\x97\x1b\x33\x61\xcd\x16\
\xd6\xc3\xfb\x58\x11\xa0\x4f\x62\xd8\xdb\x13\xf1\xf7\x63\x7f\x57\
\x01\x63\x6d\x2d\x86\x93\x5a\xf4\xc7\x3a\x26\x8d\xe8\x4d\xeb\xd1\
\x9f\xd5\xe3\x40\xf7\xf6\x87\x65\x3f\x1b\xe9\x19\x47\x7f\x58\x89\
\xe1\xa8\xa2\xba\x74\x3d\x65\x03\x6b\xfd\x1e\xb1\x47\x56\x39\x0e\
\x46\xe5\xe8\x8d\xb8\x57\x8f\x81\xf2\xf5\x55\xb6\xd7\xe7\x05\xae\
\x88\x83\x1e\x5f\x52\x62\xa1\xa6\xce\x93\xaa\xca\xe8\xd9\x40\x79\
\xfa\x3a\x1f\x30\xdc\x5c\x8a\xf5\xa3\x12\x50\x11\x17\x3e\x35\x5e\
\xdc\x93\x54\x1c\xfc\xc7\xb5\x5d\x3a\xdf\xce\x6b\x18\x83\xc3\xee\
\xc4\xea\x9e\x99\x84\x3c\x4a\xc6\x97\x12\x78\x47\x20\x10\x02\x0b\
\x09\x4c\xc5\x6f\x1d\xc5\x0a\x64\x0b\x87\x2c\x16\xf3\x45\x65\x05\
\xe5\x13\xc1\x7c\xf6\xc9\x88\x7f\xf5\x6f\x9f\x14\x2e\x36\xcd\xac\
\x6b\x72\x69\xda\x62\xc4\x96\x84\x82\xb9\x05\x2c\x46\x87\x4d\xb1\
\x85\x77\xc3\x22\x0a\xfa\x4b\xb3\xf2\x3b\x21\xc5\x6c\x3a\x51\x1e\
\xf2\x42\x1f\xda\x49\x98\x10\x80\x64\x74\x09\xa3\x7e\xd3\xbf\x74\
\x95\x93\x4f\x10\x36\x2c\x42\x61\x45\xa0\x27\xae\x14\x9e\x08\x4a\
\xee\x4a\x9f\x95\xc8\x47\x9f\xb9\x87\x72\xe4\x3e\xdf\x94\xe4\xcc\
\xb3\xfc\x16\xa2\xf0\x4a\xff\x99\x0f\x52\x7d\xbc\x97\x54\x95\x42\
\x1b\xcd\x4a\xbf\xf6\xde\xdf\xf8\xdd\x4f\xb9\xa2\xaf\x32\x99\x0e\
\x87\x49\x6f\x7b\xdb\x3d\xf5\xfb\xae\xbb\x6b\x7c\xf3\xa6\x98\x6c\
\x77\x37\x8e\x6c\x6e\x19\x31\xc4\x07\x1e\x96\x93\x26\xe9\x0d\x47\
\xd6\x3e\xb8\x5f\x98\x4d\xac\x05\x4b\xd7\xd1\xf8\x74\x34\x3b\xc6\
\xba\x1c\x62\x0f\x59\x0a\x59\x91\x15\x6b\x18\x81\x85\x49\xe6\xcd\
\x33\x86\xfc\xd0\xa8\x20\x69\x2c\x4b\x22\x3a\x5b\x43\xc0\x25\x0c\
\xf5\xb2\x3d\x28\x3b\x91\xb0\xc3\xe3\xb6\x04\xe2\xf2\xe5\x7e\xf4\
\xf7\x76\xe2\xe4\xda\x2c\x36\xea\xe5\xe8\xf2\x72\x95\x89\x27\x84\
\xa3\x66\x11\x46\x9a\xd2\x09\xc2\x31\x6c\x09\xcb\xa1\x31\x70\x53\
\x20\x2b\x56\x4b\x3c\xb7\x22\x52\x0a\xb2\x13\xcc\x09\xa1\x60\x42\
\xfd\x41\x14\xfd\x53\x95\xca\xa7\xc3\x93\x98\x30\x10\xad\xe9\x16\
\x4b\x6c\x98\x7c\x63\x13\x85\xb7\x7c\xff\xcd\xd1\x6d\xcb\x82\xb0\
\x23\xa3\x18\xcc\x8c\xac\xba\x58\x09\x0c\xb7\xb9\xf7\xba\x4f\xff\
\x58\x17\xc5\x07\xfd\x41\x2c\x60\x02\x99\x61\x62\x4c\x58\x65\x98\
\x0f\xc2\x55\x73\x59\x3d\x63\x54\x91\x0a\xa8\xcf\xa0\x00\x14\x25\
\x7d\x8f\x5f\x62\x38\x75\x68\x2e\xc6\xf7\x3b\x1d\xc3\x66\x9c\x7f\
\xba\x1c\xbf\xf8\x1b\xa7\x63\x7b\xbe\x19\x5b\xeb\x1b\xc2\x93\x04\
\xa3\x23\xab\x21\xdc\x77\x19\x3a\x55\x39\x7c\xfd\xae\x2c\x30\x38\
\xa2\x1e\xb6\xed\x81\x36\xd4\x6f\x86\x36\xdd\xd8\xa7\x2c\x63\x40\
\x56\x21\xa3\x02\x78\x2f\x83\x84\x00\xe0\x35\xe4\x1c\x47\xbe\x81\
\x9a\x38\xcb\x97\x9f\x0a\xab\x44\x42\xd1\x42\x7b\x04\x06\xbc\x73\
\x1f\x1e\xf0\x46\xe7\x3a\x63\x41\x84\x19\x29\xc4\x74\xaf\xc8\x43\
\x3d\x58\x0f\x9d\x7c\xcd\x32\xfa\x5e\x6f\x60\x78\x2a\xb2\xfe\x07\
\xcb\xfa\x0f\xbf\xf5\x47\xff\xcb\x5f\x72\x03\x5f\x65\x4a\xa8\x0e\
\x91\x7e\xfc\x81\x07\x6a\xa7\x5e\x7b\xcb\xe4\xb6\x63\xad\xe8\xed\
\xed\xa7\x5b\x25\x00\x71\x6d\xbc\x2b\xa2\x88\x77\x30\x18\x7a\x39\
\xc2\x9a\x5c\x18\x86\x67\x41\x1a\xae\x14\xcb\x48\x40\xb0\xb5\x88\
\x2c\x0a\x88\x43\xdb\x75\x95\x8f\x0e\xda\xdc\x4a\x68\x3c\xb3\xae\
\xc4\xd0\x29\x6e\x09\xeb\xb9\xd0\x62\x6c\x03\xca\x07\x77\x68\x0b\
\xb7\x8b\x40\x93\x6f\x94\xb3\xd9\x1b\xcf\xce\x9f\xef\xc7\xf6\xfe\
\x28\x76\x76\x76\xa3\x8f\xbb\xa6\x7c\x6c\xe3\x0f\x83\x54\xc0\x22\
\xc4\xd3\x6f\xb4\x9b\xaf\x74\x0f\xfa\x30\x20\xc0\xb2\xec\xf4\xd1\
\x57\xcc\x20\xa6\x20\x8f\x19\x05\x4e\x55\x42\x78\x18\x8a\x76\x8c\
\xa1\xfb\x75\xc1\x04\xf3\x98\xe8\x64\xd0\x7f\x29\x38\x59\x37\x02\
\x05\x9c\xa7\x36\x97\xf1\x2f\xff\xfb\xd7\xa8\x9e\x5e\x4c\xf6\x77\
\xfc\x92\x19\xbc\xcd\x7c\x0a\xf3\x27\x54\x4f\xa0\x6d\x01\x16\x32\
\xe5\x78\x89\x19\xc5\x10\xba\xb5\x82\xd4\x30\xf1\xd1\x09\xce\x24\
\x62\x0c\x60\xc4\xd2\xa2\x3c\xf2\x33\x0a\xb4\x9e\x7d\xb0\x70\x15\
\x82\x0c\x53\x13\x2b\x54\xa5\xb4\x64\x45\x79\x1b\xf0\xff\xf9\xcb\
\x8f\xc7\xe9\x83\x5a\x5c\x77\xdd\xc9\xd8\x6a\xe7\xa7\x93\x5b\xa2\
\x51\xa7\xce\x48\x15\x2e\x15\x13\x79\x08\x5e\x49\xf4\xc9\xed\x60\
\xd3\xb2\x13\x2b\xa0\x4e\x72\x38\x35\xf7\xb8\x92\x65\x10\x2d\x99\
\xc4\x73\xc7\x04\x38\xf4\x06\x8e\x82\xd9\xb1\xf8\xc5\x2b\xda\x58\
\x0c\x78\x80\xf2\x3c\x27\xd9\xaa\xea\x28\x76\xfe\x47\x38\x6c\x89\
\x54\x07\x5f\x0f\x30\x7f\xa8\xff\xee\xab\x0e\xf2\x3a\x2e\x51\x71\
\x4f\x50\xd2\x06\xd6\x4a\x1d\x27\x46\x99\x95\x1b\x31\xae\x76\x7f\
\xe4\x1d\x3f\xf9\xb3\xff\xcc\x0d\x7c\x95\x29\x29\x7e\x88\x74\xfa\
\xf8\x5e\xb9\x25\xe6\xf7\xce\xda\xd2\x3a\x00\xcb\x19\xc4\x21\xb9\
\xba\xed\xca\x3d\x6b\x2e\x06\x9f\x2a\x40\x66\x02\x30\x67\x58\x13\
\x61\xee\xbc\x10\xa4\x0b\x21\x2d\xd7\xf8\x33\xbc\xcb\x52\x14\xee\
\xe1\x57\x93\xd7\xc3\x86\x62\x0e\x6f\xea\x66\x7f\x97\x71\xf1\x49\
\xc8\xfa\xc7\x78\xba\x94\x20\x8e\xe4\xca\x4c\xe4\xd2\x4c\x62\x7b\
\x67\x20\xc4\xe4\x0c\xbe\xb8\x45\x44\x6c\x45\xb5\xd1\x8e\xce\xc6\
\x86\x67\x80\x5b\x3a\x3a\x5b\x5b\xd1\xd6\x75\x67\x63\x33\xef\x6f\
\x6e\xea\x38\xa2\x7b\x47\xa2\xa9\x18\xa4\xd1\x59\x8b\xe6\xda\x46\
\xd4\x14\x73\xd4\x14\x97\xb4\xa4\x59\x5b\xdd\x2d\xdd\xe7\xe0\xf9\
\xba\x18\x69\x2b\xd6\x55\xcf\x9a\xb4\x55\xab\xdb\x55\x59\xdd\xdb\
\x5a\x8f\x8e\xe2\x9c\x8e\x62\x9b\xc6\x5a\x47\xf7\xf4\x7b\xa3\x13\
\x75\x86\x4a\x3b\x8d\x78\xf0\x9b\xef\x90\xa6\x53\x7f\x97\x4c\x2c\
\x66\xa2\x4f\xe0\x82\xf7\xf4\xf9\xbe\x1e\xcb\x33\x60\xad\x62\xd4\
\x8c\xb9\x95\x0c\xdc\x95\x57\xfd\xc6\xa4\x3d\x3b\x70\xb7\x18\x31\
\x82\x55\x11\x93\x92\x67\x65\x39\xb8\xef\xa4\xd8\x03\x81\x67\xd2\
\xd4\x83\x0e\x25\xe1\x79\x28\xb7\xf2\xd2\x3c\xde\xfb\xbe\xc7\xe3\
\xb1\x9d\x72\x1c\xd9\x38\x1e\x9d\x2a\xaf\x37\x2b\xd6\x90\xe5\x6b\
\x4a\x30\xd8\x5f\x97\x77\xcb\xd5\xa0\xee\xf3\xe9\xe8\x8c\x11\xdd\
\x26\x34\xd1\x13\xb6\x9c\xe5\x3b\x8b\xfd\x83\x81\x57\x52\x30\x07\
\x45\x1e\xe8\x03\xf5\x51\x66\x08\x4b\xe1\x2e\xf9\xd0\x35\x0c\x8c\
\x60\xc0\x33\xf0\x00\x89\x3a\xb9\xcf\x81\xe0\x20\x34\x3c\x43\xf0\
\xc1\x0f\xcf\xa9\x1f\x7e\x41\x29\xf0\xca\x40\xf1\x39\x69\x2f\xf1\
\x51\xc7\xa9\x9f\x7a\x75\xa1\xe0\x88\xcd\xec\x72\x7f\x84\x6a\xb5\
\x79\x68\x3e\x3f\x74\xc1\xb5\xb5\xfa\x52\xc0\x00\xb7\x88\xac\x8e\
\x0b\xb1\x33\x11\xd3\x7b\x64\xe9\xb7\x87\xda\x84\x80\xfd\xfd\x3d\
\xf9\xe0\xb9\x9b\x3b\x1d\xa0\xb3\x9c\x61\x60\x7e\xdb\x65\xd0\x35\
\x0c\x8f\xd6\xf0\x3d\x95\xc3\x9c\x72\x9f\xdf\xc5\x3d\xd8\xc4\xa6\
\x5a\x48\xe0\x19\xae\x8c\x7d\x5f\x21\x6b\x34\x94\x05\xe9\x49\x23\
\x8d\x89\x67\x52\xcb\xe4\x1e\x58\xbc\x0f\x20\x82\xcb\xaa\x41\x68\
\x82\x4f\xef\x2c\x58\x83\x11\xf8\x5e\x88\xcc\x76\x8b\x77\xe2\xcb\
\xca\x87\x90\xb3\xb1\x35\x9f\x58\xe0\xf3\x6e\x58\xbf\x66\xb4\x9a\
\x35\x5d\x4b\xa3\x2a\x1f\xf7\xda\x3a\x9a\xca\xdb\x6a\x96\x14\xc8\
\xaa\x6e\xe5\x67\x4f\x2e\xdc\x0d\xdc\x93\x66\xab\x16\x1d\x31\x18\
\x65\xe8\x37\x75\x76\x6a\xc3\xf8\xfe\xef\xba\x55\x0c\x22\x86\x9e\
\x8e\x65\x20\x70\x93\x38\x50\x00\xa9\xf5\x49\x68\x50\x04\x80\x3f\
\x71\x85\xfe\x65\xc0\x9b\xa3\x3a\xfe\xa7\xff\xc0\xd9\x6a\x88\x53\
\x79\xa8\xcb\xbb\xca\xfb\x29\xf7\x92\xa1\x60\x1a\xe2\xb6\x1c\xb9\
\x12\x83\x97\xda\x51\x9f\x29\xfe\xda\x8d\xf8\xcd\x3f\xb8\x14\x5f\
\xbc\xd8\x90\x3b\x92\xeb\xab\x18\xa9\xc2\x65\x64\x94\xaf\x88\x35\
\xb0\x10\x5e\xd3\x24\x18\xdb\x8a\x41\xf2\x9e\x5c\x55\xe5\xc1\xf2\
\x17\xef\x62\x14\x74\x22\x99\x76\x08\x09\x7d\xd2\x01\xec\x59\x27\
\x82\xea\x2c\x09\xb7\xfa\xcb\xf9\xca\x9c\x8a\x9e\x5b\x20\x80\x97\
\xe7\x2a\x4b\x76\xf8\x04\x17\x2e\x5f\x9d\x48\xeb\x40\xdf\xc8\x0f\
\x2c\xb4\x95\x9b\xf4\xad\xf8\x48\x9e\x02\x96\xd9\x82\xc9\x52\x77\
\x59\x42\xe9\x8e\x43\xa7\x43\x0b\xc8\x7b\xdf\xfb\xf9\x89\x0c\xac\
\xe9\x88\x64\xb3\x16\x06\x1f\xdd\x5b\xe3\xd3\x39\x75\xa6\x23\xa4\
\xf3\xad\x6a\x10\x40\xc2\xfc\x82\x25\x88\x9e\x44\x90\xc5\x10\xd3\
\x82\x00\xc7\x20\xea\x30\x08\xc0\xb5\x22\x5e\x21\xa8\x47\xfb\x80\
\x04\x23\x5d\x6d\x61\x46\x09\xc6\xd5\x88\xdb\xf1\x72\x12\xd5\x6d\
\x4d\x8c\x3f\xae\x7a\xd9\xc8\x0c\xc1\x83\xb8\xec\x40\xde\x16\xc3\
\xb6\x25\x08\x2d\x31\x78\x53\x4c\xcd\xe4\x26\x02\x50\x7c\x7c\xb4\
\x2b\x18\xdb\x0a\xf8\xd0\x9a\xed\x6e\x53\x56\x00\x57\x43\xe7\xae\
\x18\xbe\x5d\xf7\xea\xd5\x6e\xb7\xa5\xeb\x96\x05\x80\x7a\xda\x6d\
\x96\x7d\x37\x64\x41\xd4\x47\x3d\xa7\x1d\xea\x63\xfb\xd4\xae\xac\
\x45\xa7\x2b\xc1\xe9\x48\x38\xd4\x6e\xad\x3c\x8f\xfb\xef\x3a\x11\
\x27\x8f\x48\x4b\x0e\x58\x1c\x99\xeb\x8d\xcc\xc4\x52\x24\xe0\x84\
\x04\x81\x7d\x98\xd5\x85\x1c\x31\xac\xe3\x0d\xf5\x90\xd5\xbf\x39\
\x0c\x8d\x20\xe9\xb7\xca\xf3\x1b\xb7\xd6\xae\x22\xe6\x94\x18\x49\
\xd7\xd4\x60\x39\xe1\x12\x97\x4d\xae\xce\xb2\x4c\x90\xdd\x88\xfd\
\xbd\x69\xfc\xda\x87\x2f\xc6\x1f\x3f\x3a\x8f\xee\xfa\x66\x6c\x76\
\xe9\x7b\x5d\xb8\xe7\xab\x50\x39\x64\x9f\xbb\xa3\xe7\x8c\x76\xc1\
\x88\xe0\x35\x61\x4e\xb8\xb1\x04\xf5\x46\x4b\xcf\x53\x60\x8a\x03\
\x3a\xb9\x9c\xce\x24\xf2\x15\xbf\x71\xff\x50\x6a\xc4\x29\xd4\x4b\
\x5f\xb1\x16\x83\x7e\x5f\xa0\x27\x53\x23\xcc\xb8\x52\xdc\x27\x51\
\x27\xcb\x4a\x70\x93\x59\xd6\xc4\x57\xbf\xa8\x9f\xb2\x9c\x8b\x84\
\x42\x46\xc9\x5a\x60\xcd\xd5\xbc\xb9\x9a\x13\x8b\xcf\xce\xf7\xd5\
\xa6\x43\x0b\x88\x52\x09\x7f\x9d\x05\x72\x30\x23\x96\x83\xcf\x83\
\xf1\x9a\xa3\x7a\xea\x0c\xf8\x9f\xc4\x0d\x82\xda\x33\xe1\x05\xa0\
\xc9\x0f\xa9\x75\x6c\x36\x41\x8e\x10\xc1\x90\xe1\x52\x75\x92\x0b\
\x44\xa3\x49\x3c\x44\x2c\x46\x21\x0f\x3b\xa6\xc0\x34\x26\x92\x78\
\x80\x38\x80\x36\x11\x10\x78\x02\xc4\xc8\x48\xdb\x72\xb0\x5f\x6d\
\x4b\x82\xc1\xfa\xa1\x8e\x98\xbf\x2b\xc6\xee\x8a\x89\xbb\x12\x88\
\xb6\x98\x18\x2b\x81\x4f\x8d\x3b\xe1\x6b\x99\x63\x86\x34\x99\x31\
\x66\xcd\x17\xc2\x42\x7e\xca\xb7\x15\xac\xf2\x39\x06\x26\xcd\x60\
\x22\xca\x6d\xac\x04\x83\x0f\xec\x63\x61\x58\xdd\x5a\xb7\xdf\xae\
\xb6\x65\x8d\xd8\xad\x9c\x01\x08\x26\xd6\xd8\x91\xf0\x0d\xdf\x74\
\x63\x54\x17\xb2\x90\xd2\x6a\xac\x2d\xf3\xf6\x3a\x3a\x1c\x6e\x70\
\xc0\xd6\xc2\x93\x85\x46\xfd\x62\xce\x85\xbb\xfc\x39\xf6\x31\xe3\
\x27\xee\xac\x61\x85\x80\xca\xb2\x8a\xb1\x48\x01\xd1\x8f\xc2\x1d\
\xf1\xde\xc0\xe4\x21\x79\xc4\xaa\x23\x46\x6b\xc6\x70\x77\x1c\xff\
\xee\xa3\xfb\xf1\x47\x8f\x84\xdc\xc6\x13\xb2\x1a\x72\x0b\xd5\x1f\
\x86\x70\x91\x26\x94\x46\x5d\xfd\x60\xab\x22\x84\x82\x64\x57\x15\
\x71\x95\x02\x92\xc7\x6a\x3c\x00\x23\xf4\x80\x7e\x8e\x37\x94\x58\
\xab\x45\x2a\x18\xfb\x60\x7f\xdf\xc2\x80\x22\xa4\x7c\x2a\x03\x26\
\xff\x32\x90\xa7\x3c\x6e\x94\xe3\x17\xfd\x46\x90\x8a\x45\x96\xe0\
\xa1\x10\x20\x12\x7d\x61\xd4\x0c\x21\x66\xe3\x0f\xee\xc2\x37\x08\
\x15\xae\x26\xe5\x39\x6c\x4d\x10\x46\xe5\xf1\x5b\x8b\x62\x88\x7a\
\x1d\xcb\x25\x17\xe3\x90\xe9\x6a\x04\x64\x39\x1e\x0f\x67\x68\x16\
\x4b\xb3\x08\x8a\x94\xb3\x6d\x27\x09\x62\x61\xde\xb1\x04\x40\x67\
\xd3\xbc\xd2\x24\x20\x0e\x77\xc7\x8d\xa3\x25\x55\xde\xf5\x08\x29\
\xe4\xc5\x2c\x0d\xe5\x86\x50\x92\x9d\x18\x79\x19\x0b\x42\x79\xbc\
\x5d\x65\x11\x04\xea\x1f\x8d\xa7\x7e\xc6\xa8\x8a\xb5\x86\xce\x10\
\x8c\x0d\x9b\x61\x5a\x18\xba\x03\x43\xcb\x0a\xb4\x75\xdd\xc2\x6d\
\xd2\x01\x53\xe0\x3a\x75\x38\x6c\x61\x78\x65\x14\xc1\x90\x65\x90\
\xcb\x04\x93\xb7\xf5\xbb\xa9\x63\x4d\xd6\xa4\x63\x0b\x54\x89\x75\
\x09\xcb\x86\xea\x69\xe3\xaa\x49\xa0\xbb\x12\xa2\x35\x95\x5b\xef\
\x50\x9f\x84\x47\x1a\x2b\xdf\x6e\xcc\x77\x25\x98\x81\x66\x2b\x9d\
\xeb\x36\x66\xf1\xaa\x97\x1e\x53\x60\x3c\x14\x65\xa5\x50\x44\x54\
\x84\x82\x65\x22\xec\xc0\x78\x45\x48\xdc\xf9\x14\x92\x14\x14\xce\
\xba\xa5\xff\xcc\x2b\x2a\x97\xcb\xd4\xd5\x59\xde\x43\x51\x19\x98\
\x27\x87\xca\x25\x14\x7a\x46\x99\x44\x22\x8c\x21\x25\xa3\xa0\xdc\
\xc2\xd1\x9b\xc5\x1f\x7c\xaa\x17\x1f\xfa\xdc\x44\x16\x52\x71\x97\
\x94\x86\x5f\x95\x15\x0e\xf8\x1e\x7a\x4b\x56\xc3\xcb\xd8\xa5\x5c\
\x8a\xd1\xba\x42\x49\xc1\xd0\x30\x3e\x4c\x8b\xa6\xe6\x3e\xc9\x1f\
\x41\xd5\x73\xd3\x5f\x0c\x3a\x93\x3b\x55\x08\x26\x38\x60\x57\xfc\
\x5c\x8d\xab\x67\xbc\x16\xae\x3e\xf0\x9c\x58\x07\xf7\x8c\x7e\xb1\
\x23\x27\xe7\x22\xf1\x9b\x7a\x8a\x44\x7e\xc7\x30\xea\x32\x03\x04\
\x93\x67\xad\xc1\x4a\x21\x4a\x81\x2a\x02\xfd\x54\xa6\x9c\x17\x31\
\x14\x7c\x1e\xb4\x60\x7e\xe4\x90\xc9\x3c\x7a\xc8\x04\x68\x15\xcc\
\x1a\x6e\x0f\x9a\x02\x57\x0a\x40\xad\x59\xb0\x08\xea\x84\x81\x4e\
\x2a\x7b\xe1\x99\x5f\x97\xa5\x63\xba\xf6\x9a\x2a\x2a\x5a\x75\xd0\
\x9f\x82\xd6\xef\xa1\x90\xaa\x4a\xbc\x9e\x1f\x8b\x94\xda\x51\x75\
\xe9\x8f\x57\x2c\x29\x05\x1f\x20\x3c\xbc\x99\xc6\xa0\x00\x88\x42\
\x5b\x60\x0d\xd8\x18\x22\x77\x24\x97\xb0\x08\x41\x6d\xd5\xd1\x11\
\xc3\xc2\xd0\x9c\xd7\x24\x14\x1c\x6d\x69\xfc\x8e\x04\xa2\xa3\x98\
\xa2\x45\x8c\xa1\xa3\x2d\x01\x82\x79\x9a\x0c\x0d\x8b\x81\x58\x5e\
\x81\x10\x61\x4d\x10\x9e\x35\x59\x8d\xf5\x76\x5b\x42\xd1\x89\x8d\
\xb5\xb6\x0f\x84\x8f\x76\x3b\x72\x57\x78\xd5\x18\x21\x61\x98\xdb\
\xc4\x59\x8c\xe2\x4d\xaf\xbb\x39\x6a\xa5\x83\x18\xf7\x77\xc4\xd8\
\xb3\xa8\xce\xa5\xa5\xa5\xd4\x6a\xc2\x01\xbb\x33\x42\x84\x8c\x31\
\xd2\x3a\xd2\x77\x04\x05\x66\xf7\x8e\x28\x1c\xb2\x0a\x15\x05\xdc\
\x15\x95\xf5\x6b\xbb\x30\x88\xb2\x7a\x4f\x2e\x35\x43\x1d\xe0\xd2\
\xd6\x55\xbf\xf8\x4a\xed\xbc\xcc\x62\xbd\x76\x0c\x76\x27\xf1\x87\
\x9f\x1c\xc4\x6f\x7d\xbc\x1f\xb5\xd6\x71\xc1\xbc\x2e\xf8\xe5\x16\
\xe2\x82\x8a\x66\x04\xe0\x6b\x72\x1f\xa1\x01\xcc\x6f\xb7\xc6\xcc\
\x97\x6e\x2f\xcb\x3e\xa0\x21\x82\x82\x16\x2f\x62\x94\x42\x18\x40\
\xbe\xdf\xe1\x51\xd9\xe1\x38\x3f\xe5\x5c\xc3\x1a\xa9\x6e\xef\x9c\
\x29\x9a\xab\x84\xfa\x28\x38\x65\xd1\xd8\xac\x4f\xb5\x39\xe6\xb4\
\xe2\xd4\x81\x02\x64\xc8\x97\x7a\x69\xab\xe0\xa3\xc2\x6d\x43\xe0\
\x89\x35\xd9\x47\x8c\xf6\x1c\x57\xad\xda\x26\x1f\x87\xe1\x97\x90\
\x97\x79\x05\x5d\xe7\x91\xf8\xa9\x3f\xe0\x83\xa5\x2c\x67\x3e\x5c\
\x3a\x74\x41\x25\xd1\xa3\x24\xaf\x07\x17\x0b\x8d\x91\xbe\xa7\x11\
\x89\x50\xe8\x2f\xcd\x73\xc6\x1e\x98\x42\x4c\x1e\x5a\xd0\x33\xec\
\x96\x99\xb4\x1e\x94\x43\x6b\x20\x60\x57\x66\xd9\x95\xb8\x9f\x13\
\x8c\x20\x26\xaf\x55\x48\xda\x4c\x04\xd3\x73\xfb\xb7\xab\x83\x3a\
\x79\x37\x1e\xd7\x0a\x57\x07\xa6\xc5\x75\x80\x11\x3a\x72\x99\xba\
\xbc\xc7\x20\x8b\xb2\x4e\xdc\xa0\x73\x4b\x79\x5a\x62\xe2\xa6\x0e\
\x2c\x07\x96\x66\x43\x0c\xbe\x46\xec\x21\x8b\xb0\x2e\xc6\xc7\xda\
\x60\x3d\x10\x9e\xb5\x36\x3e\x3a\xc1\x39\xd6\x86\x2d\x35\x45\x10\
\x11\x96\xa0\x1a\x6b\x08\xa3\xb5\x44\xa0\xb6\xf2\xc2\x18\x7e\xcb\
\x70\x21\xcd\x5c\x1e\xc4\xeb\x5e\x7e\x63\x54\x58\x8a\x3f\x12\xa3\
\x88\xc8\xb8\x1a\xf4\x50\x4e\x92\x0e\x34\xbd\x7e\x73\xa8\x9f\x08\
\x7f\x2e\x33\xe1\x39\xf7\xf4\xbf\xba\x4d\x3c\xef\xb8\x42\xb8\x65\
\x46\x3c\x0f\xdd\x04\x31\xce\xa3\x9a\x98\x2d\x27\xde\x60\xd7\x15\
\xb9\x55\xb5\xe6\x56\x1c\xec\xcc\xe3\x63\x9f\x9f\xc5\x2f\x7f\x78\
\x37\x96\xf5\x63\x72\x0d\xc1\x07\x5f\x09\x4e\x2b\xc8\x28\x64\xad\
\x96\x73\x28\xc4\x7e\xd0\x03\x3a\xe4\x66\xd3\x19\x7f\xb0\xe6\x8a\
\xfb\x30\x74\xaf\x7f\x60\x85\x44\x7a\x76\x1e\x84\x05\x17\xc9\x1b\
\xbd\xad\x04\x07\x26\xc6\xe2\x43\x53\xe8\x83\xa0\xd0\x57\xbe\x34\
\x0c\xbd\xad\x38\x95\xa8\x1b\x41\x28\x84\x83\x54\xf0\x52\x21\xb0\
\x05\xcd\xa9\xd9\x7c\xa0\x54\xe4\xa7\x6d\x36\x69\xe0\xbe\xf3\xab\
\x6f\x28\xd7\x76\xb7\xab\xd8\xb0\x25\xc1\x4b\x78\x0f\x93\xae\x46\
\x40\xd4\xe7\xe5\x2c\x27\x89\x60\x06\x11\x57\xc8\x42\x28\xec\x97\
\x42\x4c\x11\x9a\x8e\x61\x61\xfc\xb1\x4d\x34\x8f\x3a\x00\x3d\x6d\
\x19\xac\xfa\x94\x57\x12\xb6\x7b\x70\x60\x04\xd0\xe1\xec\xb4\x0e\
\xdd\x30\xb2\xc5\x3d\x2c\x6b\x87\x7d\x30\xbe\xb0\x97\xc4\xc2\x4c\
\x62\x02\xc9\xa5\xe2\xeb\x46\x8c\xd9\x33\x28\xe0\x11\x25\x04\x40\
\x1a\x1f\x61\xa9\xc8\x8f\x69\x35\xcb\xd2\xee\x62\x78\x05\xe1\x8e\
\x2b\xc4\xec\x75\xdd\xb3\x6b\xa5\xba\x89\x29\x60\x1e\x26\xc7\x18\
\xe1\x22\x6e\xc1\x72\x78\x97\x70\x5c\x42\x31\x01\x5b\xf1\x33\xda\
\xc5\xab\xa5\xc4\x25\xea\x82\x05\xaf\xa9\x76\xb1\x30\xc4\x33\x1e\
\x7d\x53\xfe\xc5\x92\x19\xf9\x5e\xdc\x75\xcb\x5a\x5c\x7f\x42\xca\
\x83\xcd\x23\x98\xd7\x9c\x49\x9b\xcc\x99\x1c\x4d\x0b\x41\x9f\x3d\
\x8c\xeb\xce\x72\x56\x7f\x21\x34\x3d\xe4\x5d\x12\xfd\xaa\x94\x44\
\x70\xfa\xab\x7c\x29\x30\x9c\x8d\x1c\xc5\x21\xba\xb6\x60\x30\x24\
\x4a\x00\xdb\x14\x5e\xf9\x62\x57\x27\xfa\x97\x87\xf1\x99\x47\x46\
\xf1\xde\xdf\x3b\x1f\xd5\xce\x51\x0f\x41\x5b\x30\x7c\xe4\x48\x1d\
\xfd\x60\xb7\x7d\x62\x0b\xfa\x8a\x70\x80\x7f\x2b\x27\x31\x20\xcc\
\x57\xb8\xd1\xe9\x1a\xe5\x62\x45\x65\x32\x93\x73\x9f\x33\xf9\x5c\
\x46\xf0\xa2\xc9\xd1\xf6\xec\x5a\xc9\xda\xad\x46\xab\x23\x12\xd7\
\x8c\x1b\x98\xfd\xd4\xa9\x1b\x25\xe8\x28\xba\xdc\xcb\x0a\xcb\x41\
\xa2\x2e\xe8\x8d\x35\xb2\x85\x50\xd7\x9e\x5d\x37\x65\x89\x75\x0c\
\x83\xda\x20\x71\x9f\xd7\x6b\x71\x0b\xfd\x65\x5d\x5d\xd3\xae\x05\
\x4a\x0a\xb9\xc5\x70\x7d\x7a\x84\x87\x4a\x87\x16\x10\x66\xd2\x25\
\xdf\x35\x10\x01\xc0\x05\x32\xd1\x26\x30\x2d\x07\xf7\x49\x74\xcc\
\x8c\x8f\x40\xc8\xf4\x25\x01\x56\x1a\x44\xb7\x54\xd4\x9a\x87\xf2\
\x10\xc8\x88\x52\x47\x89\x55\x10\x38\xb2\x31\xe6\xcd\xa8\x15\xf3\
\x29\x2e\x27\xd6\x62\x38\x15\x93\xef\xe1\x5b\x31\xb4\x27\x90\x94\
\x87\x61\x45\x10\x49\xcc\x03\x1c\x7c\x52\xad\x2a\x2b\x42\xbd\x5c\
\x83\x5c\x7f\x26\xa1\xdb\xd1\x39\x03\x72\x98\x03\x38\x81\x99\x4f\
\x38\x00\x07\xd7\x99\xaf\xbb\xba\x66\xd8\x36\xdb\xe3\x9a\x7a\x68\
\x17\x91\x15\x59\xa3\x22\xe1\x21\x1e\x42\xdd\x4f\x97\x6c\x42\xd0\
\x8b\x6f\x7a\xd9\x49\x01\xcf\x46\x11\xec\x46\x8f\x56\x44\x06\xd2\
\x47\x36\x4e\xdc\x17\xa3\xc1\x4c\xc7\x16\x3f\x58\x93\xcc\x5b\x28\
\x8b\x8c\x2f\x56\x1a\x43\xb8\xe1\x9e\x8b\x99\x91\x9c\x1c\x73\xd0\
\x3e\xc3\xca\xad\x98\xf4\x26\xf1\x85\x33\xd5\x78\xef\x87\x64\x39\
\x9a\x12\x8e\xf6\x9a\x63\x27\x06\x0d\xc0\x2b\x31\x9a\x54\x95\x94\
\x43\x31\x0a\xa5\x67\xea\x0f\xb5\xd1\x5e\xc1\x98\xe0\x0b\x37\x8e\
\xb0\xa4\x52\x62\x1d\x59\xae\x9d\xe3\x3e\xb4\x06\x3e\x7e\x17\xd7\
\xc4\xa0\x30\x3c\xdb\x8f\x1a\x6e\x1d\xe0\x9d\x01\x9b\xa2\x5e\xb4\
\x3d\x79\x8a\x72\xe0\x3c\xe9\x9c\x3b\x99\x50\x8f\x79\x80\x98\x8b\
\xb3\x79\x41\x96\x51\xfd\x2f\x46\x35\xb9\x47\x59\x77\x5d\x7f\x05\
\xaf\x91\xa8\x07\xab\x87\x85\xeb\xf5\x86\xe2\xad\x43\xbf\x92\x7e\
\x78\x01\xd9\x7a\xb4\xb5\x94\x2f\x5a\x59\x5b\x5f\xd3\x15\xfe\x65\
\x22\x83\x89\x9c\x44\x2e\xae\x54\x76\x90\x1d\xc6\xed\x3e\xa8\x43\
\x5c\xe3\x1a\xd1\x32\x26\x19\x6d\xe1\x21\x5d\xf9\x8b\x74\xba\x10\
\x0c\x46\xc8\x30\xcd\x74\x56\x85\x4c\x44\xda\xc0\x4d\xe3\x7b\xd9\
\x42\x9b\x2d\x15\x1f\x99\x6f\xc8\x32\xac\xcb\x02\x78\xa5\xa9\x18\
\x18\x86\xa7\x09\x98\x1e\x6d\x0f\xd2\xd1\x7a\x6b\xd2\xa0\x8e\x0f\
\x54\x3f\xa3\x4c\x2c\x83\x69\xcb\xe2\x78\xeb\x22\x5d\xe3\x36\xf1\
\x09\x69\x0b\x8c\xae\xb1\x0a\xb8\xb3\xbc\x56\xca\xd6\x36\x8e\x43\
\x70\x4f\x70\xcb\x70\xe3\x24\x24\xf8\xef\x7c\x59\x6b\x1d\x21\x12\
\x93\xa1\x9d\xd9\xf1\x91\x1d\x52\x6e\x58\x9f\xc4\x4b\xee\xdc\x92\
\x70\xf4\x63\x89\x80\x8b\xb9\x2d\x08\x90\x14\x7e\x57\x5f\xd5\x41\
\x0b\x04\x78\x59\x3d\xb2\x90\xd0\x6f\x18\x22\xe5\x0d\x77\x6a\x25\
\x54\x56\x28\xba\xa9\x8c\x39\xea\x8b\x9b\x01\x36\x94\x5f\x96\xa6\
\xd6\xe8\xc6\x64\x30\x8b\x2f\x3f\x31\x8f\x5f\x7a\xff\x39\x59\x8e\
\x93\xc2\xcd\x5a\x74\xe5\xfa\xf1\xf5\x29\xf7\x45\x4a\x4a\xff\xe4\
\x46\x76\x04\x0f\x30\xe1\xe2\xe6\x12\x72\xd7\x0c\x2c\x76\xbd\xf2\
\x93\x67\xfe\xce\xa0\x18\x93\x77\x2b\xe4\x8d\x39\x71\x1f\x7a\x17\
\x8c\x9d\x42\xb6\x8a\x4f\x04\xb4\x37\x51\xa0\x93\x4a\xfe\xa2\x98\
\x98\x9d\x7d\x97\x49\xb8\x6a\x94\x29\x18\x9c\xbe\xf3\x1b\x65\xe4\
\xf9\x15\xd1\xd8\xab\x2b\xf4\x8c\xfb\x05\xdf\xd0\x16\xbf\x29\x4b\
\xdb\x69\x79\x68\x3b\xdd\xb8\xe4\x1f\xac\x5a\x0e\x30\x80\xaf\x9c\
\x66\x80\x8a\x87\x4b\x87\x2e\xf8\x90\x0e\x86\xcf\x98\x47\x28\x36\
\x9c\x46\x86\xa7\xc3\x71\xcc\xa4\x45\xbc\xa4\x43\xcc\x8f\x36\x2f\
\x90\xa7\x5e\x39\xa0\x04\x71\x68\x7a\x96\xa7\x70\x9f\x21\x3b\x3a\
\x4e\x5e\x5e\x77\xe5\x73\xcb\x2c\x90\xab\x42\x24\xee\xa9\x2e\x3a\
\x8d\x06\x85\x61\x18\x8e\x15\x5b\x98\x10\x10\x58\x14\xd0\x73\xac\
\x0f\x8c\x39\x73\x2c\xc0\xf2\x96\x8e\x18\xbf\xa5\xbc\x08\x07\xcb\
\x48\x10\x2e\xde\x74\xe4\x9e\x09\xe1\x09\x26\x5e\xe5\x95\x2b\xa5\
\x3c\x94\x4b\xe4\x96\xf2\x1e\x16\x42\x1a\x96\x89\x38\xe2\x90\xaa\
\x18\x93\x83\x40\x1e\xff\x9d\xd8\xa6\xa5\x3e\xd0\x0f\xea\x81\xbb\
\x70\x8a\x16\x13\xb9\x03\xf2\x05\xbf\xfd\xd5\x37\xab\xbc\xae\x45\
\x48\xbf\xb8\x03\xf7\xa9\x0f\x64\x4e\x56\xa4\x8c\x88\x2d\xc2\x22\
\x3c\x62\x83\x7c\x06\xf3\xe8\x07\x38\xc2\x72\x64\xe0\x0d\xfa\xf8\
\x3f\x05\x22\xcf\x94\x2f\xae\x71\x2b\x3b\xb1\x18\x4c\xe3\xc9\xa7\
\xcb\xf1\x2f\x3e\x70\x29\x26\x65\xb9\x17\x62\xd4\x8d\x4e\xdb\x23\
\x6c\xbc\x11\x08\xaf\x54\x59\x64\xa8\x3a\xbd\xf1\x82\x18\xc9\xaf\
\x4a\xcb\x25\xa1\x42\x86\xd5\x61\x2e\xce\x24\x60\x61\x14\x0a\xa5\
\xe2\x89\x47\x5d\x43\xb3\x62\x5e\xc4\x73\x5f\x26\x4e\x0e\x09\xf3\
\x8a\xb3\x07\x6c\xa4\x48\xd8\x7a\x09\x05\xc5\x35\xf7\x51\x54\xc5\
\xf7\x59\x0a\x8b\x4c\x19\x18\x9d\x76\x60\x70\xea\x2a\xac\x03\x42\
\x58\x58\x2b\x2b\x47\xb5\x6b\x2b\xa7\xbc\x08\x2f\x70\xce\x84\x57\
\x0b\x98\x0e\x9e\x73\xaf\xb0\x26\xe4\x6b\xca\x9a\x4a\xa1\x7c\x1d\
\x04\xe4\xa1\x87\x66\x8a\x27\xe6\x1e\xba\x35\x01\xd3\x94\x82\x2a\
\x5e\x78\x62\x8b\x1d\x3a\xc1\x78\x34\x67\x23\x52\x79\x58\x9e\x00\
\xb3\x30\x2a\xc3\x62\x43\x46\x9b\x58\x56\x8d\x85\x91\x87\xe4\xf3\
\x9c\xa5\x26\xc4\x2d\x66\x00\xb4\x08\xda\x08\xc2\xe0\xff\x32\x32\
\x93\x6e\x1c\x42\x04\x53\xc3\xe6\x8c\x36\x49\x94\xdc\xb6\x85\xa8\
\xaa\x80\x19\xe6\x15\x4c\x7c\x67\x8f\xef\xf6\xf1\x76\x22\x1f\x9c\
\x87\xb9\xeb\x20\x15\xa4\x83\x6c\x95\x6b\xe9\x5e\x43\x75\xb6\xe5\
\x2b\xb7\x74\x90\x07\x6d\x49\x1e\xac\x06\xf3\x1d\x35\x08\xaf\xb3\
\x05\x49\xe5\x18\x04\x40\xe0\x60\x32\x08\x34\x91\x95\x98\x28\x16\
\x02\x07\xad\x52\x3f\x5e\x7d\xff\x6d\x72\x89\x86\x31\x17\x53\x60\
\x05\xd4\x09\x33\x8a\x58\x5d\xb8\x22\x9f\x98\x4c\xfd\xe5\x6c\x42\
\xa8\x2d\x99\x54\xc1\x29\x41\x53\xfe\xb2\x7f\xab\x9c\xdc\x58\x97\
\xc7\xe0\x90\x5f\x3f\xa9\x2b\x5d\x1f\x30\x2f\xa6\xa8\x2b\x38\x1e\
\x2f\xe2\xdc\xa5\x72\xfc\xca\x87\x2e\xc6\xb8\x72\x24\xd6\x3b\xcd\
\xd8\x10\x6e\x0d\xb3\x18\xb2\x25\x3a\x30\xb2\xc7\x82\x44\x58\x88\
\x11\x25\xea\x43\xeb\xb2\x24\x08\x45\xe2\x55\xd9\x86\x08\xad\x0e\
\x6d\xd8\x4d\x9f\x61\xd2\x1c\x2c\x61\xd2\x0e\xdc\xd3\x5f\x2f\xc8\
\x54\x67\x89\x01\x60\x6a\x52\xae\xbd\xca\xd8\x00\xe6\x65\x53\x0f\
\xf8\x63\x3e\x63\xf3\x8e\x91\x15\x0e\xca\x47\x08\xd0\x3f\x86\xd2\
\x89\xf3\x72\x55\x2e\x09\x17\xaa\xf8\x4d\x3b\xf0\x14\x3c\xc6\x19\
\x1e\x40\x60\xa8\x9b\x7c\xfc\x46\x50\x49\x3c\x43\x88\x7c\x4f\x79\
\x73\x00\x01\xba\xa8\xcc\x2c\xa7\x1e\x0e\x93\x0e\x2d\x20\x6f\x7d\
\xf5\xab\xe5\x7e\x37\xe6\x98\xdf\x66\x55\x4c\xa2\xce\x9e\x7b\xea\
\x7c\x5c\xbe\xbc\x23\x44\xe4\x32\x12\x18\x79\x43\xe6\x1d\xe0\x11\
\x10\xbf\x21\x26\x02\xd1\x25\xb4\x26\x56\x87\xd7\x63\xd9\x43\x17\
\x9f\x91\x20\xdb\x43\x8e\x72\x85\x4c\x10\x31\x48\x0a\xa0\x7c\x4c\
\x21\x4b\x3f\xe4\x1a\x11\x20\x8a\x25\x84\x04\x18\x6a\x2e\xeb\xc5\
\x68\x2a\xcc\x8f\xeb\xc3\xcc\x33\x43\xb1\xfa\x29\x0b\xb4\xf4\x50\
\xad\x3f\x40\xa9\x1b\x04\xe0\xdc\x63\xa3\x65\x3f\xd7\xb1\x58\x48\
\x48\xf5\x03\x86\xc1\xe5\x62\xa2\x8c\xa0\x9d\x8d\x0f\x60\x7c\x7c\
\x74\xbf\x6e\x2a\x42\x10\xf0\x63\xce\xe9\x0b\x5a\x95\x89\x4d\x93\
\x47\x0c\x91\xee\x09\x9c\xab\xdf\x12\xee\xbb\x6e\xea\xc6\x75\x47\
\xe4\x4b\x4f\x64\x4d\xc5\x28\x58\x39\xda\x82\xcb\x61\x69\x72\x16\
\xa3\x7d\xe0\x87\xc5\x7e\x6a\x52\x85\xc5\x7c\xb2\x08\x08\x81\xad\
\x8a\xf8\x2e\x2d\x8f\x84\x45\xf9\xb0\xca\xc4\x21\x5e\xab\xa5\x6b\
\x82\xf8\x6a\xad\x15\x7c\xa7\xf2\x82\x84\xe3\x57\x3f\x74\x39\x2e\
\xcd\x36\xfd\xc2\xd3\x1a\x2e\xa4\x5c\xc5\xcd\xf5\xae\xad\x29\x2e\
\x22\xf3\x33\xcc\x54\xc3\x7c\x30\xb0\x71\x2a\x41\x47\x48\xbc\xd2\
\x41\x09\x8d\x8f\x50\xa0\x90\x68\x1a\xf8\x0a\x8d\x0d\x5d\x61\x50\
\xe0\xe6\x37\x64\x40\x50\xf0\x22\xb8\x66\x81\x20\x9f\x3e\x83\x7e\
\x30\x28\xbb\x28\xf6\x7b\x7d\x8f\x60\x11\xe7\x78\x33\x37\x91\x12\
\xeb\xe3\xb2\xaa\xb3\x18\x0d\x83\xe9\x39\xc3\xe8\xa4\xa2\x2d\x98\
\x1e\x18\x2c\x98\x3a\x8a\xfb\xc0\x8f\xa5\xcb\xcd\xc1\x73\x54\x0d\
\x37\x9b\x7a\xb0\x54\x29\x3b\xc2\x2b\xb3\xc9\x87\x4c\x87\x16\x90\
\x7b\xdf\xf4\xc7\xe3\x4a\xb9\xf4\x44\x88\xb9\x6d\x5a\x45\xe0\x63\
\xc7\x8e\xc4\xd1\xa3\x47\x14\x13\xe4\xec\xe8\x44\xa6\xd3\xd2\x2f\
\xf8\xd0\xf6\x4c\xf2\xc0\x3c\x5e\xa0\xa8\x7b\xb8\x53\x08\x08\xfe\
\xa9\x9f\xf1\x05\x54\x81\xe4\x0f\xb0\x08\x47\x68\xb7\x5c\x1d\xca\
\xd0\x23\xee\x0f\x7e\x68\x6a\x18\xfa\xde\x40\xcb\x0b\x21\x29\x24\
\xe9\x2e\x1c\x3b\xb2\x91\x6e\x84\x38\x1e\xc6\x47\xdb\xe3\x42\x10\
\x7b\x60\xad\xcc\xf4\x62\xf4\xcd\xb5\x76\x1c\xd9\xe8\xe8\xe8\x8a\
\x01\x59\x2f\x84\x3b\x97\x93\x8c\xbc\x07\x8e\x4b\x06\x72\x32\xe0\
\xcf\x00\x96\x75\x5f\x7e\xbf\x45\x44\xca\x85\x99\xa9\xd1\xae\x2c\
\xb3\xd1\x1f\x1a\x7d\x39\xde\x8f\x97\xdf\x7b\x3c\xf8\x14\x5a\xe8\
\x99\x7d\x71\x01\x8c\xd0\x79\xc7\x11\xf5\x57\x05\x12\xf9\xea\x23\
\xfd\xb1\x80\xe9\xb0\xcb\xc4\x6f\xe1\xcf\x02\x91\x2c\xea\xfe\x12\
\x54\x63\x61\xc8\x6f\xa5\xa3\x1a\xca\x35\x31\xd7\xb2\x12\x97\x77\
\xeb\xf1\xcb\x1f\xbe\x10\x4f\x8d\x14\x6f\xb4\xd7\x83\x77\x3a\x3a\
\x12\x0e\x46\xe3\x70\xad\x3c\x3f\x64\x8e\x41\x41\xe0\x02\xe5\xeb\
\xb2\xc5\x08\x15\x89\x6b\x9e\x43\x3b\x12\x7d\x63\x48\xb6\x18\x7d\
\x32\x0e\x74\x2e\xdc\xbe\x67\x33\x2b\xbf\x61\x76\x7f\xf3\x51\xf0\
\x7b\x34\x8b\x9d\x49\x74\xcd\x2b\xd3\x1c\xac\xc8\xf6\x07\x5f\x25\
\x90\x2c\x03\x82\xc1\x8b\xf2\xee\x93\x0e\x2f\x3b\xd1\x99\xfa\x80\
\xcb\x90\x71\xd6\x35\xf0\x70\x90\x0a\x81\xa1\x2d\xe6\xc6\xfc\x8c\
\xfa\x74\x1f\xb4\x0d\x25\x94\x97\x2f\x5e\xf2\x26\x22\xec\xc9\x7c\
\xd8\x74\x68\x01\xf9\xd9\x9f\x8d\xe5\xee\xde\xe0\x36\x3a\x01\x90\
\xcc\x5e\x92\xd0\x3e\x00\x8c\x0f\x0a\xc0\x68\x0f\xcc\x31\x9d\xf7\
\xc8\x89\x5a\x24\x16\x48\x64\x12\x18\x4b\x83\x88\x90\x00\x42\xec\
\x31\x12\x02\xf1\x87\x41\x12\x93\x80\x9c\xa7\xb8\x5c\x6a\x03\x61\
\x31\xe2\x94\xb7\xd8\xf3\x0a\x6c\xb0\xfc\xc0\xf3\x27\x22\x1a\x5f\
\x8a\x12\xe6\x65\xd1\xd0\xc4\x72\xe3\xa6\x08\x29\x23\x2c\x8c\x40\
\xa9\x4d\x59\x08\x18\xde\x1a\x4c\xf5\xf0\x89\x6a\x5b\x27\xd5\xe3\
\x17\x7f\xf4\x93\x72\x08\x15\x56\xc3\x30\xae\x8e\xa2\xdd\x86\xfc\
\x5a\x34\x15\x6e\x22\x04\xc1\x12\x40\x37\x56\x12\xf4\xfa\x83\x58\
\xab\x8f\xe3\xa5\x77\x1f\x8b\xe9\x60\x3f\x26\x43\x05\xe8\x30\x36\
\x0c\xb5\xe2\x77\x84\x99\xef\x6f\x78\xb9\x3b\x67\x5b\x09\x04\x25\
\xdd\x1d\x14\x07\xc3\xb9\xb8\x57\xde\xec\x41\xf9\xb0\x26\xe0\xc2\
\x42\xa3\x7f\x33\xb9\x5d\xac\xad\xc2\xcd\xda\xde\x29\xc5\xaf\x7f\
\x64\x27\xce\xec\x2b\xe6\x50\x90\x6e\xc5\xa0\xbe\x5e\x27\x65\x81\
\x6b\x89\x05\xc5\xf0\x16\x1f\x39\x2d\x2c\x81\xeb\x13\xe6\x3d\x01\
\xa7\xfa\x59\xa6\x01\x8e\x0b\x3f\xdf\xc3\xf3\xc2\x0f\x2f\x1e\xa1\
\x91\x51\x84\x30\x73\x7e\xd1\x2c\xcb\xf1\x1c\xe6\xf4\xf0\xac\xf0\
\x4e\xdd\x66\x6c\x65\xc9\xd8\x54\x74\xd1\x3d\xde\xe1\x81\x59\x89\
\x37\xb8\x47\x99\x6c\x43\xbf\x55\x2f\xf8\xc7\x4a\x61\x05\x68\xab\
\x08\xd2\xcd\x5f\x6a\x93\x6b\x9e\xc3\x4b\xf0\x03\xed\xc0\x0b\xdc\
\x03\x5e\x3f\x13\x4d\x50\xc8\x73\xb5\xc3\x67\xb2\x27\x13\xc1\x3c\
\x1a\xd8\xd2\x1f\x36\x1d\x5a\x40\xde\xf6\x36\xd3\xb4\x4e\xe7\x60\
\x22\x34\x11\x4c\x93\x40\x67\xd0\x0a\xe0\x73\xf9\x0a\x7d\x69\x51\
\x56\x9f\x32\x04\x59\x91\x26\x29\x7c\x4e\x10\x0e\xb1\xc7\x63\xde\
\x35\x96\xab\xa5\x7a\xd8\x42\x9f\xd1\x19\x3a\x0c\x72\x0a\x4d\x62\
\xc2\xa9\x1c\x89\x7a\x41\x14\x09\x06\xe5\xab\x53\x8c\xeb\xc3\x80\
\x6c\xf6\x00\x60\x04\xd8\x24\x72\x39\x68\x54\x59\xea\x01\xb1\x10\
\x83\xfb\x08\x2a\x5b\xd8\xb4\x04\x13\x33\x0d\x88\x80\xef\x9b\xc8\
\xaa\x4b\x30\x90\x07\xa6\xbc\xa2\x31\x75\x06\x76\x98\x87\x7a\x60\
\x18\x98\x83\x97\xc4\x26\xb2\x80\xf3\xe1\x7e\x7c\xe3\x4b\xaf\x97\
\xe0\x0d\xe5\x9c\xef\xcb\x45\x12\xa1\x61\x1c\x31\x20\x42\x91\xef\
\xa3\x50\x94\x33\x8c\xb4\x3a\x2c\x0c\x62\x7a\xd5\x85\x0b\xe5\xe7\
\x82\x01\x67\x06\x60\x9c\x67\x49\x3e\x88\x26\x86\x97\x90\x62\x53\
\x76\xf6\xca\xf1\xeb\x7f\xbc\x1f\x8f\x5c\x96\xa5\xe8\x74\xa3\x5a\
\x97\x62\x50\x17\x91\xf9\x8a\x82\x38\x56\x0c\xf0\x5a\x42\x43\x7d\
\xa4\x6f\x08\xc2\x33\x0c\x95\xd6\x90\x83\x7b\x2c\x1d\x81\x61\xc1\
\x2d\xfd\x02\x67\xb8\x44\xcc\xff\x90\x87\x32\xc0\x85\x50\x70\x38\
\x09\x26\x86\x98\x3d\xac\x2e\xfa\x15\x8c\x4f\x79\x12\xb8\x22\x15\
\x0c\x4d\x3b\xe4\xc7\xc2\x58\x98\xf4\x0c\x3e\x28\x68\x43\x59\x84\
\xd8\x82\xa8\x7b\xa4\xc4\x95\xea\x92\x02\x22\x6e\x2d\x5c\x40\xea\
\xa3\x4d\xca\x71\x4d\x42\x78\xdb\x6b\xc4\x35\x58\x3c\xd8\x9b\x95\
\xde\x87\xff\x4e\xfa\xa1\x05\x24\x3e\x77\x4f\x65\x24\x60\x0f\x0e\
\xfa\x49\x48\x13\x55\x4c\x20\x60\x39\xf0\x0b\xe9\x20\xb6\x81\x51\
\x27\x04\xa0\x77\x20\x89\x96\x30\xcc\x21\xb4\x10\xe4\xef\x8a\x28\
\x1f\x0c\xc6\xe4\x1a\xef\x3b\x10\x04\xfa\x0b\x55\x26\x50\xfa\xca\
\x74\x9e\x3a\x41\x36\xc8\xe2\x9c\xed\x80\xf0\x15\xa2\xe4\xeb\x42\
\x48\x26\xed\xac\x89\xa5\x35\x6a\xb2\x62\xec\xb3\x45\xdd\xe4\x87\
\xe0\x24\xb0\xd5\x10\x11\x70\x99\xb0\x76\xc0\x99\x42\xa7\x7c\xd2\
\xbe\xc4\x49\x26\x0a\x04\x12\x31\xb8\xef\x8f\xf5\xa8\x2f\xea\xa2\
\x84\x55\xc2\x42\x80\x2b\x42\xf3\xf2\x97\xdf\x89\x57\x3c\x05\x3e\
\xaa\xcb\x41\xdc\x7f\xdf\x71\x35\x32\x89\x25\xef\xe2\xca\xca\x78\
\x69\x88\xaa\x32\xab\xb0\xba\x56\x71\x86\x42\x12\xe1\x40\x96\xd5\
\x67\x7c\x7d\xb5\x9b\xbc\xa4\x44\x66\x09\x25\x56\x02\x3c\x0a\x16\
\x95\x80\xdb\xf0\xa8\xa3\x24\x17\x85\xf5\x45\x97\x2f\xcf\xe3\xb7\
\xfe\xa4\x1f\x9f\x3d\x27\x06\xe9\xf0\xe9\x6b\xdc\x4c\xc1\xaa\x33\
\xc3\xd2\xd4\x3f\x27\xf6\x51\x99\x86\x62\x10\x62\x0f\xfa\x85\xa6\
\x6d\xb5\xf2\x73\x05\xd0\x8d\xfe\x73\x1f\xe1\x00\xd7\x56\x5c\xb4\
\xa3\xff\xcd\xca\xaa\x8b\xc4\x7d\x18\x12\xfc\x53\x06\x1a\x15\x65\
\x38\xa8\x03\xe5\x92\x3b\x69\xa6\x17\x80\x02\xe3\xc0\xf2\x12\x3f\
\x02\x0b\xf4\xc2\xfd\xc6\x5a\xfa\x5a\x65\x8a\xf2\x3c\xa3\xee\xac\
\x1f\x0f\x42\x82\xa2\x7b\x76\x9d\x04\x10\x43\xd0\x2c\x80\x65\xa8\
\x98\xb6\x11\x6a\xe8\x3d\x52\xec\xc3\x46\xd7\x6c\xa6\x3d\x93\x3c\
\xb0\x51\x03\xb1\xa3\x27\x6d\x8b\x48\xfe\x10\xe9\xd0\x02\xf2\xde\
\xcf\x7f\x7e\x22\x04\x49\xa0\x33\x38\xc3\x4d\x31\xd2\xa1\xad\xae\
\x8b\xb7\xbf\x40\x02\xfb\xf7\x92\xcc\xd4\xca\x07\x12\x40\x06\x9a\
\x82\xdf\x99\x70\xd5\xd2\x4c\x83\x0c\x65\x14\x74\x32\xe3\xba\x97\
\x08\x12\xf7\x80\x68\x31\x35\x3e\xba\xdb\x10\x52\x0b\x02\x11\x13\
\xf0\x1a\x26\x28\xaf\x4a\x30\x60\x6c\x96\x3e\x33\xfb\x5b\x24\x82\
\x4e\x4c\x38\xc2\x80\xd9\x46\x88\x28\x67\xdf\x5f\x70\xf3\x42\x97\
\xdb\x56\xf2\x60\xc2\x4a\x38\xa8\x8b\xd7\x5b\x99\x63\x71\xd9\x95\
\xc9\x66\x62\x52\xdc\x1b\x63\x11\x72\x24\x38\xa6\xe3\x5e\xdc\x79\
\xaa\x11\x47\x37\x04\xaf\xdc\x84\xa5\xe0\x81\xb9\xe7\x0b\x09\xfc\
\x0c\xea\xc2\x5c\xb8\x0c\xfc\x46\xe0\x53\xe0\x3c\x09\x48\xbb\x6e\
\x9a\x73\x32\xa7\x93\x7e\x03\x1f\x0a\x87\x47\x7e\xf7\xa1\xda\x8a\
\x0b\x17\x97\xf1\xbb\x9f\x8d\xf8\x93\xb3\x62\xbc\xd6\xa6\x2c\x66\
\xc3\x0a\x80\x18\xaa\xa3\x3e\xb2\x14\x9f\x21\x56\xe3\x66\x45\x0b\
\x70\xcd\xa4\x27\x74\x00\xff\xc5\xba\x2a\xae\x61\x7c\xac\x05\x20\
\x90\x17\xfc\xf0\x4c\x2d\x03\xc4\x95\xf2\x24\x3f\xd7\x41\x1d\xd4\
\x9d\x96\x23\xe7\xac\xf4\xcf\xe7\xfc\x62\xed\x33\xf1\x02\x96\xc5\
\x56\x47\x5c\x0e\xcd\xec\xba\x89\xa9\x51\x34\x08\x43\xc1\x47\xb4\
\x4b\xdf\x29\x63\x2b\xed\x8b\xf4\x1a\x18\xe4\x61\x19\x09\xcf\x8a\
\x7a\x49\xc5\x92\x23\x04\xb6\x3f\xc8\xcf\x88\x17\x3c\x06\xff\x5c\
\x4d\x3a\xb4\x80\xf0\xca\xad\xb4\x85\xfe\x25\x70\xbc\x11\x08\x12\
\x10\x0c\xb4\x15\xcc\x05\x53\x43\x5c\x82\x3c\x90\xa2\x1b\x3e\xae\
\x74\x4c\x88\x21\xd1\x71\xe2\x0d\xee\xc3\x7c\x04\xe2\xf8\xbd\x3c\
\xf6\x8e\x8d\xba\xc7\x9b\x76\x94\xb5\x89\xa5\xac\xaa\xc0\x8d\x32\
\x51\x55\xce\xa6\x56\x04\xa7\x1d\x0e\xb4\x3a\x6d\x13\x07\xa5\x06\
\x4c\x22\x63\xe5\x0a\x22\x98\x31\xc4\x40\x98\x65\x90\x0c\x9c\x08\
\x03\x5a\x8d\x3f\xe0\x2f\xcb\x87\xe7\x9d\xf7\x82\x39\x38\x33\xc9\
\x48\xfe\xc1\x78\xe4\xd5\xc4\x50\x11\x17\x6b\x3a\xea\xc5\xeb\x5e\
\x71\x4b\x2c\x07\x7b\x31\xeb\xed\x45\x49\x7d\x92\x64\x08\x6e\xe5\
\xe0\x50\x4e\xba\x8e\x2b\xc5\xd9\xb4\x83\x07\xe0\x41\x0b\x80\x04\
\x83\x7e\xba\xaf\x52\x0c\x3a\xb0\x1c\x02\x29\x93\x04\xbc\x54\xef\
\xc4\xee\xa5\x45\x7c\xf4\xb1\x72\x7c\xec\xf4\x54\x0c\xbf\x29\x37\
\xaa\x6d\x57\x91\x11\x2a\x96\xf3\xf3\x85\x2e\x46\xdf\xdc\x88\x52\
\x31\x24\xea\xb9\x2a\x04\x5f\xf5\xf9\xd5\x02\xfd\xa1\xf1\xc1\x23\
\xb8\x30\x3d\x80\x41\x67\xfa\x99\x82\x90\x78\x2b\xea\x21\x81\x3f\
\x8e\x42\xd0\x78\x0e\xce\xb1\x4c\xc4\x80\xe0\x98\x51\x2b\x84\x60\
\x45\x62\x0b\xaa\x47\x29\x7d\x96\x62\x53\xfb\xf4\xcb\x2f\x35\x09\
\xef\x85\x0b\x8c\x47\xc0\x99\x03\xe6\x76\xd0\xaf\xfa\x68\x9b\x36\
\xac\x4c\x94\x0a\x9a\x3b\xaf\xae\x81\x17\x65\x8c\x1b\x4a\x6c\xca\
\x17\x90\x5b\x9d\x8e\x5c\x5d\x46\xe3\xd4\x89\x43\xa6\x43\x0b\xc8\
\x97\xba\xdd\xa5\x00\x5a\xb2\x9a\x97\x51\x1c\xa4\xbd\xf0\xcf\x21\
\x06\xd2\xec\xd7\x23\x57\x08\x2c\x90\x99\x5f\x75\xc5\xbf\x84\x07\
\xe8\x2c\xc4\x40\x8b\xa5\x7f\x0a\x12\x30\xa3\x26\x90\x3a\x49\xde\
\xac\x5f\x8c\xe6\xdc\x7a\xa6\x23\xdd\x25\xb4\x31\x43\x8b\x2c\xeb\
\x48\xad\x81\x85\x30\x11\x84\x68\x3d\x76\x39\xb4\x5b\x41\x5c\x60\
\x00\xa9\x08\x8e\x37\x9f\x53\xdb\x2c\xd5\x17\x5e\x6d\x8e\x41\x3a\
\x26\xdf\xb0\x1a\xce\x74\x25\xe8\x13\x07\xda\x29\xa1\x00\x7e\x09\
\xac\x18\x1b\xab\x30\x55\x30\x78\xb4\x3b\x8d\x17\xde\xb2\x11\x31\
\x3c\x88\xea\xf8\x40\x70\xaa\x0d\xb9\x38\xec\x14\x49\x7f\x11\x58\
\x0b\xb7\x18\x53\x0d\x88\x98\x29\xb0\x69\x46\x52\x99\x70\xf0\xdc\
\xef\x5f\x90\xd9\x05\xb0\x8a\x12\x80\xce\x5a\xec\x6e\x4f\xe3\xe3\
\x4f\x56\xe3\x83\x9f\x3d\x10\x03\x6c\x08\x67\xb8\x8e\x55\x2f\xb2\
\x5c\xe3\x65\x2f\x16\x54\xea\x9e\x54\xc3\xaa\x8e\xc4\x6f\xba\xa2\
\xb8\x52\xc9\xcc\xb4\x4f\xcc\x88\x42\xe3\x9b\x2a\xd0\x82\x3e\xd1\
\x47\x94\x14\x93\x7c\x08\x91\x5d\xa4\x15\xfd\xc0\x85\x69\xa6\x73\
\xc1\x71\xe0\x0b\xfc\x98\xb1\xe5\x23\x72\x56\xe5\xba\xaf\xfc\x82\
\xdd\x1b\x6a\xc3\xb8\x2a\x33\x18\xf2\xbd\x74\x60\xa0\xed\x74\x7b\
\xcd\xe0\x3a\x68\x97\xc4\x0a\x6d\xc7\x51\x2a\xeb\xd5\x14\xb3\xdc\
\xba\x87\xbc\x86\x71\x05\x03\xb4\xa6\x0c\x82\x48\x5f\x3c\x11\x29\
\x98\x71\x91\x19\xa1\x2b\xa3\xf8\x14\x77\xf1\x51\xa5\x19\x9f\x15\
\x3b\x64\x02\xfd\x87\x4e\x68\x8c\x92\x4c\x3e\xc1\xb3\x4d\x99\xc0\
\x00\x78\x98\xc8\xcb\x92\x05\x2c\x8b\x12\xb1\x02\x39\xfe\xad\x0c\
\xfa\xe7\x31\x6a\x75\xb0\x38\x60\x6a\xe2\x0d\x34\x1c\xc3\x82\x20\
\xc1\x6e\x81\xea\x80\x80\xed\x4e\x3b\x99\x9e\x67\x6a\x17\x7f\x9f\
\xfa\x79\x0f\x3a\xcb\xa7\xf6\x21\x81\x60\xbb\x67\xba\x84\xc0\x08\
\x1e\xc4\x2a\x04\x0c\x44\xfb\xa5\x1a\xe5\xa7\x0e\x6f\x7e\xad\x3a\
\xa0\x26\x75\x3d\x9b\x78\xc0\xc0\x75\xc1\x04\x24\xae\x19\xca\xa5\
\x3e\xdc\x2f\xce\x58\x91\xd9\xa8\x1f\xaf\x7b\xe9\x2d\x51\x9b\xf6\
\x62\xd1\xdb\x8d\xb2\x2d\x0b\xcc\x0f\x28\x10\x90\x1f\xf4\x1f\x02\
\x4b\x7b\x4b\x70\x12\x64\xe5\xd1\x61\xc6\x21\x27\x93\x7f\xba\x85\
\x72\x21\x9f\x54\x4e\x2c\x6b\x0d\x09\xc8\x5a\x5c\xba\x34\x8d\x4f\
\x9e\xad\xc6\xfb\x3e\xb1\x1f\x95\xe6\x66\xd4\x85\x37\xd6\x82\xb1\
\x2c\x86\x1d\x52\xb6\x24\x24\x92\x0d\xc1\x8e\x80\xe9\x4c\xbf\xf9\
\x60\xa6\xac\x60\x32\x39\xab\x12\x30\x50\x69\x3d\x48\xd9\x9f\x1c\
\x25\xa2\x2f\xe0\x91\x7c\xbc\xd8\x54\xe0\xac\x10\x12\x1f\xab\xdf\
\x24\xca\x32\x2a\x45\x7d\xde\x23\x40\x67\xbf\x3c\x27\x7c\x51\x3e\
\x19\x3b\x57\x42\xf0\x8c\x09\x42\xfa\x64\x61\xc8\xce\xbb\xae\x14\
\xca\x54\x86\x08\x2d\xf0\x30\xdf\xc4\xa8\x9b\x5a\x33\x7d\x79\x4e\
\xbd\xf0\x01\xb4\xa5\x4e\x7e\x23\x7c\xfd\x7e\xef\x8a\x15\xf2\xdb\
\x90\x2a\x03\x6f\xb2\x99\x47\x55\x71\x69\x45\xca\xe5\xb0\xe9\xd0\
\x02\xf2\x2d\x1f\xfa\xd0\x02\xf9\x18\x4f\x86\xab\x97\x96\xd0\x04\
\xe9\x07\xc2\x70\x20\x0a\xc6\x5f\xaa\x33\x20\x9a\xf5\x56\x08\x81\
\x5d\x32\x1d\xb8\x55\x68\x75\x33\x8b\x98\x87\xdf\x74\x9a\x2d\xef\
\x99\xb3\x20\xa1\x8d\x58\x1a\x6e\xe4\xe9\x10\xef\x44\x87\x25\xcc\
\x8a\x5d\xb8\xc7\x73\x86\x44\xd9\x56\xc8\x08\x04\x79\x6a\x1b\x22\
\x52\x17\x82\x0a\x01\xd9\x6d\x1e\x58\xf0\x4f\x4d\x44\xe5\x41\x68\
\x12\x0e\x31\x85\xea\x2d\x7c\x69\x08\x07\xeb\xe0\x46\x79\x97\x77\
\xea\x56\xff\x80\xa3\x30\xf3\x5e\xbe\xad\x3c\xa9\x14\xd4\x6f\x9d\
\x36\x9a\xd3\xf8\x86\xbb\xb6\xa2\x3a\xeb\x47\x79\x96\x73\x3a\x04\
\xe3\x8e\x39\xc8\x2c\x78\x80\x73\x2e\x66\x20\x30\xa7\xcf\xcc\x1d\
\x15\x8b\x0c\xbd\xd9\x99\x00\xc1\x98\xc0\x01\xc0\xc0\x12\x92\x65\
\x09\xe1\xd8\x88\x9d\x9d\x79\x7c\xfa\x4c\x39\x7e\xf3\xa1\x83\x68\
\xac\x9f\x88\x66\xb7\x63\xe6\x6b\x4a\x78\x18\xa5\xea\x88\x09\xd4\
\x92\x4a\x29\x26\x93\x70\x5b\xa1\x48\xa3\xc2\x34\x30\x11\x7b\xe7\
\x02\x28\x73\x3d\xe0\x05\xcd\x9b\x4c\x89\x15\xc3\xd2\xe0\x3a\x8a\
\x3e\xc2\x01\x0a\xaf\x50\x0e\xe4\x41\x61\x50\x06\x98\x0a\x66\x16\
\x74\xc6\x61\xe1\x82\xc1\x07\xa4\xc9\x18\xcb\x95\x96\x25\x61\x90\
\x8b\x83\x35\x12\x0c\xbd\x9e\x2c\xab\x60\xa3\xde\xc2\x12\x38\x7e\
\xd0\x3d\xae\xf1\x42\xf8\x52\x18\xf4\x63\x13\x0b\x70\x52\xad\x12\
\x5b\xe5\x72\x7b\x36\xdd\xb0\x00\x4b\x29\xe3\x39\xa0\x68\x81\x09\
\xd8\xa9\x1f\x98\x88\xf9\x80\x8b\xf5\x75\x0c\xfa\x30\x47\xa8\x60\
\xff\xd0\x7c\x7e\xe8\x82\x9f\x7f\xdb\x3d\x8a\x59\x45\x20\x80\x47\
\xfb\xa9\x26\xf5\xc7\xda\x9b\x58\xc0\xe6\x4f\x0c\x01\x32\xd0\xc6\
\x5c\x7b\x22\x47\x08\x65\x58\x16\x24\xc0\xbc\xc4\x1e\xec\xea\x8e\
\xe4\xb3\xb6\x8a\x20\x8c\x67\x30\x32\xcf\x71\x9d\xd2\x0a\xc8\xf5\
\x11\x72\x78\x4b\xec\xc2\xd3\xe7\xc4\x64\x98\x7f\xb4\x38\x1a\x3f\
\xbf\x28\x04\xc2\x9f\xdd\x26\xc3\xb4\xba\x10\x50\x49\x10\x02\x7c\
\xb4\x13\xf7\x98\x9c\x64\x92\x12\x04\x80\x60\xf2\x00\x1f\x65\x69\
\xcb\x2e\x9b\x4c\x3c\x5f\xe2\x65\x28\x9b\x03\x38\x80\x8b\x91\x2f\
\x88\xc3\x0e\xf2\x58\x29\x82\xf3\x7b\x6e\x5b\x8b\x13\x5d\xd5\x3b\
\xd8\x17\x6c\x62\x3a\xd5\x7c\x65\x87\x78\x18\x5e\xf7\xac\x33\x75\
\xe9\x77\xe7\x61\xe7\x15\x73\x25\xc3\x71\x5f\x7d\xd2\x6f\xda\x50\
\x0f\x62\x52\x12\x6e\x9b\x47\x62\x7f\x50\x8a\xcf\x9d\x2d\xc5\x07\
\x3f\x2f\x17\x85\x9d\x55\x84\x73\xbf\xfb\x22\xb8\x19\xad\xda\xdf\
\xde\x91\x8b\x27\x17\x52\xb0\x7b\x44\x88\xe5\x2f\xab\xcf\x07\x20\
\x44\x30\x3b\xee\x95\x90\xe0\x37\xf8\xc0\x0d\x7d\xa4\x2d\xe2\x3d\
\xf7\x69\xd5\x77\x12\x7d\xc7\x15\x03\x2f\xe0\x93\x67\x30\x3a\xf0\
\x81\x47\x7e\xfb\xd9\x8a\x29\x09\x08\xd1\xf2\xe4\x45\x11\xb2\x2f\
\x01\x6d\xd2\x4e\xd6\x99\x0a\x0b\x58\x08\xcc\xb9\x4f\x3d\xc5\x64\
\xa5\xf3\x88\x04\x6c\x67\x94\x0a\x2b\xdd\x2e\x56\x52\xf0\xfd\xc1\
\x2b\x6f\xa9\x0a\x5e\x94\x14\xc7\xb3\xe1\x25\x2f\xbf\x11\x92\x09\
\xae\xbe\xee\xa1\x14\x0d\xab\xf8\x49\x0a\x23\x11\x7c\x88\x74\x68\
\x01\x61\xd3\x06\x75\xc4\xb3\x39\x68\x1e\x8f\x62\x08\x34\x4c\x37\
\xc2\x00\xe3\x63\x25\xe8\x02\x6f\x08\xee\xcb\x0c\x9a\x2d\xc4\x74\
\xa8\x50\x26\xec\x6c\x61\xf4\xe7\x6f\x1b\xaa\xf3\x10\x96\xb8\x00\
\x41\xf3\xab\xba\x42\x10\x13\x61\x04\x6a\x08\x07\x1a\x17\x8d\xb3\
\xbe\xb9\x21\xe1\x10\x63\xa9\x4d\x18\x1d\xc4\xb1\x86\xc8\x88\xa3\
\xed\x15\x72\xb8\x0f\x01\x58\x4c\xc8\x44\xa5\xc8\xe2\x99\x77\x82\
\xe4\x99\x5c\x02\x66\xb4\x71\xdb\xd0\xb2\x85\xd5\xd1\x63\x6b\x5a\
\x98\x79\x3e\x96\x00\xae\x66\x47\x18\x14\x28\x96\x5f\xf3\x76\x23\
\xc3\xd6\x23\xd5\xc1\xdc\xc7\x42\x6e\xd5\xab\xee\xbf\x99\xe9\x5b\
\xef\x1e\x4f\x90\x28\xb9\x51\xfb\x59\xa7\xdd\x2b\x6a\x14\x99\xb0\
\x36\xf4\xa5\x2c\xe1\x61\x8e\x25\x97\x95\xa4\x00\x81\x2c\xfa\xb7\
\x60\xf8\xbb\x24\xa6\x6e\x6d\x78\x37\xc6\x2f\x9e\x59\xc6\x6f\x7e\
\x62\x2f\x46\xb5\xa3\x52\x20\x8a\xbd\xd4\x7e\x4b\x70\xaf\xb5\x14\
\xf4\x56\xe6\x7e\xdf\x9e\x3e\xc0\xb4\x55\xce\xf2\xbd\x71\xff\x68\
\x57\xfa\xd6\x30\x60\x4d\xa8\x1f\xd7\x03\x06\x85\x99\x0b\x3c\x15\
\xc2\xe2\x6f\xa9\x20\x2c\xc2\x2b\xd6\x0c\x90\xa9\xb3\x58\xfa\x81\
\x75\x41\x38\x18\x7e\x25\x3e\xf0\x00\x82\xb2\xa1\x38\xa8\x07\xcb\
\x8e\xeb\xa8\xff\x5c\x3f\x5a\x9e\x33\x75\xd0\x26\x53\x02\x0f\x3f\
\xfc\x15\xbb\x8f\xb8\x74\x0c\x07\x93\x97\x44\x9e\x22\x5e\x62\xb8\
\xd6\x2f\x65\x09\x59\xd5\x1a\xd6\x2b\xbd\x0b\xea\xca\x94\xcb\xe2\
\x0b\x41\x43\x58\xd2\x7b\x49\x85\x83\x02\xc6\x42\x4e\xe4\x31\xcc\
\x46\x53\x51\xb0\xf6\xfc\x0b\x08\x49\x1d\x2d\x63\x16\x0b\xe9\xa5\
\x03\xc5\x35\xcc\x4f\x07\x38\x33\x9c\x88\x69\x25\x68\xa4\xc3\x08\
\x0e\xa6\x1d\x62\x90\xb0\x14\xf6\x19\x13\x57\x2e\xe7\x80\x56\x67\
\x08\xc2\x98\x77\x12\x37\xe7\x44\x9a\xcd\x9c\x0d\xe6\xe0\x5e\x12\
\x17\xee\xcb\x3c\x08\x8a\x11\xae\xe7\x24\x98\x9f\xe7\xb4\x67\xc6\
\x90\x40\xc2\x14\x68\x2a\x88\xce\x33\x60\x76\x3f\x66\xca\x2b\xe6\
\x45\x39\x32\xea\x82\x1f\x4f\x5e\xea\x83\xa1\x70\x01\x10\x68\xe6\
\x3c\xb0\x1e\xdc\xbb\x6e\x6d\x19\xb7\x9c\x6c\xaa\x23\xfd\x58\x48\
\xa8\x64\xd8\x54\x17\x02\xca\x79\xd5\x29\x9d\x0a\x21\x34\x2c\x3a\
\x8c\x07\x09\x3a\x7b\x7d\x61\x71\xd2\xdd\x22\xb3\x04\xb9\xd5\x11\
\x9c\x11\x5f\x7a\x62\x1c\xbf\xfe\xb1\x0b\xb1\xbb\x5c\x73\x90\xbe\
\xae\x78\x8c\x37\x1f\x59\x7d\xb0\xce\x4e\x2b\xed\x86\x5c\x8f\x96\
\x98\x13\xab\xc1\x48\x56\x2e\xc9\x61\x21\x20\xae\x88\x19\x54\x02\
\xc7\xee\x23\xc0\x40\x9f\x80\xc1\x8a\x43\xc2\x84\x42\x01\x8f\xe4\
\x1b\x29\x66\x20\x13\xe5\x27\x63\xb4\x75\x5a\x4d\xfa\xee\xd1\x3e\
\xe1\x97\xeb\xba\x68\xe5\x49\x3b\x95\x41\x69\x18\xf1\x4a\xe0\x82\
\xe7\x30\x37\x7d\x04\xb7\xa6\xa5\xda\x83\x26\xec\x0a\x73\xd7\x5d\
\xb7\xbb\x5c\x81\x07\x14\x29\x74\xe1\x37\x29\x05\x30\xdd\x60\x12\
\x67\xea\xe0\x1e\xf5\x73\xc6\x33\xe0\x1e\x65\xe8\x07\x65\xa8\x0f\
\xb8\x4d\x63\xd5\x09\xaf\x21\xc8\xf0\x9e\xe0\x4b\x46\x38\x44\x3a\
\xb4\x80\xbc\xed\x6d\xf4\xbf\x5e\x26\xf0\x02\x28\xb4\xbc\x68\x6d\
\x33\x6c\x6d\xaf\x33\x07\x1f\xcd\x6c\x2b\xf6\xe0\xbb\x1e\xe4\x81\
\x20\x96\x74\x11\x2b\x37\x92\x43\x6b\x24\x93\xf3\x0c\x4d\x3a\xea\
\x0f\x2c\x50\xe0\x1d\xd4\x7b\x99\x07\x08\xd5\x31\x90\x30\x79\x74\
\x45\x84\xa1\x1e\x8e\x1c\x3e\x54\x1b\xb8\x50\x68\x4d\x69\x13\x84\
\x8e\x84\x90\x50\x37\xd7\x10\xd8\xcc\xa3\x7b\x55\xc1\xa4\x86\xbd\
\x55\x29\xe6\x18\x97\x89\xf6\x81\x85\x05\x98\xb4\xc5\xae\x29\xea\
\x8c\x47\x42\x86\x62\x16\x92\x6e\x8b\x00\x22\x82\x50\xc7\x46\x6c\
\x43\x05\xe4\xaf\xfc\x86\xeb\xa3\x3a\xde\x8f\xd9\x41\x2f\xe6\x13\
\x09\xeb\x8c\xfe\x8b\xe5\x31\x85\x4b\x29\x06\xe5\x2b\xb6\xed\x51\
\x55\xea\x13\xba\x17\xb7\x00\xf4\x4b\xc8\x75\x10\xac\x79\xd9\xba\
\x60\xaf\xb6\xd6\x25\x84\xe5\xf8\xf2\x93\xd3\xf8\xed\x4f\xec\x5a\
\x38\xd6\x36\xd6\xa3\x21\x61\x65\x38\x97\x05\x9d\x8c\x56\xd5\x58\
\x78\x29\x80\x58\x71\xeb\xe5\x33\x6a\x93\xb6\x88\x19\xe8\x33\x3e\
\x3b\x0c\x44\x62\xbe\x81\x96\xb9\x5f\xe0\x9a\x78\x8f\x60\x18\xe6\
\x62\x10\xa5\x5a\x91\x70\x09\x24\x5b\x0f\xa4\x49\x09\xed\x8c\x70\
\x50\x86\x95\x0a\x93\x01\xef\x72\xd0\x3f\x62\x4b\xdc\x65\xbe\x82\
\x8b\x5b\x96\x2f\x42\x91\x8a\x8d\xdd\xf2\x7d\x74\x46\x19\x11\x08\
\x5a\x67\x38\x3c\x63\x14\x5c\x56\x84\xa6\x70\xdb\x8a\xd8\x04\xb8\
\x68\xcb\x13\xca\xaa\x63\x38\x90\xb2\x13\x3c\xf0\x01\x95\xd0\x37\
\xf2\x21\x2c\xf4\xad\x10\x1c\x2a\x45\xe9\x20\x2c\x2c\x45\xa1\xad\
\x91\x78\x8f\xd7\x1f\x2a\x2d\xdc\x96\xc3\xa5\x43\x0b\xc8\x7b\xdf\
\xeb\xdd\x45\xe7\xfd\x41\xcf\x02\x81\x19\x46\xd3\xa3\x51\x7a\x72\
\x33\xf0\x37\x19\x91\x68\x35\x64\x76\xc5\xb4\xc5\x04\x9f\x03\x57\
\x09\x81\xcd\xb6\x3a\x0a\xe2\x1c\x2b\x28\x19\x41\xea\x2c\x56\x07\
\xa4\xf1\x0c\x9f\x19\x1f\x14\x6d\x0b\xd1\xd0\x7a\xd6\x92\xba\xc2\
\xb5\x63\x22\x90\x7c\x10\xb5\xd0\x20\x30\x39\x2b\x8a\x0b\xed\x03\
\x52\x59\x0a\xe1\xc0\x58\x6d\x53\xb6\x40\x6e\xb6\x43\xbd\x39\x46\
\xcf\x6f\x0e\x04\x8d\xed\x4a\xf9\x62\xae\x37\xe2\x56\x4a\x90\xa5\
\x6d\x11\x0e\xfd\x3e\xe8\x0d\xa3\xb6\xec\xc7\x8b\xef\xd8\x88\xea\
\xe0\xc0\x2f\x45\x95\x64\x7d\xfc\x5a\xac\xfa\x69\xe1\xc0\x9a\x88\
\x49\x70\xd1\xf8\xed\x35\x56\xfa\x6d\x0d\xc1\x01\x53\xeb\x92\x3e\
\xe4\x70\x6c\x37\x26\x8b\x5a\x3c\xf6\xd4\x22\x7e\xe3\x63\x97\xe3\
\xf4\xa8\x65\x81\xe9\x88\x81\xaf\x6c\x3b\xe4\xad\x8c\x72\x50\x81\
\xfe\x15\x7d\x27\x41\x0b\x70\xcd\x7d\x98\x8d\x3c\xe0\x8c\xc4\x6f\
\xee\x71\x4d\x8c\x40\x9d\xcf\xb8\x4d\x85\x27\x90\x83\x1f\x30\x3c\
\xee\x27\x56\x88\x72\xd4\x8f\xeb\x28\x70\x2d\x3a\xfe\x26\xbe\x8e\
\x42\xb9\xd9\x7a\x60\x59\x50\x0c\xba\xc7\x91\xf5\x65\xbd\x94\x77\
\x3d\xc0\xa8\x67\xfc\x2e\xca\x93\x68\x17\x9c\xfb\x9e\x84\x99\x3a\
\x81\x11\x5e\x40\x88\xe0\x0b\x2c\x03\xbf\x51\x76\x57\x04\x45\xf7\
\x48\x58\xa5\x62\x60\x81\x36\xb1\x86\x83\xde\x20\x46\xbc\x86\x3b\
\x81\x18\x87\x4b\x87\x2e\x48\x12\x3d\xd5\xed\xd4\x4a\x0c\xd1\xd2\
\x41\x0e\x90\x4a\x20\x8b\xb0\x40\x10\x02\x33\x7e\xdb\xf4\xe9\x0f\
\x8b\x00\xb3\xfa\xc3\x8b\xa0\x0c\x46\x51\xc7\x5c\x0f\xa6\x5b\x65\
\xed\x93\xeb\x1a\xcb\x40\x1e\x0f\x23\xea\xda\xae\x9c\xf2\xa0\x55\
\x40\x2e\x43\x98\x30\x03\xf5\xa1\x41\xb9\x0f\xf2\x39\xa7\x46\xcd\
\xfa\x59\x20\xc8\xbb\x22\x66\x46\x71\x37\xda\x0b\x64\x3a\x36\x51\
\x3d\x8c\xa6\x71\x0f\x3d\x87\x9b\x90\x4c\xc6\xa8\x96\x7e\x8b\x68\
\x1e\x3c\xd0\x53\x26\x2c\xa7\xaa\x97\xcd\xeb\xc6\xc3\x71\xdc\x73\
\xc7\x91\xe8\x96\xe4\x76\xed\xee\x49\x10\x24\xc4\x70\x10\xed\x4a\
\xfb\xe1\x6a\x11\x50\xa1\xd5\xbd\x87\xae\xe8\x44\xff\x61\x16\xfd\
\xf3\x81\x5b\x35\x9f\x41\x6c\x09\xaa\xf0\x36\x54\x60\xfe\xe4\x85\
\x45\xfc\xdb\x4f\x1c\xc4\xe9\xe9\x66\xb4\x36\x8e\x4a\xbb\xaf\x45\
\x4b\x01\x77\x47\x0c\x40\xdc\xc1\x88\x15\x13\x82\xde\x5a\xa8\x81\
\xcb\x99\xf3\x47\x30\x86\x57\xb6\x8a\x99\xe8\x1b\xcb\x30\x70\x5d\
\x93\x2e\xe9\x46\x66\xdb\xf4\x11\x01\x42\x7a\x73\x33\x06\x9e\x73\
\x3f\x2d\x59\x32\xaa\x4e\x66\x3a\x98\x9f\xfa\x89\x30\x39\x18\x66\
\x87\xf8\x08\x0a\xf7\x13\xff\x30\x7e\xba\x72\x85\x9b\xcd\x41\x32\
\x9d\x94\x87\xd8\x83\x7a\x51\x52\x57\xdc\x4d\x1d\xc0\xcd\x66\xd3\
\xe9\xa6\x63\x61\x72\x70\xc0\x2e\x9f\x9e\x53\x1e\xa5\xc2\x67\xfb\
\xa0\x25\x30\x15\x9e\x81\xdf\xa5\x6f\x31\x7c\x9c\xfd\x2b\xda\x63\
\x90\x01\x0b\xc6\x62\x07\x71\x8a\xef\x1f\x26\x5d\x8d\x80\x2c\x37\
\x37\x36\xfb\x0c\x7f\xa2\xf9\xe8\x50\x06\x4e\x30\xed\x33\x6e\x0d\
\xab\x5b\x79\x3f\xb9\x20\x4c\x81\x38\x7e\xa3\xc9\x40\x1c\x04\xa4\
\x33\x30\xb5\x27\x1c\x55\x96\x64\xc4\x0b\x79\xf0\x51\xab\xa1\x80\
\x5e\xf9\x20\x16\xa3\x47\x68\x3e\xdc\x36\xca\xc0\xd8\x8c\x62\xc1\
\x18\xf8\x9c\x30\xbd\x5f\x9c\x02\x48\x95\xc7\x1d\xb3\x09\xd7\x9f\
\xdb\x13\xf2\x20\x0a\xed\xa0\xf5\x10\x90\xaa\x88\x6b\xcd\xae\xfb\
\xbc\xa8\x45\x20\xcf\x8a\xe0\xa1\xe0\x07\x3e\x2f\xf5\xe0\xb1\xca\
\x20\xac\x26\x88\x82\xf3\x57\xbe\xf8\x64\xcc\xf7\xe5\x5e\xf1\x3d\
\x44\xe1\x40\xce\xb9\xea\x11\x83\xa8\x4c\x5a\x2c\x0e\x95\x83\x17\
\xe9\xbb\xaf\x79\xa6\x6b\xf2\xf0\x43\xb8\xe0\xb3\x10\xf3\xda\x5a\
\x3c\xb5\xbd\x8c\x0f\x7c\x66\x37\x9e\x18\xb5\xa3\xdd\x5d\x97\x7b\
\xda\xf4\x56\x45\x2c\xd5\x97\x18\xab\x1f\xe9\xa7\x83\x6f\x18\xa1\
\x98\x05\x57\x6d\x52\x0c\xcf\x0c\x77\x32\x07\x41\x02\x57\x1e\x91\
\x53\x1b\x28\x2b\xf0\x0e\x0e\xa1\x0d\xd7\xa4\x82\x36\x24\xf0\x04\
\x23\x73\x49\xdd\xb4\x03\x4d\x78\x6e\x7a\xa8\x0f\x68\x75\xea\xcc\
\xb6\x70\xaf\x72\xa5\x2d\x79\x6c\x01\x04\x17\x9a\xbe\xf0\x2c\x54\
\xbb\xe9\x44\x59\xf2\x72\xce\x1d\x35\x73\x79\x0b\x0c\x4f\x0c\xc5\
\x7d\x04\x1a\x1a\x02\x0d\x74\x33\xa3\xab\x2d\x86\xdc\x99\xa5\xf7\
\xfa\xac\x99\xf0\x2f\x45\x00\xac\x78\x0a\xe4\xb5\xa5\x51\x5b\xd0\
\xd5\xb4\x85\x8e\x42\x96\xf7\xc6\xb2\x39\x3f\x5c\xba\x2a\x0b\x32\
\x5b\xcc\xbe\xcc\x50\xe2\x48\x9a\xb4\x18\x1d\x61\x6e\xa1\x40\x96\
\x97\x63\x48\x3b\x15\x48\x33\xe2\x60\x2c\x21\x82\xbc\x74\x84\x11\
\x0a\xb4\x35\xea\x08\xcb\x00\xd2\x88\x55\xd0\x6a\xcc\x90\x93\x47\
\xd8\x35\xa1\x21\x2a\xed\xa0\x3d\x18\x0e\x64\xf9\x34\x89\xba\xb0\
\x4a\xf8\xe6\x30\x36\x2f\x60\xa9\x21\x5b\x22\xce\x10\x07\xcd\x0a\
\xd2\x48\x20\xf6\x0a\x2c\x3a\x10\x0c\x6f\xf8\xb6\xcc\x51\x2e\x96\
\xb3\xcc\xd4\x1e\x0b\xea\xc8\x47\x22\xaf\xe3\x12\x11\x98\x18\x88\
\x89\xb0\x93\x9b\xe5\xb8\xfd\x84\xdc\x41\x09\x51\x59\xb0\xbb\x2e\
\xb5\x8f\x05\xa1\x8f\x10\x95\x7e\x71\x5f\xff\x5d\x69\x8b\x4d\xdf\
\x4a\x0b\xe2\x0e\x1d\xf4\x47\x42\x10\xad\xb5\x78\xf2\xe2\x38\xfe\
\xf0\x73\x7b\xf1\xe8\x7e\x23\x36\x36\x8e\x44\x5b\x78\xe3\x85\x27\
\xf6\xef\xe2\x85\x2f\x18\x16\x38\xc0\x27\x4c\x05\x6e\xc0\x07\x6d\
\xd8\xe5\xe0\x99\xfa\xc1\x6f\x12\xcb\xf7\x51\x10\x30\x3c\xf0\xd0\
\x6f\xfd\x70\x1f\xa0\x4f\xe1\xe6\x50\x27\x89\x33\x02\x81\x00\x81\
\x2b\x84\x4c\xd9\xd4\x46\x2a\x40\x70\x61\x9a\xa9\x3c\x2e\x2f\x34\
\x40\x39\x01\x8b\xad\xf6\x0a\xa7\xd4\xcf\x19\xba\x70\xc6\x3a\xaf\
\x40\xca\x7b\x1e\x05\x14\xed\x54\x39\x75\x79\x34\x4b\xf9\xc0\x1d\
\xc1\x3f\x4b\x6c\xa8\x13\xe1\xa0\x2c\x30\xd3\x49\xd5\x2e\x45\x21\
\xa1\x53\xdb\xc0\x87\x57\x62\x98\x74\x06\x66\xf3\x8a\x12\x67\xf7\
\xc5\xfd\x54\xdc\x34\x9d\x3c\xb3\x20\xef\xab\x4c\x57\x25\x20\xdb\
\x7b\xbd\x0d\x4b\xba\x3a\xc6\x27\xaf\xd4\x63\x77\x92\x0e\x00\x38\
\xc8\x40\xb2\xc7\x68\x21\x75\x70\x2a\xc4\x94\x3d\x3b\xaa\x86\xc5\
\xcc\x85\xc6\x00\x11\x6c\x8e\x0c\x21\xd0\x1e\x68\xa6\x42\xa3\x41\
\x5c\x5c\x31\x7a\x5a\x95\x3b\xc1\xc1\xee\x28\xac\xe8\x04\x09\xa4\
\xc2\xa5\xe2\xfb\xe6\x38\x31\xbc\xc7\xc1\xc7\x40\xfd\xde\x05\x94\
\x51\x3b\x68\xfe\x21\x96\x46\x07\x9f\x44\x40\x28\x59\x35\x0c\xa2\
\x81\x83\x57\x84\x11\x6e\x5c\x3b\x26\xf3\x80\x61\x32\x91\x80\x4a\
\x5b\x0d\x7a\x7d\x11\x91\xa1\x6b\x21\x5e\xc0\x7b\x70\x40\xb1\xd7\
\xcb\xee\x3a\x1a\xe5\xa1\x5c\xab\x41\x1f\xdf\x2b\xdf\xeb\xc0\x8d\
\x12\x58\xc0\x46\x3f\x53\x22\x10\x10\xe1\x48\xf7\x8a\x23\xad\x87\
\xf2\xb2\x56\x48\xda\xf3\x89\xb3\x07\xf1\xef\x1f\x19\xc5\x23\xfb\
\x72\x19\xd6\x8f\xc9\x72\x34\x62\x73\xbd\xa3\x98\x83\x4d\xec\x10\
\x10\x50\x90\x4b\x3a\x60\x1a\xd0\x83\x30\xc0\xb8\x30\x39\xee\xa0\
\xaa\x75\x5f\x38\x6a\xaa\xd7\xd6\x51\x78\x81\x51\x3c\x62\x46\xdb\
\xc2\x0d\xb4\x29\xf2\x59\x50\x44\x27\x98\x0a\x8c\x5b\xb1\xe9\xe0\
\x19\xf4\xc3\x0d\xc3\x25\x12\x62\x7c\x30\x9c\x8e\x16\x67\x99\x8c\
\x5f\x07\x90\xd5\xa2\xaf\x94\x31\x2e\xf9\x4d\x8f\x75\xde\xde\xde\
\x76\x1d\xc0\x8a\xc2\x2b\x14\x25\x70\xce\x89\xed\x2c\x5c\x19\xf7\
\x39\x93\x79\x27\xe3\x19\x56\x49\x60\x33\x6b\x72\xd9\x18\x1c\x30\
\x4c\x02\xa1\x5a\x62\x58\x5e\x56\x53\xf5\x50\x56\x85\x5d\x0f\x6d\
\x73\xa0\x3c\x19\x38\xe2\xad\x46\xbc\x0c\xe2\x99\x46\x39\xd2\x9c\
\x1e\x22\x5d\x95\x80\x5c\xba\x7c\x70\x0a\xe6\x04\x09\x89\x88\x44\
\x3e\xae\x0e\x9d\x2c\x90\x3d\x91\x69\xcc\x09\x20\x31\x84\x8e\x1a\
\x4c\xae\x8e\xa1\x25\xec\xde\xa8\x2c\x84\x4e\x8d\x98\x96\x86\x67\
\x8c\x67\x53\x2f\x66\x98\x8e\xe7\xe8\x4a\x32\x41\x61\xaa\xad\xed\
\x84\x71\xea\x70\x7b\xfa\x83\xa8\x9b\x9b\x9b\xbe\x87\x99\x36\x53\
\x2a\x2f\x41\x29\x2b\x72\x1b\x4c\x4c\x8a\xb0\x3c\x2f\x34\x28\x9a\
\xd0\x84\x91\xd6\x64\x09\x0a\x30\xf0\xcc\x84\x11\x81\x7a\xc3\x89\
\x3f\xb3\xa0\x78\xdb\x70\xd6\x96\xfb\xf1\x0d\x77\x6c\x46\xe9\x40\
\x02\x22\x33\x2f\x7e\x49\xd8\xfc\x3f\x50\x60\x15\x71\x31\xb8\xc2\
\x15\x84\x6d\x94\x94\x81\xf6\xf8\x51\xc2\xcd\xe8\xca\x72\x48\x38\
\x3e\x75\x66\x1e\x5f\xd8\x69\x44\x6d\xed\x58\xf0\xb1\x1a\x86\x6e\
\xd9\xe9\x71\xbd\x0b\xb1\x81\x61\x11\x2d\x29\x17\xef\x9d\x2b\xa1\
\xe3\xfd\x78\x92\x63\x0e\xe1\x02\x3a\x14\x78\x02\x2f\xb9\xb3\x08\
\x0c\x92\xae\x2c\xfd\x01\x7f\x66\x9a\x15\x8e\x5d\x1e\x3c\xea\x8c\
\x1c\x43\x03\xe6\x37\x72\x47\x77\x46\x85\xa0\x07\x83\x21\xe0\xf6\
\x19\xb7\x0d\x84\xb8\x8d\xbc\xfa\x33\xc2\x45\x2a\xac\xca\x91\x23\
\x47\x7c\x8d\x02\x2d\xde\x29\x21\xa5\xc5\xc1\x05\x16\xad\x84\x3b\
\xef\xb0\xa9\xa2\x79\x5f\x0a\xd2\x70\xa4\xa7\xc0\x7e\x6a\x65\xdd\
\xa3\x3d\x54\x4e\x3a\x4b\xc9\x57\x02\xd0\x8a\x11\x3a\x11\x9f\xa0\
\x10\x29\x4b\x7b\xd4\xc3\x74\xc0\xfe\x5e\x2f\xf6\x76\x0f\x72\x08\
\xf2\x10\x29\x21\x3e\x64\x92\x06\x9b\x77\x3b\x6d\x49\xb6\x5c\x23\
\x69\x2b\xd8\x82\x01\x1c\x71\xbd\x08\xa1\xd8\x80\xcd\xd2\x84\xf0\
\x82\x09\x0b\x86\x06\xeb\x0c\xb5\x72\x4d\x02\xc1\x10\x87\xeb\xc2\
\x3c\xd3\x41\x84\xca\xab\x3e\xd1\x7a\x42\xce\x5c\x65\x99\xe0\x03\
\x79\x78\xa9\x20\xb8\x08\xe6\xbd\x64\x45\x2a\x86\x98\x88\x8d\x14\
\xd0\x9a\x08\x1f\x87\x99\x1c\x73\x6c\x66\x15\x78\x25\x11\x41\x9c\
\x4e\x59\x10\x4b\x3d\x68\x56\x9b\x07\x1d\xc4\x2f\x20\xd9\xee\x8b\
\x12\xcf\x80\x8d\x8d\xc8\xd8\x36\x73\xb8\xbf\x1b\xf7\xdf\xb1\x15\
\x47\x1b\x12\x6a\x09\x08\x42\xc8\x44\x27\x0b\x17\x09\xc6\xd3\x2b\
\x80\x89\x92\x39\xe8\x0f\x07\x70\xf8\x90\xe0\x2c\xa4\x19\x1b\xdd\
\x6e\x9c\x3b\xdf\x8b\x4f\x3e\xb9\x88\x87\xce\x89\x69\x3b\x62\x28\
\x98\x42\xb8\xf3\xb6\x44\x04\xe0\x55\x5e\xfe\x62\xb5\x34\xb3\xe1\
\x28\x22\xb9\x14\xaa\x8b\xd5\xce\xb8\x83\xbc\xff\x42\x9d\xb8\x7f\
\x0c\x26\xc0\x84\xd0\x02\x8b\x02\x83\x01\x04\x4a\x81\x15\x07\x93\
\xf1\x20\xc6\xc3\x81\xf1\x57\x68\x73\x70\xcf\xeb\xce\x30\x27\xd7\
\x9e\x3f\x91\xf5\x01\x5e\xbf\x2b\x12\xf3\x18\xf5\x7a\x22\x12\x4c\
\x87\xe5\x49\x57\x8b\x83\x3a\x90\x2e\x2c\x19\xc9\xf4\x93\xc0\x36\
\xea\x72\x3b\x85\x55\x5c\x66\xf0\xce\x84\x28\xe7\x42\x90\x59\x54\
\xb8\x54\x30\xee\x49\xdb\x99\x68\xad\xe7\x0b\xc5\xa0\xae\x63\xc1\
\x5b\x99\x7d\xbb\xb9\xc0\xce\x22\x50\x2c\xa7\x47\x3e\x55\x6b\x8e\
\x5a\x49\x49\xc8\x42\x60\x85\xe7\x6a\x0f\xaf\x05\xfe\x21\x4f\x5a\
\x43\x84\x84\xf8\x92\xd1\x39\xc1\xea\x2d\xfb\x0e\x97\xae\x4a\x40\
\x2a\xb5\xc6\xe5\x81\x90\x7b\xf4\xe8\xa6\x18\x3f\x83\x41\x90\x84\
\xc6\xb2\x96\x15\x02\x21\x1e\x04\x81\x80\x66\x14\x9d\xe9\x4c\xe6\
\xcf\x49\x22\xae\x0b\x82\x91\xd7\x43\xb7\x60\x5e\x88\xa0\x3e\x12\
\x67\x82\xae\x24\x82\x2c\x94\x10\x6c\xab\x22\xe6\x25\x3e\x49\x84\
\x40\x38\xb9\x05\x8c\xb2\x28\x59\xe8\x74\xa6\x0d\x60\x02\x16\x9e\
\x17\x02\x4b\x22\xae\xa1\xad\x1c\xb1\x12\x01\xe4\x3e\xb0\x39\x1d\
\x84\x64\x78\x77\x32\xc5\x3d\x53\x5f\x75\x8d\x35\x60\xec\xbf\xb2\
\xe8\xc7\xcb\xef\x39\x19\xd1\xdf\x8e\x45\x9f\x2d\x7d\xd4\xb6\xea\
\x42\x83\x15\x7d\x74\xd2\x49\xb7\xdc\x2e\x6d\x14\x83\x03\xac\x1a\
\x6e\x6e\xac\xc5\xc5\xcb\xa3\xf8\xd3\xa7\x23\x3e\xfe\x94\xca\x35\
\x8f\x44\x49\xcc\x8e\xf6\xae\xd7\x24\x10\x2a\xc7\x46\x6f\x16\x28\
\x1d\xb8\xaa\xc0\x40\x82\x71\x61\x04\x14\x07\xed\x15\xbe\x38\x16\
\x02\xb8\x8b\xfe\xfb\x99\xf2\xda\x05\xd1\x6f\xf2\xf0\xdc\xbe\xbd\
\x0e\x70\x8d\x4b\xc4\xc4\x29\x83\x1c\xb4\x53\xe0\x85\x59\x71\x96\
\xb3\xe0\x4e\xa1\x59\x4a\x95\xc2\x6a\x67\xfb\xd0\x86\x79\x0a\xae\
\xb3\x9d\xa4\x77\xb1\x9e\xcb\x7d\xe6\x99\xfe\x2b\x3c\x07\xd3\x4e\
\x75\x90\x1f\xa1\x85\x76\xfc\x76\x6c\x49\xa3\xf4\x43\x7d\x60\xf9\
\x12\x9f\xce\xc8\x6f\x82\x64\x39\x35\xe7\x3a\x71\x15\xb9\xa4\x0f\
\x24\xac\x0f\x0a\x8a\x44\x3e\xe3\x57\xf9\x48\xb4\xc9\x24\xec\x64\
\xb1\xfc\xfa\xb8\x58\xd3\xd9\x7c\x2c\xcf\xc3\x93\x39\x20\xde\x9d\
\x16\x70\x98\x58\x10\xc3\x04\x1c\x1d\xe2\x37\xc8\x63\x11\x1c\x44\
\xf1\x37\x0a\x57\x75\xb8\xf3\x4a\x30\x33\xe5\x3c\x09\x28\x06\xa5\
\x2c\x13\x89\xbc\x11\xc8\x6c\x33\x0c\xa2\x1e\xbb\xc3\xb8\x03\x76\
\x25\x8c\x08\x82\x4f\xf9\xdf\xaa\xc7\xcb\xd5\xa5\x79\xd1\x35\xd4\
\x6a\x04\xa1\x71\x56\x08\xc3\xdd\x40\x03\x93\x0a\x44\xa2\x8d\x1d\
\x28\x8a\x49\x10\x8c\xc2\x57\xe7\x25\xa8\xb1\x04\x84\x7c\x0e\x48\
\x61\x02\x31\xc4\x4c\x6e\xc6\x75\xeb\x11\xd7\x1f\x51\x0c\xa4\xe0\
\x7c\x89\x96\xd4\xb3\x1c\xb5\x4a\x4b\x01\x05\xd1\x6a\xb8\x75\xfc\
\x4e\x81\x51\xbb\xdc\x23\x36\x58\xdf\x88\xf3\x3b\xe3\xf8\xd4\x93\
\xd3\xf8\xf7\x4f\x48\x73\x76\x8e\x46\x53\x0c\xc1\xbb\xe4\xbc\x3a\
\xcc\x1b\x81\xd5\x8a\xea\x9a\xe7\xa8\x1c\xdf\x75\xe4\xc5\x2e\x90\
\x26\xa5\xe4\x11\x2f\x84\x17\x9c\xd2\x7f\xde\x6a\xf4\x30\xb1\x9a\
\x71\xdc\x21\x5a\x58\x60\xf4\x14\x2b\x6c\x37\x53\xcc\xc8\xeb\xcc\
\xe0\x48\x68\x14\xac\x19\xbc\xf3\x81\x23\x18\x14\x7c\xd3\xd7\x02\
\x1f\x58\xff\xc5\x92\x58\x83\x51\x33\xd1\x16\x57\x47\x38\xa7\x1f\
\x15\xb5\x4f\x25\x16\x7a\xf0\xa2\x72\x24\x7e\x83\x73\x68\x08\xcd\
\x38\xbc\xa1\x88\xca\xe1\x59\x14\xb4\x56\x4e\xc1\x01\x6c\xb4\x83\
\x2b\x4e\x75\xc9\xfc\xc4\x81\xb6\xe0\x82\x7b\xc8\x52\x11\xd1\x05\
\x94\x7a\xa8\x9d\x21\xff\xb2\x84\x56\x78\x04\x46\x14\x66\x1e\xea\
\xaf\xce\xac\x1c\x77\x1f\xa8\x47\xf8\xe8\xb6\x3a\xd1\xdd\xdc\x90\
\x9b\x56\x3f\x58\x35\xfc\x55\xa7\xab\x12\x90\x4e\xb7\xad\xd8\x6b\
\x60\xe0\xe8\x24\xcc\x5f\x48\x2f\x88\x66\x28\x8f\x6b\x08\x09\xf3\
\x9b\x59\x95\x70\x87\xcc\x48\x2b\x06\x45\x9b\xe1\xfb\xb7\xc4\x08\
\x0d\x05\xa5\x74\xf4\xca\x9b\x63\x42\x46\x0a\x95\x04\x46\xed\x20\
\x88\x10\x2a\x85\x10\x51\x40\x58\x40\x8c\x98\x5a\x79\x58\xf7\x65\
\x63\x2c\x2d\xcc\x22\x48\x08\x06\x7c\x13\x84\x4e\xed\x7b\x44\x4b\
\x81\x37\xcb\xe2\x71\xdf\x74\x43\x2e\x42\x12\x1f\x21\xe4\xcd\x3c\
\xf2\x23\x10\x52\x4f\x57\xd6\x89\xe1\x2a\x79\x66\xb8\xdf\x8b\x57\
\xde\x7b\x43\xc4\xc1\x4e\x2c\x87\x63\x3a\x2a\x24\xe2\x5c\xae\x18\
\x60\x05\x33\x89\xbe\x5b\x98\x91\x19\xb4\x2e\xd6\x4b\xb1\xd1\xb9\
\x9d\x69\x7c\xf2\xcc\x34\x3e\xf0\x70\x3f\x0e\x6a\xeb\x8a\x45\x9a\
\x1e\x58\xe8\xc8\x7a\x34\x14\x6f\xb0\x69\x36\x4b\xbd\x3d\x64\x8e\
\x1b\x42\x65\xea\x2b\x7e\x3b\xae\x05\xb0\xfa\x63\x9c\xc6\xb1\x5c\
\x0d\x31\x04\x36\x0a\xc6\x23\xb3\xd7\x22\x89\xf9\xc4\xbe\x12\x7a\
\xb9\x3c\xcc\x13\x08\xae\x1c\x90\x10\x73\x0a\xbe\xf1\x70\xe4\x65\
\xe2\x90\xcb\x1f\x00\x52\x19\xf2\x80\x6b\x12\xb0\x5b\xcd\xe8\x39\
\xab\xb5\x33\xa6\xc4\xfa\xb3\xa2\x39\x47\x9e\x50\x6a\xd0\xd1\x6e\
\xb3\xf2\x43\x5f\xe2\x14\xd3\x56\x89\x33\x38\xa1\x4d\xac\xfb\x15\
\x01\x11\x2e\x72\x64\x8d\x01\x96\x74\xc7\x79\x02\x3d\xa8\xb3\x52\
\x6c\xdf\xa8\x13\x30\xb9\x1d\x06\x78\x84\x23\xe0\xe5\x80\xf6\x7c\
\x0d\x80\x81\x17\x78\x27\x07\x3d\xb2\x7e\xe3\x5d\x79\xe1\xa7\x85\
\x24\x71\xef\x40\x7e\xda\x21\xd3\x55\x09\x88\xb4\xd4\x2e\x23\x09\
\x6d\x01\xc2\x12\x02\x26\xa6\x40\x16\x1d\x42\x5b\xf3\x07\x43\xb3\
\x04\x01\x21\x01\x70\xa4\x1b\x4d\xab\xc2\x46\x80\x27\x83\xc8\x0b\
\xd1\x85\xa6\x91\xea\x31\x23\xab\x9c\x27\xa4\xd4\x69\xca\xf1\xcc\
\x56\x6a\xa5\x2d\xb0\x2e\x94\x65\x4d\x54\x0e\x00\xe4\xf8\x7e\x22\
\x13\xa2\x8d\x25\x30\x63\xe2\x64\xf7\x92\x58\x08\x61\xf0\x92\x12\
\x4c\x39\x42\xa5\x3a\xa9\x97\x72\x85\x00\xa3\x2d\x19\xf7\xa7\x1e\
\x5c\x46\x08\x33\xd2\xfd\x91\xdd\xad\x89\xdc\x9e\x61\xbc\xe4\x8e\
\x63\x51\xea\xef\x49\x58\xfa\x62\x4e\x81\x0f\x5f\x8a\x40\xfe\x76\
\x87\x68\xe4\x80\x5c\x70\xe7\xa8\x8e\xce\x10\x0e\xe1\xe8\xca\x72\
\x6c\x4f\xe2\x0b\x67\x87\xf1\xe1\x47\xfa\x31\x6f\x9d\x88\x66\x3b\
\xb7\x43\x65\xef\x2a\x3e\x09\xa7\xe6\xaf\xec\xc5\xc5\x24\x18\xfc\
\x4a\x7d\xf9\x6d\x75\xac\x1e\xd7\x8c\x04\xe5\x64\x25\x3d\xd0\x53\
\xc5\x24\x3d\x6b\x5c\xfa\x42\x3e\xdc\x2c\xfa\xde\x6c\x37\x3d\xb9\
\x09\xf3\x58\x88\xc0\x3d\xcc\x06\xa0\xba\xc6\x95\xf1\xa8\x90\x60\
\x20\x51\x36\x2d\xca\x38\xe9\x27\xfa\x12\x93\x78\x52\x91\x3b\x02\
\x80\xa5\xf3\x68\x7b\xf0\x45\x7e\xd3\x45\x80\xa2\x8c\x78\x8e\x60\
\x23\x1c\x1c\xe0\x95\x96\x2c\x34\x7a\xc6\x28\x22\x10\xe7\xb2\x1b\
\x3e\xe8\x59\x77\x9e\x62\xc5\xae\x97\x1f\x29\x1f\x4a\x00\x61\x45\
\x29\x42\xbb\x1c\xee\x15\x6d\xe7\x0c\xf8\x8c\xad\x7c\x59\x06\x33\
\x42\x21\xaa\x81\xa2\x0d\x60\x29\xfa\xc0\xb3\x92\xf8\x6e\x56\x29\
\xef\xb8\xf2\x43\xa4\xab\x12\x10\x75\xb9\xa7\x43\x1d\x92\x66\x97\
\xc6\x43\x9b\x91\xd0\x6c\x57\x46\x24\x04\x2c\x9d\xe1\x3a\x5d\x11\
\x36\x4c\x6e\x98\x29\x70\x91\xea\xf2\x37\xe9\x20\x7c\x4c\x6a\x4a\
\x83\xaf\x77\xd7\x32\xc0\xd3\x83\xd4\x4a\x19\x44\x82\x30\xfc\x6d\
\x5c\x17\x7c\x4f\x8e\x74\xaf\x54\x50\xc4\x81\x98\x0c\x3d\x7a\x1b\
\x4d\x25\x6b\x14\xf5\xd0\x6b\x89\x28\x23\x64\x93\x18\xb2\xa5\x08\
\xf0\xd1\x6e\x53\x1a\x14\xe4\xd2\x96\xbf\x4d\xa2\x9b\x02\xcd\xb0\
\xc3\x88\xbc\x54\xc5\x6a\x00\xb6\x25\xba\x57\xc2\xd1\x98\xf7\x62\
\xc1\xe8\x15\x81\xa5\x84\x02\xeb\xe0\x77\x3b\x94\x68\x93\xb6\x38\
\x9b\x68\xc0\xa0\xba\xea\x12\x8e\xcb\x83\x52\x7c\xf9\x3c\x6f\x04\
\xaa\xde\xce\x49\x69\xb8\xf5\x58\x97\xe6\x3e\xba\xb9\xee\x91\xaa\
\x06\x5f\xc5\x92\x90\x0c\xa5\xf0\x60\x58\x02\x75\x74\x2b\xef\x70\
\x10\x97\x30\xcf\x03\x9c\x6d\x36\xd7\x96\xa5\x45\xb8\x71\x39\xcc\
\x48\x6a\xc3\xae\x29\x0c\xa8\x3c\x30\x19\xfd\x63\x9f\x00\x94\x07\
\x43\xd3\xac\x6f\x62\x56\xdf\xf8\x16\xbe\x98\x9c\x83\x41\x8b\xa1\
\x75\x20\xa6\x2c\x16\x82\xfe\xc2\xcc\x58\x4d\x46\xc7\x3c\x02\x28\
\x5c\xa3\xc5\x2d\x0c\xca\xcb\x84\x29\xab\x84\x19\xf9\x42\x99\x00\
\x1f\xcf\x29\x8f\xd0\x11\x43\x78\x8d\x17\x78\x56\x7b\xd0\x86\x61\
\xe2\xe1\x08\x4b\x9e\x16\x1b\x3c\x03\x07\xed\x03\x3b\xd7\x68\x19\
\x5c\x44\xbb\x89\x3a\xe0\x27\xfa\x33\x9a\xf2\x5c\x7d\x11\x0f\xd0\
\x77\x60\x45\xa0\x70\xed\x11\x11\xf3\x87\x69\x86\x7b\x87\xeb\x29\
\x17\x59\x0a\x77\xf7\x52\xef\x32\xb4\x39\x4c\xba\x2a\x01\x99\x4c\
\x66\xdb\xfb\xbd\x81\x40\x4b\xf7\x0a\xad\x8b\x66\x81\x99\x01\x12\
\x26\x21\x38\xb6\x6b\xa0\xe7\x66\x58\x25\x34\x13\x1d\x81\x20\xe4\
\xdf\xde\xd9\x59\x21\x0b\x0d\x05\x03\x33\x41\x45\xd9\x5c\xef\x03\
\x61\xd0\x08\x0b\x21\xde\xc6\x98\x6a\x54\x97\x03\x55\x7c\x6a\xf1\
\xbd\xfd\x5e\x13\x77\x66\x17\x83\x2c\x3c\x23\x33\xc4\x63\x2c\x9d\
\x67\xc9\xb8\x4b\xaf\x17\xe3\x1a\x46\xc4\x35\x83\x18\x24\x84\x84\
\x3c\xd4\x35\x16\x6c\x2c\x58\xc4\x22\x91\x77\x3e\xde\xf7\xe8\x55\
\x65\xff\x40\x02\x32\xc4\xf7\xb0\x7b\xc3\x33\xe0\xa1\x9c\xfb\x40\
\xab\xbe\xd6\x0f\x69\xdf\xda\xc6\x91\xd8\x9e\x54\x25\x1c\x93\xf8\
\xc8\x63\xa3\x18\xd4\x8e\x46\xa5\xc9\x12\x09\x59\x08\x09\xb9\xa0\
\x8f\x86\xdc\x0a\x7f\xf8\x53\x42\xc1\xe7\xb0\x61\x2a\xb4\xa6\x47\
\xad\xe8\xb7\x2a\x15\x1a\x84\x5b\xf5\x59\xf5\x62\x45\xc0\x61\x2e\
\xfb\x10\xf3\x09\x7f\x2d\xac\x91\x70\xcf\x7d\xe8\x41\x5f\x48\xb8\
\x69\x28\x9b\x8a\x7c\x78\xb4\x37\x31\x44\xf1\x29\x66\xfa\x6d\x81\
\x52\xa5\x7c\xbb\x71\xb1\x9c\x88\xe1\xc4\x9c\xc2\x3f\x56\x18\x0b\
\x05\xfe\x3c\x39\xaa\x7e\x9a\xf9\xb0\xc0\x02\xa8\x60\x6c\x33\xad\
\xda\xc4\xbd\x62\xde\x88\x3e\x90\x0f\xab\xc3\x33\xe6\xb1\x78\x4e\
\x79\xe8\x08\x8d\x0d\xbb\xf0\x0e\x9e\xb8\x8f\x9b\xb7\xb1\xd1\xb5\
\x10\x33\x52\x48\x0c\x88\x9a\x53\x53\x82\xb7\xa1\x58\x46\x78\x2d\
\xe3\x76\xab\xff\x22\xb8\x47\x19\xd5\x47\xf7\x01\x1c\x41\x27\x41\
\x9b\xae\xb8\x10\x85\x52\x00\x76\x05\x33\x3b\xa3\x87\x9e\x36\x22\
\x0e\x91\xae\x4a\x40\xa4\xcb\xcf\x0f\x85\x84\x8a\x10\x0a\x12\xa0\
\xf5\x70\x94\x9b\x8c\xc1\x1c\x08\x06\x84\x62\x07\x44\x2c\x3a\xdb\
\x93\x72\xf8\x03\x33\xd2\xba\x10\x1a\x8d\x62\x1f\xb4\xf0\x8d\x55\
\x9e\x9d\x12\x79\x11\x88\xe1\x3f\xca\x33\x8c\x88\x9b\xc1\xe8\x15\
\x0c\x03\xf1\xb0\x34\x6d\x31\x19\xf5\x7a\x96\x5c\x98\x64\x14\xa9\
\x20\x38\x1a\x93\xc0\x95\x77\x0b\xd8\x0e\xd3\x52\xa4\xbc\x66\x5c\
\x11\xf5\xf4\xa3\x4f\xd8\x25\x9a\x8b\x18\x0b\x1d\x30\x35\x03\x00\
\x33\x99\x71\x90\x8d\x75\xc3\xcf\xe7\x33\xd3\x63\x96\x7e\xf7\x47\
\x71\xea\x48\x25\x6e\x5c\xab\xc7\xb4\xb7\xef\xad\x3e\x59\x47\x05\
\xc3\xe1\xf2\x2d\x5d\x3f\xae\xa0\x34\xb9\x2a\xf3\x1e\x56\x22\x68\
\x7d\x7d\x3d\x0e\xc6\xe5\x78\xf8\x89\xdd\xf8\xfd\x47\x06\xb1\xdf\
\x3a\x1e\x95\xee\x56\xd4\xdb\x1d\xcf\x6b\xf0\x1d\x93\x04\x2c\x19\
\x08\xbc\x61\x71\x81\x93\xd5\xb5\x8c\x8f\x31\x24\xcd\x70\x34\x0b\
\x1d\x19\x31\x9b\xcf\xe4\x02\x81\x63\x98\x02\x0b\x26\x32\xaa\x9b\
\x4a\x19\x07\xa0\x75\xd9\x7f\x4c\xa2\x20\x4b\x9c\x41\x37\x0c\x09\
\x73\xa2\x55\x79\x11\x89\x4d\x26\x10\x42\x04\xcd\xca\x41\xed\xf3\
\x0d\x13\x14\x13\xbb\xdc\xf3\xda\x2e\x96\x05\xfc\x1b\x26\xd5\x97\
\x4a\x4f\xad\x08\x37\x94\xe5\x2b\x5a\x08\x27\x16\x96\x8f\xa8\xaa\
\xcb\x0e\xcc\xd3\xab\x80\x16\x60\x15\x4d\x8f\xd5\xcf\x6e\x72\x9f\
\x20\x1c\x01\xe5\x03\xac\x53\xf6\x12\x53\x01\x3e\x38\x54\xae\xb0\
\xdc\x04\xc1\xc7\xa5\x52\x5f\x95\x9f\x01\x1d\x6f\x10\xa8\x3e\x0e\
\x45\x03\x6f\xc6\x01\xdb\x8a\x57\xbc\xe2\x41\x6d\xb3\x94\x09\x77\
\x8a\x7e\xf2\xe1\x1c\x0b\x1f\x1b\x08\x2a\xa7\xba\xb9\xf3\xf3\x3f\
\xff\x50\x6a\x8a\x43\xa4\xab\x12\x10\xf9\xff\x9f\xe1\x0d\xae\x7c\
\xd7\x38\xb5\x2c\x4b\xac\x8b\x89\x29\x88\x6c\x1f\x54\x1d\x64\xed\
\x0c\x3d\xc6\x2f\x27\x1f\xf7\x49\x5c\xaf\xab\x0c\xf9\x41\x9e\xfe\
\xb3\x55\xf1\x33\xe5\x77\x5e\xb5\xf1\xc5\x2f\x9f\xf6\xf8\x78\x71\
\x8f\x03\x66\xb0\xd0\xa8\x1b\x58\x13\x56\xec\x52\x0f\x1a\x84\x83\
\x65\x2e\x20\xab\xd0\xa6\x1c\x3c\xc7\xc2\xdc\x7b\xef\x5d\xd6\xac\
\x24\xf2\x00\xab\x05\x63\xc1\xfb\x0c\x0c\x43\x8b\x30\xe6\x3a\x04\
\x4e\xc4\x9a\xf6\xe2\x35\xf7\xdc\x10\xa5\xc1\x6e\x2c\x78\xf9\x4b\
\x65\xb8\x5f\x6c\xdf\x83\x46\xbb\x92\xf4\x73\x21\x86\xae\x4a\x38\
\x46\xf3\x6a\x3c\x72\xfa\x20\xfe\xf0\xcc\x24\x06\xed\xa3\xd1\x58\
\xdb\x32\x03\x17\x9f\x5b\xc0\x75\x62\xf2\x8f\x65\x24\xe9\x9e\xa4\
\x95\x43\x2b\x02\xab\x97\xf2\xeb\x19\x9a\x11\x45\xc0\xbd\x5c\xac\
\xc9\xf2\x18\xac\x15\xee\x88\xfe\x47\x58\x50\x32\xc2\x9f\x7f\xeb\
\x80\x89\xb3\xff\xb9\xa4\xa4\xf8\xee\x09\xf1\x05\xa9\xc0\x63\xd1\
\x7f\xca\xdb\x72\x89\x5e\xde\x71\x72\x95\x27\x5d\xb7\xa1\x17\x46\
\xd2\x3e\x89\x32\xa3\xa1\x04\x4f\xb4\xc9\xb9\x11\xac\x3f\xf1\x07\
\xc3\xe1\x39\xdc\x8a\xd6\x01\xc5\xde\x85\x5f\x81\x1a\xd6\x86\xf2\
\x58\x8e\xb4\x24\xb2\x2e\x3a\x17\xb8\xf7\xaa\x6d\xc1\xc0\x68\x9b\
\x5d\x72\xe1\x91\xfc\x1c\xe4\x21\x3f\xfc\x42\xdf\x38\x73\xdf\x2b\
\x22\x04\x33\xfd\x83\xce\xc4\xae\x0c\x2a\xe0\x12\xd6\xa5\x40\x85\
\x9d\xb3\x06\xf8\x90\xe9\xaa\x04\x44\xbe\xf2\x67\x07\xc3\x1c\x43\
\x87\x71\x99\x20\x42\xd3\xd3\x31\x3a\x44\xd0\x8e\x9f\x4a\x90\x48\
\x67\xf0\x5c\x1d\x40\x4b\x38\x8a\x91\x2d\xb8\x09\xed\x0f\x52\x49\
\x2c\x17\x81\x41\x07\x94\x63\x39\x82\x90\xfa\xf4\x25\xb9\x60\xd2\
\xaa\x7c\xa5\x88\xc9\x3a\x6b\x19\x69\x25\xb8\x04\x37\xa5\xae\x40\
\x54\xdc\x6e\x4d\xce\x30\xa6\x87\x17\x45\x64\x7c\x75\x61\xd5\xcb\
\x16\x80\x87\x64\xcd\xa7\x43\x00\x49\xd3\xc1\x48\x89\xf0\xa5\x88\
\x09\x82\xa1\x28\xa3\x56\xe3\x09\x9a\x97\x7a\x96\x31\x1a\x8c\x62\
\xbd\x3a\x89\x7b\x6e\xde\x88\xc5\xfe\xc5\x98\x1f\xf4\xac\xc1\x04\
\xb4\x18\x44\x65\xf1\x05\x74\x89\xc0\x00\xbf\x6e\x47\x59\xc4\x99\
\x46\x3d\xbe\x72\x76\x10\x1f\x7e\x62\x12\x97\xca\x12\x8c\xce\x86\
\xe1\x6b\xf0\x4d\x44\xf5\x87\x57\x66\xfd\xd1\x7e\xf9\xeb\x55\x62\
\x10\xb9\x38\x1c\xba\xed\xfa\x60\x1a\xe0\x67\x69\x0d\xf8\x65\x73\
\x3c\xcc\x13\xb8\xe3\xe3\x3f\x58\xec\x32\x66\x78\xc1\xc2\x3d\x62\
\xac\xdc\x07\x00\x5c\x4f\x25\x04\x53\x05\xb3\x0c\x2c\x14\xcc\x94\
\x16\x80\x77\x38\xa4\xa9\xa5\xd2\xd9\xad\x9d\x01\x0b\xbb\xaf\xb4\
\xa5\x64\x06\x74\x0c\x32\xf2\xb6\xb1\xa6\x99\xe8\x00\x8d\xa6\x12\
\x88\xa9\xee\x93\x80\x01\xd8\x21\x36\x23\x70\xcc\x88\xe3\xfe\x32\
\x68\x93\x31\x8f\xe8\xa3\x67\x9c\x99\xd7\xc8\xf9\x8a\x8c\xd9\x80\
\x85\x18\x45\xe0\x42\x36\xf7\x77\x2e\x24\x96\x84\x03\x7e\x23\x90\
\x78\x09\x38\x49\x28\x00\xea\x71\x3b\xaa\x9b\xfe\x79\x6e\x06\xdd\
\x24\x38\x84\x6d\x95\x41\x70\x52\x29\xe8\xb6\xe9\xc8\x9c\xd0\x5c\
\xca\x4b\xb5\x7c\xd6\x00\x1f\x32\x09\x9c\xc3\xa7\xc9\x70\xd1\x67\
\x17\x71\x3e\xe3\xb5\xb1\x26\xbf\x59\x26\x17\x06\x04\x6c\xcf\x64\
\x0b\x50\x08\xc2\x27\x10\x38\x17\x93\x3b\x68\x07\x10\x5c\xa4\x42\
\x93\xd0\xc1\x91\x7c\x58\x59\x58\x9b\xed\xfc\xd2\x6d\x29\x3e\xf1\
\x99\x87\xa5\xbd\x24\x08\x42\x2a\x79\xd9\xce\x74\x24\xc1\x19\x8a\
\xf8\x0c\xd7\x42\x04\x90\x9e\x44\x21\x86\x99\xf8\xdb\x74\xb4\x81\
\x65\x61\xcf\xae\x42\x53\xa6\x8b\x81\x56\xa4\x0c\x8d\x8b\x49\x74\
\x9f\x61\x62\xe8\x80\x51\x40\x48\x30\xe3\x80\x9b\xb3\xc1\xe3\xb8\
\xf7\xd6\xad\x58\x5b\xf6\x63\xbe\xb3\x1b\xf3\x11\xc4\x30\x29\xa8\
\x20\x2d\x8f\x0a\x5b\x83\xe2\xda\x74\xba\xb2\x20\xad\xf8\xd2\xe3\
\x3b\xf1\xbb\x5f\xda\x8b\xb3\x33\xc1\xd2\xd9\xb4\x9b\x82\x4b\x83\
\xc5\x65\x12\x8e\xef\x28\x5a\x30\xe4\x66\x15\xf3\x33\x0c\x87\xc2\
\xa4\x6c\x3c\x50\xc4\x1f\x0c\x3d\x83\x33\xcf\x69\xc8\x15\x52\x33\
\x0e\x88\x61\x36\x3e\x27\x41\x5f\x80\x01\x9c\x3b\xee\xd2\x73\x62\
\x01\xb6\x39\x85\x09\x1d\x80\xeb\x77\x8e\x2c\xf2\x58\x65\xa5\x64\
\x0c\xbb\x70\x61\xe1\x91\x22\xe0\x3e\x38\x20\xf0\x6f\x35\xf9\x5e\
\xe3\xba\xb2\x30\xaf\x85\xe5\x92\x72\x12\x4e\xca\x72\xfb\xbc\x5a\
\x00\x2b\x21\xd8\x80\xd1\xab\x7d\x55\x1d\xf5\x30\xe4\x8d\x30\x10\
\x90\xfb\x50\x5d\x08\x0f\x02\x9e\x13\xb9\x40\x80\xb7\xf1\x8c\xd7\
\x03\x5d\x60\x70\x2c\x0b\x74\xc0\x92\xa0\x44\xfd\xf1\x52\xb5\x43\
\x09\x2c\x85\x71\xa0\x7e\xd6\x3d\x53\x9f\xee\x34\xd6\x92\x94\x43\
\xc9\xb2\xe6\xaa\xcb\x6b\xcf\x44\xb7\x05\x1b\xf6\xcd\x17\x4f\x3a\
\xc3\x21\x53\x52\xe5\x90\x69\x3a\x69\x5c\x38\xe8\x31\x3e\x2e\xe4\
\xc1\x64\x02\x0a\xa4\xd3\x11\x10\x57\x8c\x7d\xa7\xbb\xc0\x23\x98\
\x28\x5d\x24\x4b\x3b\x94\x56\x32\x63\x2b\xc1\xd0\xf8\xa6\xde\x46\
\xc8\x48\x93\x69\xe7\x5d\x12\xd5\x7b\xfc\xd8\x26\x55\x9b\x11\x38\
\xb0\x3e\xd4\x83\x35\xf0\x90\xa3\x7e\x3b\x18\xd4\x99\x51\xae\x01\
\x0b\x08\x45\x52\x10\x87\xd5\xa2\x6e\xac\x04\xbf\xd5\xb8\x11\xcf\
\x17\x50\x71\xdf\x04\x8d\xad\x0e\xc4\x29\xde\x82\x1b\xca\x9d\x21\
\xf6\xe8\x0f\x24\x84\xfd\xdd\xb8\xff\xce\x13\x32\x99\x72\xad\xa4\
\x4d\x19\xb0\x62\xb2\x2a\x35\xf2\x33\xf5\xd1\x8b\x92\x98\x7e\x59\
\x6b\xc5\x57\x4e\xef\xc6\x1f\x9f\x1e\xc4\x53\x12\x8e\x52\x7b\x43\
\x5a\xbb\x0d\x15\xc5\xec\x8a\x25\x24\xd8\x82\x5a\xc5\x98\x88\xc3\
\xbd\x48\xa6\xcf\xfa\x60\x24\x18\x98\xb8\xc3\xdc\x6d\x3c\x59\xf8\
\xe4\x8a\x39\x9f\xf0\x92\x7d\x63\xf6\x1a\x21\x85\x91\x04\x17\x56\
\x03\xa5\xa2\xe7\x1e\x0a\x96\xa6\x5d\x30\xf2\xa3\x76\xe6\x53\x69\
\x7e\x34\xb3\xfa\x9a\x4a\x4c\xfe\x3d\x1f\x3b\x52\xff\x49\x30\x33\
\x02\x84\xbb\x9a\x62\x44\xbd\xba\x12\x83\x83\x38\x04\x08\x05\x28\
\x08\xf3\x20\x66\x12\xac\x7e\x3b\xd3\xbb\xb8\xd7\x55\xbf\x14\x0a\
\x71\x01\x41\xb6\xe8\x83\xfb\x35\x96\x9b\xcb\xaa\xea\xb4\x4a\xb2\
\xe4\xf4\x95\x1a\x18\x2a\x96\x10\x13\x68\xfb\x0d\x45\xf5\xdd\xd6\
\xc7\x7d\x95\x05\x54\x1d\xb8\xcc\xd0\x5e\x2c\x63\x3c\x21\x44\x58\
\x60\x5c\x65\x94\xaf\xf9\xc6\x78\x49\xf7\xda\x82\x21\x61\xa4\x5d\
\x06\x2d\xf0\x36\xfa\x83\xf1\x97\xdc\xc1\x43\xa6\xab\x12\x90\x5f\
\x7e\xff\xfb\xb7\xb7\x77\xf6\xdf\xf7\xe4\x53\x97\xcc\x80\x74\x0a\
\x89\x96\x6c\xab\x13\x8c\x28\x40\x40\xc6\xb9\x13\x68\x38\x3c\x57\
\xfd\xa6\x19\xc4\x1f\xe6\x0c\xc1\x10\x2a\x0b\x0c\xc8\xd0\x9f\x03\
\x70\x75\x90\x95\xac\xdf\xfc\xca\x7b\x75\x5f\x42\x20\x44\x43\x3a\
\xf2\xe5\xe8\x58\x2e\x62\xe3\x40\xfb\x10\xdc\x52\x9f\x91\x27\x41\
\x41\x8b\x60\x8e\xfb\xfd\x7d\x11\x40\x5a\xd9\x8c\x97\x13\x5f\x4c\
\x4a\xa1\x7b\x88\x07\xae\x30\x8c\xe0\x04\xc1\xe9\x5b\x13\x3f\xe9\
\x7a\x34\x88\x53\x9b\xd5\xb8\xbe\x2b\x22\xee\x2b\x38\x57\xbf\xae\
\x68\x62\xb5\x2b\xee\xf6\xe0\x82\x5f\xce\x92\xa6\x8f\xc6\x7a\x3c\
\xf1\xd4\x20\x3e\xf1\xf4\x24\x1e\xed\xc9\xb5\x58\x3b\x16\x75\x09\
\x07\x9a\x8d\xa0\x17\x00\xf8\xaa\x2e\x1f\x12\xe5\x15\x5a\xdc\x11\
\x33\xbf\x82\x7c\x36\x97\xc0\x95\x44\xe0\xbc\x54\xdd\xb8\x54\xbb\
\xc2\x1d\xc3\xc8\xe8\x52\x9a\xc4\xc5\x64\x0e\x84\xb2\xc0\xce\x50\
\x6a\xb1\x15\x0e\x6b\x9a\x3c\xca\xa5\x67\x8c\xf6\x88\x93\x0d\x1f\
\xef\x93\xb0\x02\x97\xe1\x60\x18\x0c\xe6\x62\xd7\x48\x66\xe9\x8d\
\x07\x70\xa6\x7b\x5e\xa8\xa9\xdf\xa9\x4c\x84\x03\x26\x43\xd5\x2e\
\xaf\x1c\xf3\x2a\x32\xf5\xe2\xca\xa9\x72\x0f\xb0\xc0\x98\xfe\x14\
\x84\x68\xde\x97\xe6\x27\x88\x66\x6e\x0a\x40\x1d\x9f\xb8\x07\xb8\
\xd1\x72\x03\x55\x66\xc4\x9c\x98\xac\x01\xf9\xb0\x42\xf0\x43\x43\
\xb4\x6e\xb5\xd8\xc6\x48\x02\x22\xd8\xfd\xc5\x2e\xe1\x84\x4f\x2f\
\xe0\xa6\x17\x02\x61\x0b\x85\xd2\x15\x6c\xd0\x8f\x3c\x56\xc0\xba\
\x87\x80\x01\xbf\x8a\xfb\xda\x6e\x9e\xf0\x74\xe9\xe2\xe5\x3f\xd4\
\xad\x43\xa7\xab\x12\x10\xd2\x70\xb2\xf8\x15\x29\xd5\x11\xfb\x10\
\xe1\xce\xc0\x94\xd6\xfa\xea\x40\x06\x6e\x62\x40\xb4\x37\x88\xd5\
\x19\x8d\x4f\x67\x58\xfe\x0c\x53\x3b\x88\x07\x99\xea\x9c\xb5\x88\
\xea\xe0\xc0\x22\xc1\x28\x68\x53\x18\x69\x22\xe2\x78\x51\x9b\xea\
\x2f\x7c\x6a\x90\x56\xb8\x66\x46\x9c\xea\x29\x84\x06\x44\xc3\x8c\
\x5b\xc7\x8e\x47\x77\x6d\xc3\x63\xfa\xb4\x87\x55\x43\x6b\x62\x2d\
\xfa\x22\x56\x61\x89\x5c\x46\xf5\x63\x10\xa6\x62\x46\x5b\x09\xdd\
\x1b\xf7\xf7\xe2\x75\xf7\x9f\x8a\xc5\xce\xb9\x98\xef\xee\xe3\xfb\
\xa5\x50\xe8\x30\xf3\xd1\x8c\xfa\x56\x56\x1c\x54\xea\x6e\xc4\x63\
\xe7\x7a\xf1\xf1\x27\x47\xf1\x48\x5f\x04\xdf\x38\x21\xe6\xe9\x78\
\xde\x07\x7f\xbd\xdb\x22\xf6\xc0\x0d\x31\x68\x26\x62\x93\x37\x04\
\x3b\xb9\xca\x98\x64\xd7\x4f\x84\x67\xc9\x09\x8c\xe5\x17\x84\x74\
\x80\x1f\x56\xc4\xaa\x90\x99\x8b\x1d\x42\xec\xe6\xe9\xda\xcc\xae\
\x4a\x71\xbb\x98\xe9\xf6\xe7\xe8\xc0\xb5\xf0\x03\x03\x62\x71\x0b\
\x06\xa2\xaf\x25\xf9\xfb\xd3\x09\x5b\x7e\xe6\x33\x46\x1b\x4d\x0f\
\x31\x22\xf9\xb0\xc6\x1c\x04\xdc\xac\x8b\x03\x2f\x35\xf5\x81\xc1\
\x82\xc4\xbb\x1a\x53\xf7\xa1\x35\xb3\xf1\xe0\x15\x3c\x90\xcf\x0b\
\x36\xdd\x11\xac\x5a\x5a\xe5\x54\x02\x58\x34\xd1\x54\x08\xb6\xcb\
\xad\xf2\x42\xaf\xea\x93\x10\x03\xbc\xfa\xec\x79\x15\xe8\xa7\xb2\
\x58\x2e\xde\x35\xda\xda\xda\x72\x9b\x1e\x64\xa1\x1d\x9e\xc1\x67\
\xaa\x0b\xa5\x0a\xae\xe8\x93\x9b\x5c\xf5\x91\x76\x50\x5e\xa3\xe9\
\xfc\xfc\xdf\xfd\x1f\xfe\xc5\x97\xfd\xf0\x90\xe9\xaa\x05\xa4\xd5\
\xa8\x77\x9f\x7c\x7a\xbb\xb9\x75\xf4\x98\x11\x0e\xa2\xc0\x1f\x0c\
\x2e\x76\xb3\xe6\xc0\xac\xa2\x8d\x18\x46\x85\x20\x20\xd4\xcc\x2c\
\x02\x98\xc1\xd4\x69\x04\xc1\x4b\xb7\x75\xa4\xff\xc9\xf2\xee\xa6\
\x4d\x36\x23\x3c\x6c\x86\x86\xf1\xf7\x92\x0d\x1d\x30\x3a\xf9\x60\
\x02\x30\x9d\x2e\x42\xd9\xef\x6e\xa0\xa1\xa8\xdf\x4b\x24\x24\xbd\
\x6d\x09\x48\x9b\x4f\x20\x33\x6e\xcf\x68\x0a\x30\x4a\x53\x23\x4c\
\x20\x55\xd8\x16\x4c\x69\xfd\x84\x7e\x1d\xbc\x86\x8a\x4b\x30\x8b\
\x66\x6d\x11\x2f\xbc\xa1\x2b\xe1\x60\xe6\x1c\x61\x54\x0e\x69\x26\
\xfc\x70\x88\x04\x8f\x96\x99\x6c\x53\x1b\x67\xce\x1c\xc4\x9f\x9c\
\x99\xc6\xe7\x76\x54\xaf\x62\x8e\x7a\x9d\xcf\x32\xe0\x87\x2b\x28\
\x15\x52\xf8\xb6\x61\xad\x8c\x30\xbb\xd7\x66\x34\x7c\x74\x56\xb4\
\xb2\x41\x1d\x1a\xd6\xeb\xa6\x20\x34\xb8\xb0\xe6\x5c\x09\xbc\x24\
\x9e\x99\x72\x76\x6b\xf7\x4e\x92\x82\xd2\xeb\x90\x10\x02\xd5\x05\
\xa3\x14\xc2\x45\x1d\x0c\x1e\x30\x0a\x47\x1f\xd3\x72\x81\x26\xe6\
\x84\x92\x1e\xc0\xc5\x70\xb7\x3f\x89\x07\x13\x8b\xb1\x19\x46\x01\
\x07\x30\x85\x7e\x99\x76\x24\xc7\x72\xaa\x97\x6f\xb7\xa0\xa0\xd0\
\x1e\xac\xce\x45\x8b\x23\x40\xc4\x18\xc0\xcb\x3d\x5b\x43\x41\xc4\
\x19\x45\x04\x9d\xf4\x33\x06\x72\xaf\x10\x30\x4f\x1c\xca\xcd\xa4\
\xef\x08\x12\x0c\xdd\xdb\xdb\x37\x9d\x19\x00\x48\x2b\x95\x65\xa0\
\x2b\xcc\x5f\x6c\xa8\xe1\xb5\x7e\x2a\x87\x82\xc0\xf2\x83\x7f\x2f\
\x4e\x15\x4c\xca\xea\xba\x10\xa2\x03\x59\x9e\x32\x6e\x7f\x94\x3f\
\xe6\x0e\x5c\x45\xba\x6a\x01\xa9\xb6\xd7\xfe\x60\xfb\x80\x4e\x31\
\xa6\x5f\x8b\xed\xcb\xdb\x46\x32\x44\x2c\x82\x32\x4c\x3d\x9d\x20\
\xf0\x66\xb8\x12\xf7\x08\xf3\x8b\xc5\x41\x30\x20\x1c\x5a\x83\xf5\
\x41\x68\x08\xde\x08\x7c\xb6\x10\x81\x24\x3a\x0f\xd2\x39\x60\x02\
\x9e\x59\x63\xac\x9e\x91\x3f\xd7\xf7\xe0\x72\xa1\xb5\x98\xa8\xe2\
\x4d\x47\xa0\xc4\x5d\x1a\x47\x4f\x31\xc7\x44\xc4\xc5\x15\x2b\xea\
\xc4\x2d\xb1\x2b\x20\x39\x61\xcb\x7c\x90\x4e\x1d\x94\xe1\x33\xce\
\xf7\xdf\x73\x32\x6a\xfd\xcb\x31\xef\xc9\x7f\x9e\x20\x4c\x68\x29\
\x34\x32\x4c\x2b\xa1\x55\x5d\xe5\xf6\x5a\x3c\x79\x6e\x18\x9f\xb9\
\x38\x8b\x4f\x9e\x93\x85\xeb\x1e\xf5\x5b\x82\x0e\xc0\x59\x9d\x2b\
\x86\x68\xc9\x52\x20\x17\xb8\x25\x30\x2d\xcb\xd5\x79\xb5\x17\xc6\
\x02\x4f\x69\xd9\xe4\x43\x0b\x16\xfa\x47\x3f\x61\x4c\x98\xc5\x5a\
\x5d\x0c\x42\xe2\xfe\x5c\x31\xc5\x5a\x37\x5f\x55\x1d\xf0\x4a\xb3\
\x18\xd7\xf3\x03\xaa\xaf\xc0\x0b\x23\x77\xca\xed\xf2\xe0\x9e\xf2\
\xcf\xae\xa7\x50\x2c\x68\x5a\xbe\xc6\x84\x50\x41\x0f\x94\x0b\x6e\
\x1a\x34\xf4\x73\xf0\xad\x3a\x50\x3e\x7e\x05\x57\xe5\x81\x1d\xba\
\xa6\x82\x81\x49\xc5\xec\xca\x4b\x1f\xb0\x00\x5e\xfe\x2e\x41\x96\
\x6d\x8b\x9d\x9d\x8b\x52\x64\x23\xf7\xa5\x58\xbf\xc5\xa2\xd0\xc2\
\xb5\x65\xee\xaa\x21\xde\x61\xff\x62\x22\x1c\x01\x12\x93\x11\xfb\
\x59\x31\x2a\x96\xfd\x75\xfd\xfa\xcd\x7c\x87\x05\xdc\x7d\x84\xa6\
\x12\xaa\x15\xcd\xa9\x17\x1e\xe0\x0b\x55\x08\xe2\x64\x59\x89\x0b\
\x97\x7b\x1f\x72\x67\xaf\x22\x5d\xb5\x80\xbc\xf7\x7d\x1f\xfa\xcc\
\xe5\xed\xfd\x2f\x0d\xc7\xcb\x38\x7a\x64\x33\xb6\x8e\x6e\xda\x9f\
\xa5\x63\x5e\xc7\x23\xc4\xcc\xd4\x69\x29\x28\x9b\x51\x76\x29\x51\
\x97\xa0\x9d\x13\x81\x19\x88\xc2\x0c\xfb\xb7\xca\x62\x22\xf1\x6d\
\x3b\x62\x02\x34\x3d\xae\x0e\x75\x5e\xd9\x12\x53\xe5\x40\xac\x35\
\x1b\x65\xf5\x1b\x2d\x08\x82\x18\xea\xcd\x45\x89\x62\xcc\x6a\x23\
\x76\xa5\xf9\x41\x70\xbb\xdb\xf5\xe2\x45\x08\x8a\xab\xa2\x2a\x55\
\x4e\xcc\x23\xc6\x62\xd5\x2e\x16\x64\x2c\xe6\x1f\x8e\x59\xdf\xb3\
\xb2\x28\x93\x41\xbc\xe4\x8e\x4d\x09\x87\x62\x18\x59\x14\xbf\x5f\
\x8e\x20\x41\x47\x09\x36\xcb\xd3\x6b\xdd\xf5\xb8\xb8\x3b\x8d\xcf\
\x4a\x38\x3e\x7e\x41\x70\x1d\xb9\x5e\x7d\x96\x2b\x24\xd3\x52\xad\
\x01\x23\xa3\x56\xf4\x8b\xfe\xa5\xc5\xe2\x65\xad\x23\x5b\x9b\xc6\
\x0f\x2f\x23\xe5\xb0\xa6\x18\x41\x48\x31\x73\xa1\x54\x04\xb3\x07\
\x14\xc0\x93\x04\x91\x89\x4f\x98\x1a\xcb\xec\x09\x51\x69\x52\xde\
\xe3\x80\xa1\x51\x22\x20\x05\xdc\xc1\x2c\x83\x83\x9e\xca\xe3\x72\
\x24\xf3\xf0\x85\x2d\x52\x99\x95\xc0\xca\x83\x22\xca\xef\x48\xca\
\x0a\xa0\x44\x64\x9d\x9a\x72\x91\xcd\x64\x8a\x23\xd9\x19\x9d\x4d\
\x14\xd0\xce\x30\x35\x82\x6d\x86\xd7\x0f\x2b\x25\xc1\xe0\x01\x11\
\xe1\x0d\x05\x03\xac\x0c\x72\x48\x42\xf4\x5c\xb4\x52\x10\x44\xfb\
\xc0\x0e\xbd\xc8\x8f\xd2\x2a\xe3\x5e\x8a\x06\x23\x59\x62\xcf\x55\
\x29\x13\x03\x0d\xcb\x25\xf1\x89\xe8\xab\x40\x9f\x8f\x7c\x9a\xc0\
\x7a\x86\xb2\x42\xb1\x61\xd7\x39\x54\xb9\x14\x28\xef\xca\x2b\x56\
\xd1\x35\xa3\x68\xbc\x16\x9d\x02\x83\xf0\xcf\xa4\x04\xfb\xc1\xa7\
\xbd\x27\xcb\x5a\xec\x1e\xcc\xfe\x2d\xfd\xbe\x9a\x74\xd5\x02\xa2\
\x24\x94\x94\x7f\xe1\xd1\xd3\x67\xa3\xda\x6c\x2b\x5e\x48\x77\x88\
\xce\xc3\x7c\x10\x15\xcd\x43\xaf\xf1\x59\x41\x58\xbe\xd0\x93\x42\
\x44\xe7\xf8\x4d\x07\x49\x20\x9a\x11\x48\x8f\x2a\xe9\x1e\xf7\x31\
\xe5\xf8\xc8\x20\x9a\x04\x41\x3c\xb7\x01\x52\x24\x14\x68\x41\xda\
\x63\x38\xb4\xd0\x60\xb6\x0e\x7a\xee\xb5\x38\xbb\xbb\xde\x00\x9b\
\x15\xab\xb4\xe5\x99\x7e\xfd\x79\xe9\xb7\xfc\x6f\x96\x31\x30\xd4\
\x4b\x3b\x68\xa8\x9e\x98\x06\x5f\xfe\xd6\x13\x95\xb8\xb9\x23\xa6\
\xe8\xe5\x6a\xd1\xa9\x0e\x02\x3f\x12\x6f\x03\xd6\x37\x37\xe3\xe9\
\x9d\x61\x3c\x74\x6e\x1c\x7f\x70\x56\x02\xda\xde\x8a\x7a\x67\xdd\
\xd6\x13\x21\xe0\xe8\xb6\xd2\xad\xe2\x77\x59\xf0\xb0\x11\x44\x7e\
\x7e\xd9\xfc\x64\xfe\xcf\xbe\x13\xfc\x3e\x33\xb3\xed\x75\x63\xe2\
\x09\xf0\xe3\xc9\xd0\x55\xbc\xe0\x6b\xe1\x11\xe1\xb6\x95\x05\x87\
\x70\xb0\x0e\x46\x95\x70\x79\x18\xd6\xa6\x4e\x9e\x73\x26\x7e\x60\
\xb7\x73\x86\xc4\x19\x34\x21\x0f\xc2\x80\x40\x42\x0b\xe6\x16\xc8\
\x07\x6e\xec\x36\xea\x37\x56\x9e\xb6\x0a\x1a\x15\xb1\x22\x79\xe9\
\x1f\x8a\x89\x6b\x52\xa1\xd5\x5d\xa7\xe0\xa0\x0c\x44\xc4\xab\x60\
\x6f\x5d\x2b\x4b\xf5\xdf\xc2\xaf\x36\xb1\x1e\xd0\x84\x20\xdc\x7d\
\x50\x59\xb5\xea\x59\x70\x1c\x3c\x56\x25\x34\xdb\x2d\x07\xe3\xf0\
\x0e\x82\xaf\x4c\xd1\x1b\xca\xb2\x28\x07\x42\x4b\x9d\xd0\x9b\xc9\
\x4f\xbc\x10\x60\xc7\xcd\x66\x89\x7b\x45\xb0\x5f\xee\x0d\xbe\xfc\
\x77\xfe\xfb\x9f\xff\xa2\x01\xbc\x8a\xf4\x5c\x08\x88\x34\xe5\xf2\
\x17\x9f\x38\x77\x79\x5e\xa9\xb5\x3c\x4c\xeb\x85\x67\x2c\x19\x91\
\x84\x33\x61\x05\xa5\x53\x68\x84\x28\x9d\x8b\x55\xaf\x20\x16\x97\
\xc2\xc8\x55\x19\x18\xc0\x9a\x48\x9d\x87\x59\x09\x1a\x99\x40\x42\
\x5b\x76\xd6\xbb\x66\x68\x18\x81\xb2\x1c\x58\x0d\x46\x6c\x58\x7e\
\x81\x8b\x00\xe2\xd0\x8c\x19\xe4\x41\x20\xb9\x0c\x0d\xb6\x45\x9d\
\xc6\xa5\x4b\x97\xe2\xd8\x71\xb9\x3e\xba\x57\xf8\xea\x1e\xd5\x52\
\x42\xeb\x31\xd4\x88\x0b\x36\x96\xe6\x67\x68\x77\xb4\xbf\x1d\xaf\
\x7b\xf1\xa9\x98\xef\x5f\x8e\xc5\x40\xcc\x61\xc2\x8a\x49\xa1\xbd\
\x88\x56\xdb\x58\x8b\x0b\xfb\x23\xb9\x55\x8b\xf8\xc8\x59\x31\x50\
\x5b\x31\x47\xa3\x25\x46\x60\x0d\x19\xfd\x24\x3e\xcb\xa5\x24\xbc\
\x3a\xcb\xc2\x43\x18\x17\x21\xa5\x8f\x20\xde\xdf\x29\x84\x91\x4a\
\x62\x1c\x31\x3c\xe4\xa8\xc9\xba\x95\x70\x2b\xa5\xfd\x59\xd9\x8c\
\x3b\xc7\x20\x87\xd7\x9a\x89\x79\x39\x58\x89\x8c\x7b\xc1\x8a\x00\
\x70\x03\xfe\x88\x51\x04\xa1\x35\xbb\x05\x5f\xfd\xc3\xc2\xc2\xec\
\x6c\xaa\x51\x04\xc0\xe4\x61\x88\x9a\x79\x0e\x15\xb3\x50\xc2\xd8\
\x24\x98\x0c\xbc\x40\x43\x26\x65\x55\x54\xb9\xe5\x55\x12\x47\x2a\
\x33\x07\xb8\x44\x1e\xb1\x1c\x1e\x56\x65\xd2\x4e\xd8\xe1\xf5\x56\
\x5b\x30\xf2\x9a\x2e\x2a\xac\x67\x58\x50\xd3\xdc\x64\x45\xa8\x65\
\x79\xa0\x8f\x4a\x21\x6c\x16\x70\xd3\x9b\x81\x01\xb9\xc9\xea\x1f\
\xca\x0e\x57\x8b\x55\x06\xb6\xae\xaa\x9f\x21\x6e\x06\x33\x38\x33\
\xfc\xcd\x77\x54\xe0\x23\xac\x29\x73\x46\x9d\x76\x37\x8e\x1f\x39\
\x1a\x1b\xdd\x35\x09\x5b\x9d\x7d\x07\x7e\x85\x3e\x5d\x6d\x02\xce\
\xab\x4e\xbf\xfc\x7b\x9f\x3e\x7b\x7e\x67\xff\xd7\xfa\x62\xd0\x7c\
\x33\x4f\x28\x03\xb3\x3a\x0a\xad\x0f\xd3\x7b\x59\x80\x7e\x42\x34\
\x08\x68\xc1\x10\x71\xb8\x86\xa9\xb1\x2e\x7e\xf7\x82\x67\xa2\x02\
\xeb\x6b\x98\xe9\xc5\xa7\x84\x90\x98\x69\x08\x44\x42\x83\xa1\x31\
\xd0\x46\x16\x1a\x21\xcd\xc4\x56\x7b\xde\x01\x05\x61\x59\xe5\x75\
\xcc\xa2\xfa\xcf\x3d\x7d\xde\x6d\x20\x24\x30\x0c\x13\x52\x08\x31\
\x2e\x88\xd7\x6e\x09\x1d\x43\xd6\x06\xe9\x77\x7d\x31\x8e\xdb\x8e\
\xca\x45\x64\x77\x3e\xfc\x61\x98\x50\x39\x64\x22\xa3\xb5\xb5\x1e\
\xbb\xb2\x2a\x9f\x7d\x6a\x1c\x1f\x95\xe5\x58\xac\x9d\x88\xce\xc6\
\x86\xe3\x0d\x3e\x9e\xc9\x4e\x92\xdd\x6e\x4d\xc2\x51\xb5\xe5\x4b\
\x7f\x39\x03\x4b\x02\x4d\x33\x92\xfa\x89\xb6\xa5\xd5\xe2\x5b\x1c\
\x24\x34\x35\x88\x13\x4b\x98\x51\x71\x31\xd1\x06\xea\x82\xca\xeb\
\x3f\xd5\x41\x3f\x11\x1c\xfa\xc5\xfc\x03\x6b\xb6\xfe\xdf\xed\x9d\
\xdb\x8f\x9d\xd7\x59\xc6\xd7\xde\x7b\xf6\xcc\x3e\xcf\x8c\xed\xc4\
\x87\xd8\x71\x4e\x38\x51\x4a\x8d\x54\x91\x8b\xba\x85\x20\x41\x54\
\x22\xda\x72\x01\x37\x08\x2e\x51\x85\xfa\x07\x80\xc4\x15\x95\x5a\
\x09\x24\x50\xa5\x42\xab\xa2\x56\x44\xa5\x80\xa2\xa6\x28\x44\x4a\
\x22\x02\x6d\x50\xd2\x20\x15\x68\x80\x28\x69\x9c\xd6\xc1\xa7\xb8\
\xb6\xe7\x3c\xb3\xcf\xe7\xcd\xf3\x7b\xde\xf9\x22\x14\x21\x50\xeb\
\xb1\xeb\x4a\xb3\x9c\x9d\xd9\xfb\x3b\xac\x6f\xad\xf7\x7d\xde\xe3\
\x3a\x7c\x64\x1e\x18\x07\x71\xf0\x6b\x25\x23\x1e\xa8\xb9\x68\x68\
\xae\xc7\x02\xa1\x18\x6c\xa1\xf5\x8f\xa4\x09\xfb\x0a\xf3\xfa\x0a\
\x1c\x98\x8c\x1f\xf0\x0d\x37\x15\x9a\xc2\x0b\x94\x02\xf5\xe0\x00\
\xd2\x0f\x5c\x30\x36\x94\xc6\x1b\x40\x09\x79\x2a\x0c\xf5\xab\xd5\
\x12\x03\xc5\x78\xb8\x68\x52\x90\x02\x3b\xfb\x30\x23\xc0\xac\x61\
\x41\xf9\x51\x11\xcf\x41\xa0\xa0\x03\xee\x9e\x1f\x28\xc1\x41\x09\
\xa0\x4c\x71\xb9\xb0\x36\x63\x09\x52\x2c\x96\xe2\x3e\xd5\x23\xab\
\x02\xbf\x19\x84\xcc\x94\x05\x02\x8d\xff\xc2\x5b\xb5\x58\x8e\xdd\
\x6e\x36\x9d\x90\xe9\xa5\x62\x6a\xb5\x07\x4f\x43\xcf\x1b\x2d\x7b\
\x22\x20\x94\xde\x38\x7d\xf6\xec\xc5\x6b\xe4\x1a\x0d\x04\xb4\x82\
\x09\xa0\x02\x33\x62\x42\x9f\x4e\x8b\xe1\x74\x2c\x0b\x40\x21\x18\
\xa0\x67\x74\x19\x06\x39\xdd\x09\xcd\x20\xa4\x88\x81\xd6\xc9\x8a\
\x53\x86\x3a\x8e\x70\x50\x60\x12\x9a\x8c\xfb\x6c\x31\xc4\x8c\x58\
\x79\x27\x81\xd1\x07\x66\xc1\x98\x2c\x2d\x88\xd0\x60\xd6\xbd\x38\
\x08\xc2\xeb\x41\xfc\x19\x0b\x00\xb4\x71\x2a\x20\xb2\xcd\x68\xbf\
\xdf\x4e\xf7\x9d\xa8\xa5\x85\xe1\x4e\x1a\x37\xdb\x02\x33\x16\x47\
\xc4\x12\x90\xcb\x8b\xb5\xd4\xec\x8f\xd2\x5b\xab\xd3\xf4\xf2\x3b\
\xfd\xd4\x9d\x5f\x4c\x85\x4a\x55\xdd\x96\x95\xab\x30\x1b\x97\xe9\
\x23\x12\x12\xc5\x1d\xd6\xea\x74\x43\xcf\xa7\x5f\x4c\x7f\x21\x06\
\x23\x50\x07\x54\xd6\xcc\xaa\x1b\x71\x40\x48\x0d\x50\xb5\x8a\xb6\
\xf0\x1e\xc7\x50\x06\x24\x15\xc8\xfa\xe0\x92\x42\xbf\x05\x29\x8d\
\x18\x6d\xe6\x3c\x5a\x3c\x92\x13\x60\x7a\xf7\x1a\x68\xab\xfa\x9c\
\xae\xa5\x0e\x93\x50\x75\x23\x38\xfa\x3e\x9e\xe2\xd6\x20\x28\x52\
\x42\xaa\x47\x0d\xb4\x8b\xc9\xb4\x1e\xa8\x12\x96\x1b\x17\x57\x6e\
\xa7\xda\x8c\xbd\xcb\x41\x73\x84\x45\x74\x46\x70\x10\x5a\x92\x1b\
\xa1\xec\x74\x93\x7e\x23\x68\x08\x23\x0b\xd0\x68\xf3\x58\x60\x47\
\xd9\xe1\xc6\xf2\x97\xbe\xd3\xc7\x79\x66\x2d\x2b\xe6\xa1\x10\x67\
\x81\x0b\x0b\x10\x6d\x93\x60\xe1\x4d\x20\x64\x56\x70\x3a\x87\xa2\
\xc8\x52\xdc\x9e\x39\xa1\x83\x2c\x94\x1a\xef\xf6\xaf\xdd\x69\x4b\
\x99\xf6\xd4\x71\x29\x01\x09\x6c\x6f\x9a\xfb\xce\x1f\x7e\xe1\xc9\
\x1b\xce\x60\x51\xf6\x4c\x40\xfe\xee\x1b\xaf\xbe\xf2\xf6\x95\x95\
\x7f\xdd\x92\x39\xef\x8b\xf1\x14\x18\x44\x27\x90\x76\x08\x83\x5f\
\x4b\x00\x48\x6a\x94\x95\x7a\x9e\x34\x27\xc2\x41\x24\xac\x05\x20\
\x86\x50\x8c\x6d\xd8\xef\x54\x81\xf9\x6c\x10\x07\x21\xa8\xc3\x41\
\x9b\xae\x41\x48\x42\x3b\x01\x8a\x08\x1e\xd1\xc8\x41\xe8\x20\x24\
\x60\xe3\x3e\xc6\x3b\xa8\xd3\x69\x64\xfd\x6e\xb5\x5a\x9e\x54\x89\
\x46\xf5\xb5\x30\x5a\x44\x47\x00\x19\x77\x98\x0c\x3a\xe9\x91\x07\
\x14\x9c\x6f\xac\xa7\x51\xab\x6f\x21\xc4\xb5\x2a\xd4\xab\x7a\xfe\
\x34\x9d\x5f\x1f\xa5\x6f\x5e\xec\xa7\xed\xb9\x65\x71\x8f\x71\x0e\
\x59\x15\x09\x46\x99\x89\x87\xc2\x11\xcb\x65\x99\x4a\x82\x36\xe7\
\x9d\x80\xa4\x54\x49\x81\xd3\x56\x67\xf0\x44\x80\x82\xb4\x3e\x6e\
\x0e\x41\xf6\x50\x56\x86\x14\xa7\xdd\x43\xf5\x85\x29\xf6\x08\x35\
\xda\x3d\x84\x8a\x79\x55\x12\x22\xf9\xf3\xa4\x54\x09\xac\x59\xc7\
\x81\x46\xb7\x85\xd6\x3d\xc4\x18\x00\x2a\x13\x30\x68\x41\x16\x2f\
\x56\x13\x86\xeb\xaa\xaa\xd4\x17\x35\x59\xae\x30\x83\x72\xd0\xea\
\xc2\xe5\x2b\x7a\x66\x28\x34\x14\x1b\x69\x64\x5e\x43\xb0\xa0\xd8\
\x89\x59\xda\x03\xd5\x81\x28\xf9\xa3\x3a\x50\x44\x7a\xac\x5f\x4c\
\x63\xf4\xea\xbb\x5f\x7f\xdd\x6e\x9b\x07\x08\x32\xfb\x1e\x0f\xd5\
\x5e\xa6\xa5\xa0\x1c\xfc\x92\x22\xfa\x83\x12\x10\xe4\x98\xb3\xc7\
\x60\x20\x16\x81\x80\x3b\x2c\x9a\xac\xa1\x5c\x54\xda\xc0\x4a\xc1\
\xbc\xe8\x34\x8f\x22\x53\xfd\xf0\x9d\xba\xdd\x5f\x7d\xb8\x86\x0f\
\xfd\x34\x9f\x75\x4e\x5f\xd5\x87\x42\xea\xcc\xe6\x52\xa7\x33\xfb\
\x03\x35\x0e\x52\xdc\x70\x09\x14\xee\x51\x39\x7e\x78\xe9\x62\x3e\
\x3f\xfb\xcd\x43\xb5\x92\x3c\x92\x30\xa7\x36\x83\xbb\x7f\xd1\x76\
\xb4\x1a\x2d\x4f\xec\xc1\x79\x88\xc3\xb1\x98\x2f\x24\xef\x51\x84\
\xf7\x3d\x2a\x80\x89\x6b\x10\x12\xfe\x42\x85\x98\x86\x21\x4d\x23\
\x60\x64\x6b\x90\x1d\xac\xab\x6e\xdc\x26\x32\x43\x2e\xba\x1e\x01\
\xc2\x45\x00\xe0\xf8\xde\x68\x6c\xdc\xab\x0e\xe3\x19\x62\x20\x9a\
\x2a\xfc\x7c\xbe\x4f\xe4\x5e\xc9\x22\x08\xac\x47\xaa\xe3\xf4\x4b\
\x0f\x56\xd2\x74\x65\x35\x8d\x3a\x6a\x97\xb4\x63\xb1\xa2\xb6\x48\
\x7b\x9f\x5f\x1d\xa6\xbf\xbf\x34\x4c\x6b\x85\x45\xbf\x59\x96\x01\
\xd2\x5a\x8d\x0d\x0e\x48\xe1\xb2\x17\x31\x1b\x2f\xc4\x48\xb0\x37\
\x3e\x00\x00\x6a\x77\x00\x4b\x20\xd7\xf3\xb1\x8a\x9e\x96\x23\xb4\
\xa2\xc9\xe3\xad\x48\x62\x86\x40\xa3\x06\xdb\xdd\x70\xfa\x5b\xc7\
\x98\x36\x82\xe0\x32\x68\x86\x80\x43\x0b\xa6\x6f\x20\x6c\x11\x3b\
\x09\xac\x72\x1b\xb1\x96\xb8\x91\xad\x66\x47\xee\x45\x57\x75\x72\
\xbd\x82\x72\x3d\x1f\x21\xa3\x8f\xf4\xdd\xf1\x99\x80\x64\x85\x22\
\x52\x76\x7a\xa2\x89\xe8\xa4\x27\xd9\xf2\xd8\x32\xec\xd2\x14\x1a\
\x86\x27\xb0\x1b\x90\xeb\x5e\x12\x06\x28\x3e\x9e\x09\x4d\x6d\x65\
\xf4\x3b\x4b\x03\x1b\xb0\xba\x96\xb6\x65\xbc\xa3\xed\xd4\x65\xd7\
\x69\x44\x9f\xe1\x77\x28\x4d\x9d\xf0\x5f\x9e\x11\xcb\x84\xf3\x52\
\x9e\x01\x7a\xce\x75\xd4\x17\x62\x12\x12\x2b\xd4\xc1\x27\x26\x46\
\x06\xa6\xa8\x21\xb3\x40\xd3\x62\x25\xed\x8c\x8a\x2f\xff\xde\xa7\
\x3f\xff\xfb\x3a\xbc\x27\x65\x4f\x05\xe4\xdc\xa5\xd5\xf3\x77\x1c\
\xac\xfe\xdc\xb1\xe5\xfa\x7d\xb1\x42\x4e\x5a\x0e\x20\xab\x83\x30\
\x5e\x3c\x88\x00\x4c\x05\xf3\x8c\x0f\x0d\x11\x23\xdb\x82\x4f\x29\
\x06\x49\xf3\x71\x2c\x73\xbf\x08\xc2\xb1\x1a\xfc\xb6\xff\x2c\x66\
\x43\x18\x7e\x03\x78\x80\x82\x49\x27\xb6\x60\x15\x9c\xfd\x5e\x9d\
\xb3\x5b\xa5\x67\xe0\xb3\xda\x57\x17\xf3\x59\xd0\x03\x60\x3d\x88\
\x26\x46\x02\xd4\xb1\x4c\x83\xb0\x23\x17\x51\xd6\x45\x9f\x7e\xa7\
\x95\x3e\x72\xfa\x50\x3a\x3a\xdb\x4c\xc3\xd5\xb6\x4c\x50\x4c\x11\
\x99\x53\x10\x7a\x69\x6d\x90\x9e\xbf\x3c\x4a\xd7\x93\x02\xf2\x6a\
\xdd\x63\x11\x4c\x19\xe1\x53\x91\xb6\xa5\xcf\x7e\x6d\x98\x01\x12\
\x56\x8e\x76\x51\x78\x3e\xed\x16\x2f\xd5\x1e\xc0\xaa\xe7\x8a\x20\
\xb8\x24\x00\xc1\x2e\xa8\xbe\xa1\x6d\xdd\x6e\xfa\x48\xff\x01\x81\
\xc0\xc6\x6f\x5b\x02\xb5\x1b\x30\x92\x3e\x47\xc8\xc3\x55\xdd\xa5\
\x99\xda\x09\x99\x6b\x8d\x9a\x04\x7d\xa8\x07\x11\xdb\xf0\x2c\x59\
\x5b\x7d\xe7\xe9\x28\x29\xae\xdd\xc5\x66\x2a\x57\x4a\x69\x75\x6d\
\x3d\x1d\x58\x5e\x74\x7b\x47\x02\x29\xf1\x0a\x33\x98\xa1\xa3\x9f\
\x2b\x1e\x22\xb0\xc4\x82\x24\x4f\x3c\x4a\xaf\x07\x39\x8e\x52\x5d\
\x7e\x47\xbd\x84\xcc\xb3\xa9\xf5\x9b\x7b\x50\x76\x24\x65\x38\x4f\
\x6c\x44\xe7\xe2\x95\x0c\xd1\x2f\x12\x2a\x80\x1a\xe1\x32\x51\x98\
\xcd\xab\x3a\x51\x06\x1e\x09\xe7\x98\x0a\x8b\xbb\x10\x46\xf7\xcd\
\x75\x84\xe2\x41\xa1\x21\x8c\xd0\x07\xd7\xd9\x33\x93\x8b\xb5\xb4\
\xb2\xde\xfb\xad\x6f\xfd\xcb\x7f\x5e\x8e\xbb\x6f\xbc\x04\x5a\xf7\
\xb0\x74\x47\xc5\x3f\xfa\xfe\xd5\xad\xb4\xb4\x24\xf7\x43\xc5\xe9\
\x42\x35\x9e\x74\x2b\xc4\x80\xf9\x68\x03\x00\xc4\x6f\xc0\xc4\xe8\
\x6a\xa3\x41\x90\x1b\xe9\xc9\x2c\xa5\x0b\x33\xf9\xee\xb8\x42\x05\
\x4b\xe0\x55\x6e\xba\x27\xb4\x8f\xf0\xab\x7a\xb9\x07\x21\x6b\x34\
\x2a\xf6\xef\x61\x00\x08\x80\xc6\xd4\x03\xc3\x38\x4f\x4a\xd0\xda\
\x4e\xcc\x84\x09\xb8\x34\x08\x8a\x13\x03\xba\x9e\x6b\x2b\xb9\x7e\
\x7a\xdf\x09\x59\x31\x5d\x4f\xfa\xd8\x8c\x29\x96\xd2\x85\xb5\x7e\
\x7a\xf6\xe2\x30\x5d\x49\xcb\x5e\x3e\x5b\xaf\xd7\x52\xb5\xbc\x20\
\xb7\x0a\xc6\x49\xd8\x55\x27\xcf\xa1\x18\x2c\x02\x57\xd6\x47\xfe\
\x1a\x38\x3a\x86\xb0\x85\xcd\xd4\x87\x7e\xd0\x54\x69\x56\xfc\x74\
\x76\x3c\xe1\x78\x00\x25\xc6\x00\x6c\x31\x75\x2f\xf7\x63\x7d\xd8\
\x00\x02\x7a\x31\x36\xe4\x57\x38\x48\x21\xa0\x28\xd8\xa6\x95\x7d\
\x84\x59\x82\x1a\xee\x90\xd1\xa4\x36\xb1\x81\x5a\xc4\x77\x68\x7e\
\xb7\x8f\xc7\x8b\x96\x83\x6e\x2f\xd5\x59\xc9\xc7\xd4\x79\x3d\x93\
\x76\xfa\x38\xa3\xd9\xba\xd7\xd3\x7d\x24\x30\x8c\xe1\x20\x98\x3d\
\xb4\xb8\x0a\x42\x9f\xf1\xc0\xb4\x56\xd9\xdc\xdc\x4a\x4d\xc5\x6b\
\x8c\x84\xe3\xce\x72\x2e\xda\x10\x6e\x2e\xf4\xa0\xcb\x1e\xb3\x51\
\xc1\xc2\x71\x8c\x36\xb5\x5a\x8a\x21\xe4\x46\xb2\xd8\x2e\x84\x32\
\x68\x49\xec\x41\x3d\x08\x13\x63\x3b\xde\x13\x4d\x04\x83\x97\x58\
\x2e\x12\x04\xb6\x44\xfc\x93\xfb\x79\x75\xbd\xf9\xd5\xcf\x7c\xee\
\x89\x1b\x9a\x7b\xf5\xde\xb2\xa7\x16\x84\x72\xe1\xf2\xf5\xf3\x27\
\xef\x3a\xfc\x50\x75\x61\xee\xa7\x8f\x4a\x2b\xb1\x89\x1b\x04\x62\
\xbf\x29\xd3\x52\x1f\x33\x42\x05\xff\x1b\x0d\x48\x27\xa1\x9f\xb5\
\x3b\x44\x17\x10\x22\x40\xcb\xed\x0e\xfc\x94\x3d\x25\x02\xe6\x01\
\x98\x00\x5b\x8c\x0b\xe0\x33\xf3\x1b\x30\x41\x30\x40\x68\xa2\xda\
\xba\x08\xbc\xbb\xe7\x38\xc6\xc3\xf9\x83\x5b\xe3\xa5\x9d\x12\x56\
\xa6\x3f\xe2\x82\x8c\x86\xfa\x88\xb1\xa7\xee\x48\xe9\x67\xef\x69\
\x24\x45\x7e\x62\x84\x34\xa4\xdc\x83\x0b\x1b\xa3\xf4\xc2\x95\x69\
\x7a\x7b\x52\x4b\xf3\x8d\xa5\x54\x2d\xb1\x1d\x68\x51\xed\x2a\xca\
\x7a\xc4\x33\x51\x6f\xb8\x10\x80\x87\x67\xc2\x68\x04\x1e\x3f\x9b\
\xe9\x19\x80\xcd\x99\x1b\x3d\x6f\x41\xd6\x06\x77\x85\xef\x04\xc7\
\xa6\x06\x75\xe8\x3f\xbb\x42\x02\x87\x53\xa3\xaa\x87\xb5\xfb\x9e\
\x7e\x42\xf3\xb1\xb2\xb8\x29\x6a\x2f\xae\x17\x29\x64\x36\x55\x63\
\x13\x05\x62\x14\x52\xb3\xf8\xf7\xce\x1a\xa9\x5e\x80\x84\x70\x58\
\x30\x6d\x65\x63\x60\x15\x3a\xa2\xa8\xfc\x2a\x37\xc5\x09\x3b\x4c\
\xc2\x74\xfd\xcc\x8e\xc6\x71\x22\x2d\x4f\x5d\x58\x65\xd1\x55\xcf\
\x2c\xca\x0a\x21\xcd\x58\xf0\xac\xa0\xc9\xe9\x27\xcf\xc1\xaa\x55\
\x2b\xd2\xec\x02\x31\x7d\xce\x52\xc3\xb8\x92\xac\x49\x41\x49\xf2\
\x10\x71\xce\x56\x92\xdf\xf3\x24\x32\x54\x37\x31\x29\x16\x31\xac\
\x7e\xf0\x09\x8f\x82\x39\x62\x2e\x3a\x04\xaf\x3d\x3b\x43\xd7\x38\
\x9e\x52\xff\xb0\xbe\x08\x47\x4e\xc2\xb1\xda\x99\x6e\xae\x35\x67\
\xbf\xf6\x6f\xff\xf1\xc6\x8f\xbc\xc5\xcf\xff\x56\xf6\x5c\x40\x28\
\x87\xef\x5e\x7e\x61\xd4\x4f\x1f\xab\x16\xf3\x87\x79\x13\x12\x7b\
\xdd\xc2\x98\x58\xbc\x23\x6d\x2a\xd3\x8b\x06\x0f\xae\x84\xfb\x41\
\xb1\x79\xd5\x31\x00\x6d\x21\x10\x31\xc8\xeb\x33\xaa\x8e\x6c\xd9\
\x4d\xd0\xb1\x00\xbb\x1a\x2f\xe6\x78\x0d\xb2\x8e\x71\x81\xfd\x6e\
\x3d\x03\x60\x52\x27\xc1\xf7\xce\x4e\x7b\x57\xe3\x05\x63\x43\x18\
\x0b\x3a\x27\x4d\xc9\xe2\x2c\xfd\xa6\x0e\x5c\xbe\xc9\xa0\x9d\x7e\
\xf1\xc1\x5a\x3a\xa2\x98\x20\x27\x06\x8d\xbb\xa3\x74\x71\xa5\x9f\
\x5e\x5a\x4d\xe9\xad\x71\x3d\xcd\x55\x16\xd3\xb2\xac\x94\x5f\x5e\
\x53\x98\xe9\x2f\x83\x66\xb8\x2f\x30\x1f\xd7\x2f\x32\x69\xb4\x8b\
\xf6\x93\x7e\x04\x38\xb4\xdd\x80\x80\x06\xb2\x88\xcc\xb5\xe2\x38\
\x27\x68\x17\xcd\x67\x03\x3e\xdd\x64\x50\xe2\xba\xb0\xdb\x7c\xf6\
\xba\x38\xbb\x3e\x80\x4a\xd7\x12\x9c\x62\x15\x78\x86\x4e\xfb\x79\
\xd0\x8c\x28\x0b\x17\x71\x71\xb1\x61\xe5\xd2\x97\x75\xf0\xc0\x1c\
\xa4\xd2\x7d\x04\xf6\x59\x6a\x96\x89\x9f\xfc\xe5\x14\xee\x14\x75\
\x8b\x25\x4e\x65\x0b\x99\xaa\x29\x04\x1c\x41\x84\x6c\x8c\xd3\xf4\
\x49\x53\xab\x7d\xdc\xc3\xf3\x2c\xc4\x00\x54\x07\x48\xb6\x90\x34\
\xf0\x7a\x79\x5d\x13\xf3\xef\x74\x42\xff\xe1\x66\x11\x83\x00\x70\
\xae\xc7\xbd\x55\x0d\x6a\xa3\xac\xa3\x9e\x8d\x4f\x88\xeb\x88\x12\
\x45\x80\xb3\xf8\x28\x12\x26\xba\x56\x0f\x80\x06\xec\x72\x4f\x9d\
\xc6\x8e\x8e\x21\x6a\x9e\x64\xa9\x3e\x6d\xf4\xf3\x69\xad\x3d\xfb\
\x9d\xcf\x7d\xf9\xc9\x3d\xb5\x1e\x94\x9b\x22\x20\x97\x2e\xad\x0d\
\x4f\x9e\xb8\xeb\x9f\xbb\xfd\xd1\x27\xe6\xc5\x49\xb4\x2c\x52\xef\
\xd1\x6a\xa6\x63\xd3\x49\x11\x01\xe0\x03\x64\xdc\x10\x40\x8e\x99\
\x67\x94\xf8\xdd\x6c\x94\x08\x81\x4b\x02\x5b\xde\x75\x35\x00\xa0\
\xae\xcb\x84\x08\x94\x41\x34\xb4\xb3\x05\x47\xb8\x1b\xf6\x64\x31\
\x44\x4c\xd2\xb2\x30\x3a\xf3\xd1\x29\xfc\x45\x7b\x5a\x40\xc8\x6a\
\xa9\x4d\x7c\xc7\x82\xe4\x47\xbd\x74\xba\x36\x48\xf5\x6e\x3b\xb5\
\x57\xb6\xd2\xea\x66\x3f\x7d\x7b\x23\x9f\xce\xf6\xcb\xa9\x50\x3b\
\x20\x26\x31\xe1\x50\x41\xb8\xea\x63\x7f\x5f\x02\x72\xb4\x6b\x04\
\x94\xf4\x27\x04\x1d\xab\xa9\x27\xeb\x9c\xfa\xa4\x26\xe1\x06\xf2\
\xf4\xc8\xe3\x8b\xb5\x80\x08\x10\xb0\x14\x51\x27\xb8\x3b\xb4\xac\
\x02\x7d\xae\x01\xbc\x6a\x3f\x5a\xd8\x1b\x4e\xe8\x37\x17\x42\x0b\
\x04\x5c\x07\x0c\x7a\xfe\xf0\x61\x60\x11\x57\x0d\x70\x56\xe4\x32\
\x79\xb0\x10\x9a\xea\x1c\x59\x22\xc6\x13\x4c\xa7\x1c\x82\x19\xd7\
\x01\x44\x2e\x60\xcb\x26\xdc\x33\xc4\x85\xe4\x82\x33\x7b\x71\xb5\
\x9e\x01\xad\xc9\xc6\xc9\x8a\xe9\x67\x36\xd6\xe4\xb8\x89\xd3\xc0\
\x54\x15\x12\x0f\x00\x76\xf7\x8d\x06\xa9\x1f\x7a\x82\xfe\x21\x68\
\x58\x7a\x58\x89\x1b\x2a\xfa\x88\x1e\x92\x12\x7b\x0a\x16\x34\x94\
\x80\xea\x08\x01\x61\x84\x3f\x82\x7e\x7e\xc3\x7f\xe6\x85\xe9\x51\
\xb6\x52\x0c\xb4\x32\xda\x4e\xa7\x11\x2a\x64\xad\x33\x2e\xa6\xb5\
\xe6\xe8\xcf\xff\xf8\x8b\x4f\x7e\xc6\x0d\xdf\xe3\x72\x53\x04\x84\
\xf2\xfd\x0b\x3f\x58\xb9\xe7\xe4\x89\x95\x56\xaf\xff\x2b\x93\x61\
\x5f\x18\xc7\x0f\x0d\xcb\x01\xc3\xd1\x94\x98\xfd\x70\x8d\x22\xd3\
\x03\xf3\x39\x0f\xe0\x6c\x1d\x74\x0e\x57\x03\xbf\x15\xa6\x42\x24\
\xd6\x4a\x03\x2e\x88\xc8\x5f\xf6\x8e\x22\xa6\x81\x19\xfc\xe3\x5e\
\x36\x4c\x60\xc6\x28\x9a\xf4\xdd\x00\x56\x8c\xe0\xfe\xc8\x5e\x61\
\x35\xc6\x4c\x87\x0e\xe1\x10\x26\xc8\x9f\x74\xdb\xed\x54\x1b\x36\
\xd3\xe2\x78\x90\xd6\x3b\xb3\xf4\xed\x95\x49\x3a\x3b\xac\xa7\x54\
\xc5\x55\x2c\xa6\x7a\x65\x5e\x02\x82\xf5\x08\x01\x31\x48\xf5\x1d\
\xe0\x02\x44\x07\xae\x6a\x17\x9a\x5f\x6c\xb7\x2b\x41\xbb\xe9\x97\
\x5d\x1b\xa3\x43\x96\x51\xc7\x00\x12\x00\x53\xe3\x82\xe1\x62\x36\
\x56\x25\x74\x23\x42\xa5\xbe\xca\x12\xda\x8d\xd4\xfd\xd0\x0a\xf0\
\xe8\x52\xdd\xcb\xa3\xe5\x76\xa9\x6f\xc4\x06\x98\x12\x84\x81\xe3\
\x80\x97\xe5\x06\x8c\x40\x53\xb0\x6a\x64\xbd\xa0\x27\x6d\x70\x0c\
\xc4\xb3\x54\x1f\xae\x59\xa3\xd1\x48\x1b\xa4\xb3\x25\x44\xbc\x83\
\x45\x04\x32\x2d\x1d\xcc\xeb\x7e\x80\x4c\x1b\xb3\xf9\x75\xd0\x3c\
\x14\x02\xcd\x26\x2b\x05\x4d\xe5\xae\xca\xc2\xc4\x56\xa4\x52\x66\
\xf4\x59\xf4\xb5\x65\x12\x9d\x9c\x0c\xd1\x77\xa4\x98\x0d\x1b\x70\
\x8b\xc9\x66\xc1\x77\x76\x4b\xcc\x82\x77\xfa\x8a\x62\xc8\x78\x0f\
\xed\x88\xbb\xe8\xbf\x9f\xaf\xbe\x38\x5e\xd4\x6f\xbc\x83\x49\x7e\
\x3e\x6d\x74\xa6\xaf\xbf\x79\xed\xfc\xaf\xbf\xf9\xe6\x95\xe8\xf0\
\x1e\x97\x9b\x26\x20\x94\xb7\xce\xbf\xf3\xea\x3d\x77\xdf\x35\xd7\
\xee\x0d\x3e\x34\xea\xb5\xf3\x04\xb5\x11\xb4\xe3\x56\x28\x08\x33\
\x71\x04\x6a\x98\xa0\x02\x21\x20\x3a\x4c\xe0\xba\x0c\x5c\x30\xca\
\xe0\x37\x78\xc2\xf5\xe2\x3e\xff\x15\x48\x00\x3e\xc4\xe5\x3b\x5a\
\x89\x69\x2d\xc4\x03\xac\x69\xe7\x66\x13\x5e\xc7\xf9\x38\xcd\x28\
\x86\xf5\xc5\xc0\x5e\x5f\xfe\x31\x1a\x4b\xe7\x99\xe0\xc8\xbb\xf4\
\xde\xba\xda\x4a\x6f\x6c\x4c\xd2\x6b\xad\x5c\xba\x5e\x38\xe8\x69\
\xec\x2c\x27\xae\xca\x95\xf2\x1c\x2a\xd5\x87\x2b\xc0\x86\x09\x0b\
\x0b\x01\x7a\x5c\x27\x4f\xa3\x51\xbd\x80\xcb\x20\x91\xa6\x8b\x14\
\x67\x4c\xf7\xb0\x1b\xa8\x73\xb4\xcf\x00\x52\xbf\x28\x68\x42\x9c\
\x1a\x94\x40\x80\x44\x34\xd0\x79\xfa\xcc\x08\x3b\x40\xf5\x3b\x31\
\x04\x1c\xdd\x28\x4d\x8e\x65\x80\x16\xd1\x27\x11\xc2\xf7\x70\x7d\
\xb9\x52\xb5\x3b\xd9\x55\xb0\x9c\xc5\x00\x58\x87\x6c\xae\x1a\xca\
\xc0\xca\x42\x6d\x61\x67\x13\x6f\xa6\xc7\x5f\x09\x56\xbb\xd5\x92\
\xf5\x22\x70\x0e\xe0\x13\x33\x21\xc4\x64\xae\x9c\x34\x30\x7d\x75\
\x92\xa2\xb6\x60\x0d\xf1\x0a\x00\xab\xdb\x23\x99\xc1\xe5\xb1\x42\
\xe2\x1f\x75\xd0\x4a\x3d\x9b\x36\xd1\x5f\xd2\xce\x14\x32\x4e\x64\
\x1c\xed\x0a\xeb\x1c\x0a\x8b\x67\xd0\x1d\xf3\x1c\xba\xe9\xb8\x93\
\x12\xaa\x0b\x0b\xcc\x54\x16\x70\xc3\xe4\x44\xea\x66\x49\xf3\x5a\
\x7b\x74\x79\x65\x75\xfb\xb1\x27\x9e\x7c\xf1\x47\xde\xf7\xea\xff\
\x2b\x37\x55\x40\x28\xdf\x3b\x7f\xe5\x9f\xee\xbf\xf7\xee\x86\x82\
\xb5\x0f\xce\xc6\x83\xdc\xb1\x43\x87\x3c\xa2\x8a\xe3\x44\xf0\x89\
\xf9\xf6\xb4\x65\x11\xc9\x53\xe0\x05\x36\xe7\xf7\x45\x0c\x08\x0e\
\x43\x45\xe7\xd0\x28\x22\x0c\x44\x05\x70\x30\xc7\x0c\xd3\x39\x7e\
\x7b\x4a\x84\x6c\x39\xe0\xd3\x4d\xae\x0f\x40\x22\x24\x88\x15\x16\
\x84\xba\x6d\x3d\x74\x8c\x5c\x3b\x26\xba\x27\xa6\xc9\xbb\x4f\x5d\
\xb2\x2f\x3a\xce\xeb\x97\xbb\x73\xd5\x34\x2c\xd6\xe5\x7e\xd4\x65\
\x19\x62\xe5\x1f\xef\x04\x64\x73\x05\x46\x88\xd9\x43\x97\x54\x2d\
\xbe\x04\x83\x98\x58\x43\x82\x53\x62\x84\x2a\xab\xe3\x10\x6e\x9d\
\xf6\x3b\xe4\x75\x15\xee\x02\x41\x28\x69\x49\xac\x0b\xe0\xa6\x2f\
\x9c\x64\x17\x0e\x3a\x81\xe0\xa2\x49\x23\x6e\x40\x98\x11\x1b\x5c\
\x10\x29\x02\x84\x4f\x1f\xbb\x61\xfc\x53\xff\xc8\xf0\x40\x47\x52\
\xab\x80\x0f\x01\xe2\x9d\x1b\xac\xc4\x64\x0a\x3c\xfe\x3b\xa0\xe5\
\xf9\xc4\x42\x7c\xcb\x76\xad\x8f\x41\x42\x04\x11\x7a\xe5\xbd\x43\
\xfc\x8e\x04\x04\xd7\xb0\xc8\xb4\x15\xc1\xd2\x6e\x93\x78\x03\x19\
\xa9\xdf\xf3\xd6\xf4\x5c\x68\xed\x45\x6b\xba\x7f\xc6\x92\x61\xb5\
\x07\x92\x03\x6a\xac\x95\xaf\xb5\x47\x10\xd7\x32\x23\x1b\x1e\xc2\
\x3f\x04\x80\xef\xd0\x01\x9a\x34\x5b\xcd\x54\xdb\xdd\xd1\x06\xc1\
\x80\xa2\xf0\x9d\x25\xbb\x56\x12\x3a\x1e\x96\x87\x13\x64\x42\x87\
\x4e\xf6\x30\x5f\xae\x35\x2d\x0f\xb6\x3a\xd3\x8f\xfd\xc9\x97\xbf\
\xfe\x5d\x9d\xbd\x69\xe5\xa6\x0b\x08\xe5\x7b\x17\xae\xfc\xe3\xbd\
\xf7\x9c\x3c\x3e\x98\xa5\x0f\x6c\x6f\x6d\xa6\xf7\x3f\xf4\x80\xb3\
\x1b\x68\x55\xfa\xce\x5f\x08\x06\x33\x4d\x40\x7d\x87\x20\x41\x68\
\x1d\x14\xd1\x70\x1d\x38\xc7\x07\x8d\x04\x03\x61\x00\xc4\x85\x29\
\x58\x11\xf6\xdc\x22\x68\xa5\xa0\xf1\x98\xb2\x1e\x81\x1e\x75\x46\
\xe6\xc4\x03\x5b\x72\xb3\x7a\x62\x02\xde\x2d\xda\x8c\x69\x0b\xb8\
\x63\x80\xa7\xb8\x50\xf1\x84\x41\xd6\x72\x10\x74\x56\x14\x3f\xb1\
\x29\x05\x82\x62\xa0\x0a\x6b\xe8\x46\xe1\xd2\x6d\x09\xcd\x9f\xb7\
\x46\xf5\x6f\x98\xad\x0f\xdf\x39\x4e\xdb\xf8\x6d\x8d\xa8\x3a\x00\
\x97\xe7\x7e\xed\x5a\x8a\x10\x90\xd0\xe8\xdc\x03\xaa\x01\x05\x4b\
\x5c\xb1\x42\x58\x02\x80\xc2\xb4\x15\x46\x8a\x19\x5d\x67\x6c\x00\
\xc1\xc7\xe5\x22\xe5\x8b\xc5\xe4\x45\xa1\x80\x9d\x0c\x16\xbb\xc2\
\xd8\x72\xe8\x37\xc2\x0b\x1d\x75\xa3\x15\x04\x0a\x06\xf7\x84\x6d\
\x5b\xe9\x13\x16\xaa\x51\x6f\xa4\x95\xcd\x8d\x54\xab\x0a\xac\xb2\
\x2a\x76\x4d\x69\x15\x02\x02\xcd\xd4\x07\xac\x91\x85\x41\x1f\x82\
\x7d\x9a\x8a\x82\x80\x07\x14\x2b\x1f\x2b\xbc\x82\xf9\x13\x4b\x03\
\x10\x72\x80\x8e\x7b\xdb\xb7\x90\x38\x35\xab\xbe\x3b\xa8\xdf\x55\
\x76\x08\x05\xcf\x30\xfd\x68\xa3\xda\x8b\xe5\xc5\xa2\x5a\xb0\x44\
\x77\x5d\x25\xab\x2f\x01\x99\x15\x52\x27\xdf\xe8\x5d\x5e\x69\x3d\
\xfe\xd9\x2f\xed\x7d\x50\xfe\xde\x72\x4b\x04\x84\xf2\x1b\x17\x7f\
\xf0\xdc\xea\xa9\xfb\xee\x14\x71\x1e\x99\x89\x01\x77\x1e\x3a\x68\
\x8b\xe1\xb1\x06\x01\x00\x22\x91\xe1\xc2\x0f\x77\xcc\x21\xa2\x00\
\x20\x34\x15\x00\x81\x50\xa8\x12\x18\x00\x51\x2d\x14\xba\x1f\x77\
\x01\x26\xe0\xf5\x93\x02\xc5\xef\x25\x9b\xa3\x9a\xc4\x68\x54\xa8\
\x58\xad\xba\xec\x46\x89\xc0\xf2\x8a\x6d\x29\x78\xeb\x55\x04\xc2\
\x68\x43\xa4\x10\xb7\x82\xe7\x87\xc6\xe6\x95\x67\x58\x0d\x36\x77\
\x2b\x89\x69\x64\x66\xd9\x16\x94\xac\x1c\x40\xcc\xeb\x9e\x05\xf9\
\xf3\x08\x84\xb5\x9b\xea\x41\x03\xc3\x60\x18\xcd\xe0\x15\x18\xa2\
\x3d\x0c\xae\x11\x4b\xd1\x37\xd2\xcf\xd5\x52\x45\xd8\x12\xd8\x68\
\x9a\x93\x0b\x40\x2d\x82\x5d\x75\xd1\xbf\xd1\x94\x28\x6d\x56\xfd\
\x41\x97\x0e\xaf\x43\x96\x76\x07\x9c\xf8\xed\x68\x68\x00\xcd\xfb\
\xfa\x46\x72\x57\xb2\x7b\x11\x90\x56\xb3\x65\x85\x00\x6d\x44\x00\
\xd3\x92\xd5\x95\x0b\x7a\x2e\xc7\xf9\x4e\x1b\xb9\x87\x29\x3e\x65\
\x29\x05\x66\x14\x60\xa1\x98\x75\x6b\xcb\xad\x7e\xe2\xf7\x73\x3f\
\x1a\xdf\xae\xa1\xf8\x02\x3f\x00\xb7\xf9\x40\x0f\xd5\x09\x94\x90\
\x77\x7c\x17\x2d\x48\x53\xd3\xbe\x88\x35\x99\x73\xc7\x42\x31\xdc\
\x27\x5c\x27\x79\x09\xba\x0b\xf0\x23\x1c\xae\x4f\x0a\x01\x7e\x62\
\x0d\xa1\x17\xcf\x46\xa7\x31\x45\x87\x2f\xf0\x9e\xd9\x00\xf0\x7a\
\x92\x2b\xa5\x4e\xa1\xb2\x75\x6d\xa7\xfb\xcb\x7f\xf6\x17\x7f\xfb\
\x2d\x5d\x7e\xd3\xcb\x2d\x13\x90\x97\xc4\xbe\x37\xdf\x7e\xe7\xf9\
\x53\x0f\xdc\x3b\xd9\x6e\x76\x7f\x7e\x34\xec\xe5\x79\xad\x31\xc1\
\x21\xc4\x41\x25\x39\xc5\xb9\x2b\x30\x70\x1b\xf0\xf2\xdd\xe6\x57\
\x44\xc4\x3a\x64\x6b\x17\x60\xb0\xcd\xb0\x80\x86\xf9\x67\x9d\xb3\
\x53\xac\xfa\x30\x5d\x05\xad\x45\x9d\xfa\xcf\x80\xa0\x5e\xdd\x26\
\xdf\x57\x96\x43\x4c\x06\x28\x64\xd4\xbc\x57\x2d\xda\x5b\x27\x59\
\x1a\xcb\x54\x6a\x04\x82\xcd\x22\x88\x39\xfc\x0a\x34\xc5\x1f\xf3\
\xf3\x64\xa5\xf4\x41\x28\x78\x86\xfe\xc2\x78\x2c\x15\x02\x6d\x01\
\xd0\xfd\x3c\x87\xb6\x32\xa9\x8f\x00\x1a\x6b\xc8\x94\x7b\x04\x1a\
\x30\xc0\x70\xae\x25\x80\x07\x30\x88\x26\x02\x41\x5b\x18\x47\xa0\
\x4f\xdc\x43\x5f\xb0\x1a\x6e\xb4\x0a\x63\x16\x80\x92\x42\x1d\xb8\
\x60\xdc\xeb\x11\x68\xfd\x19\x0c\x10\x7d\x59\x1c\x04\x45\x85\x01\
\x56\xf4\x3d\xee\x14\x34\xc3\xd2\xa0\x20\x50\x06\xd0\x04\xba\x23\
\xcc\x28\x1e\xce\xb5\xd8\x88\x5b\xe7\xd8\xb1\x92\x0a\x79\x2c\x2e\
\x9a\x1a\xe4\x34\x2e\xf4\xf6\xb8\x03\x07\xf5\x1d\xde\xc4\x2e\x86\
\x5c\x18\x42\xe1\x89\x8c\xa2\x2b\xd6\x34\x94\x5b\xf0\x89\xfa\xa0\
\x0b\xd7\x21\xb4\x61\x61\x50\x8e\x3a\x84\x70\xe9\x18\x6e\x20\x8a\
\x0e\x3a\x21\x24\x0c\x0e\x6f\xac\xaf\xa7\x7a\xa3\x61\x57\xb8\x33\
\x29\xa6\xf5\x7e\xfe\xe2\x95\xab\xad\x33\x5f\xf8\xcb\xa7\x5f\x77\
\x27\x6f\x41\xb9\x65\x02\x92\x95\xb3\xff\x75\xe5\xe5\x87\x4f\xfd\
\xd4\x77\xba\xa3\xf1\x87\x44\xe4\xa5\x03\x4b\x35\xc7\x0b\x4c\x8a\
\x03\x74\x5e\xb3\x20\x82\x42\x34\x0b\x87\x3e\x4e\x03\xa2\xa1\xcb\
\xec\x74\x02\xe8\x03\x44\xde\xb6\x54\xd7\x01\xd2\x70\xad\x24\x34\
\x7c\xc4\x20\x84\x80\x6c\x09\x25\xb3\x38\x91\x9e\x44\xd8\x14\xbc\
\x0a\x90\xb8\x01\x58\x0e\x33\x4e\xc7\xb1\x1c\x64\xa3\x98\xb6\xce\
\xfa\x71\x04\x18\x0b\x81\x5b\x81\xbf\x1d\x13\x10\x45\x32\x81\x84\
\x76\x85\x16\x94\x7b\xa3\xfa\x88\x2d\x78\x06\x40\x00\x00\x08\x89\
\x85\x49\xf5\x59\x70\xf4\x24\x0b\x13\x20\x53\xff\x54\xa9\xfe\xe2\
\xbe\x8c\x3d\x16\x43\x1b\x70\xe9\x98\x60\x48\xbf\x58\x95\x87\x8b\
\xa6\x26\xe9\x19\x0c\x40\xf2\xec\xa0\x0d\xcf\x8b\xf1\xa4\xf8\x5e\
\x2c\x96\x54\xb7\xfa\x8b\xf6\xde\x05\x3d\x00\x46\x10\xc9\xf2\x71\
\x0f\x7d\xa5\x6d\xf4\x11\x64\x32\x23\x01\xba\x40\xd7\x45\xc5\x01\
\xd9\x14\x94\x62\x69\xc1\x99\x2b\xce\xc5\x9a\x9c\xb0\x36\x7c\xb0\
\x22\x54\x96\x29\x34\x27\x15\x74\x0c\x40\x73\xca\xd3\x60\xa8\x5f\
\x9d\x63\x34\xde\xcf\x83\x3f\x08\x81\xfa\x42\x66\x8d\x7e\x40\x1f\
\xe2\x3a\x62\x31\x68\x42\x7b\xe8\x07\xcf\x88\xf5\xea\x52\x3e\xfa\
\x30\x72\x5f\x5a\x5c\x4a\x2b\xcd\x41\x7a\x67\xbd\xfd\xcd\x4b\xd7\
\x37\x1f\x7f\xe2\xeb\xcf\xdf\xd0\x4e\x89\x3f\x6c\xb9\xe5\x02\x42\
\xf9\xee\xdb\x97\xce\x9d\xba\xff\x9e\xbf\xd9\x6a\xf5\xef\x17\xb0\
\x1f\x12\x80\x72\xac\xd9\x16\x95\xc2\x7d\x81\xf8\x22\x6c\xc6\x18\
\x80\x07\xa0\xd0\xa2\xac\x87\xc6\xd2\xa0\xbd\xc9\x26\x21\x28\x66\
\x26\x1a\x0d\x02\x8b\xf0\xc1\xb0\x60\x26\x1a\x13\x10\x60\xe2\x59\
\xcb\x40\xcc\x11\xae\x02\xf1\x48\x08\x0e\xf7\xb0\xe2\x8f\x60\x95\
\x0d\x9c\x6b\x95\x58\xfa\x69\x80\xeb\x1c\x9a\x1c\xab\xa1\xea\xfc\
\x3d\x5b\x2f\xc1\x73\x8c\x0c\xd5\x03\x83\x2d\x30\x02\x28\x20\x45\
\x93\x23\xd8\xb4\x5b\x50\x76\x7b\xf0\xff\xe9\x1f\xcf\xc4\xcd\x00\
\x50\x80\xac\xbc\x50\x36\x18\x79\x16\x96\x8d\xfb\x19\x43\x01\x6c\
\xb4\x41\x0f\x31\x4d\x5c\x97\x1e\xd7\x81\x06\xaa\x0b\x77\x87\xf8\
\xc3\x9b\xc9\x41\x58\xff\xcf\x5b\xc2\xa6\x6e\xaf\xeb\x40\xde\xef\
\x17\xe4\x7e\x03\x57\xfd\x95\x8b\x17\x60\x05\xfc\x7d\xd3\x99\x73\
\x58\x1b\x8f\x59\x88\x07\xa4\x53\xa1\x25\xcf\x86\xb6\xb4\x9d\xdf\
\x99\xd6\xcf\xc6\xa2\xac\x94\x74\x9c\xfa\xa8\xdd\xf1\x98\xe8\xcc\
\xf7\x10\x8e\xa8\x87\x7e\x61\x79\xf8\xcd\x58\x06\x49\x0e\xd2\xe1\
\x32\x1f\xce\x00\xa2\xda\x48\xae\x44\x32\x42\x16\x56\x9f\xd5\xb5\
\x8d\xb4\xb2\xdd\x4e\x3b\xa3\xfc\xf0\xf2\xea\xf6\xa7\x6a\xc7\x9f\
\xf9\xc4\x9f\x7e\xf1\x7c\x5b\x97\xde\xd2\xf2\x63\x11\x10\xca\x9b\
\x6f\x5f\xee\x9e\xbd\x70\xf5\x6b\xcb\x4b\xb5\x17\x07\x93\xfc\x43\
\x93\x59\xfe\xc4\x1d\x87\x0e\x88\x80\x4c\x89\xc0\x5f\x87\xa8\x68\
\xba\xd0\x60\x08\x04\xcc\x02\x74\xce\x04\xe9\x1c\x9f\xc8\x8b\xef\
\x6a\x66\x31\x21\x9b\xcd\x0b\xe0\x00\x71\x4c\x71\x8f\xd1\x76\x84\
\x02\x01\x41\x13\x92\xb7\x07\x14\x66\xac\x30\xc8\x33\xd9\x82\xc7\
\x8b\x9e\xd8\x60\x41\x5c\x23\xcd\x6a\x5c\xe9\x4a\x36\x68\x03\x30\
\xac\x90\x63\x50\x11\x21\xe3\x99\x92\xb2\x70\x05\x55\x3f\x95\x11\
\x58\xab\x65\x76\x4b\xf0\x9d\x85\xa7\xd0\xbc\x06\xa1\x2e\x27\x36\
\x50\x7f\x2c\xd0\xfa\x87\x90\xce\x17\x17\x9c\xbe\x04\x80\xd4\xe9\
\xb4\x35\x40\x15\x1a\x75\xa9\xb5\x2a\xa0\x74\xbd\xc4\x1b\xf4\x41\
\xf7\x7b\x0d\x89\xae\xf1\xf6\xa7\x00\x5e\x81\x30\x00\xe4\xd5\x08\
\xac\xb3\xa7\x38\x79\x20\x6b\x84\x85\x01\xdd\x00\x1c\x3a\xf2\xc1\
\x2d\x62\xdf\xa9\xe5\x83\xcb\xa9\xad\x18\x87\xcd\x14\x78\x06\xc5\
\x63\x35\xfa\xd0\x16\x0a\x56\x10\xc1\x46\x21\x41\x77\x92\x0d\xec\
\xa9\xc5\x31\xe6\x4a\x21\x86\x08\x0d\x82\xcf\x3d\xf4\x83\x81\x47\
\x82\x7e\x12\x0d\x59\x1d\x9c\xe7\x37\x29\x71\xfd\x27\xd2\x4e\x53\
\x5d\xf1\x06\x09\x83\xa9\xf8\xc4\x4c\xe4\x81\xdc\xde\x8b\x6b\xad\
\x74\xbd\x3d\x7a\x71\xb3\x37\xfa\x85\xcf\x7f\xe5\xd9\x67\x5f\x7a\
\x69\xb7\x61\xb7\xb8\xfc\xd8\x04\x24\x2b\xe7\x2e\xad\x5e\x3e\xf5\
\x33\xf5\xaf\xb6\x76\x0a\x3b\xdd\xde\xf0\x03\xb3\x7c\xa1\x72\xec\
\xd8\x5d\x89\xb5\x08\x8d\x06\x9b\x2d\x93\x45\x92\x0f\xcd\x02\x1b\
\x31\x8c\xd4\x70\x7f\x30\x34\xa1\x01\x38\xcc\xca\x7c\x76\xcf\xf2\
\x14\x10\x00\x93\x83\x75\x1d\x27\xb3\x62\x00\x81\x5e\xb6\xcf\x14\
\xb8\xc8\xc1\x73\x1c\x29\x40\xeb\x91\xbe\x45\x10\xf8\x8b\x1b\x85\
\x4c\x00\x2a\xc6\x52\xd0\x72\xac\x74\x73\xba\x57\x80\x47\xd0\xc8\
\xe7\x03\x1e\xbf\x8d\x4a\x7f\xb1\x02\x08\x11\x60\x01\x78\x68\x6a\
\xb4\xb1\x8b\x9e\x91\xf9\xdd\x59\x5b\xa9\x3f\x34\x33\xd7\xca\xf2\
\x28\xb0\xe6\x18\xae\x15\xc1\x3e\xb1\x82\x6e\xd2\x3d\x24\x2b\xb8\
\x16\xeb\x53\x32\x42\xe2\x45\xa2\x8c\xba\x33\x37\x49\x56\x48\xd7\
\xd3\x27\x2c\x17\x34\xc0\x1a\x54\x6b\x75\x05\xf5\xb1\xe3\x39\x74\
\xd2\x83\xf4\x5f\xb8\x7f\x1e\x40\x54\x1d\x41\x3b\x01\x40\x6d\x5b\
\x6c\x2c\xa5\x66\xbb\x13\xee\x8e\x2c\x80\x37\x86\x53\x9d\xa1\xf5\
\x05\x7d\x1a\xa1\x7a\x99\xad\x80\x82\xe2\x3a\xc7\x52\x52\x06\x99\
\xc0\xbb\xff\xa2\x3d\x96\x89\xa0\x1e\x21\x51\x73\xd4\x5f\x16\x76\
\xd1\x5e\x32\x5c\xbb\x34\xd3\x5f\xe8\xc1\x3e\x01\x07\x24\x9c\x5e\
\xe3\x21\x25\xb1\xc5\x2e\xfa\x85\xda\x74\xad\x35\xfa\xeb\x37\xce\
\x5f\xfd\xe4\x57\x9e\x7e\xf9\xd3\xaf\xbe\x76\x6e\x4f\xe7\x56\xfd\
\xb0\x85\x9e\xdd\x36\xe5\xe3\x67\xce\xd4\x73\x95\xe1\xef\x1e\xbd\
\x63\xf9\xb7\x97\x6b\xf3\x47\x4e\xde\xd9\x48\x47\xee\x5c\x4e\x83\
\x6e\x2b\x0d\x7b\x43\x33\x9d\xfd\x9b\x2a\x55\x69\x45\x31\x77\x8e\
\x80\x52\x06\x1a\xff\x1a\x5f\x19\x06\xa1\x39\x99\xa1\xcb\x22\x1e\
\xc0\x18\x33\x3e\x61\x9e\x18\x2b\xe6\x7b\x01\x92\xdc\x8f\x08\x66\
\x09\xea\x19\xc5\x45\x50\xc2\x15\x28\x16\x43\xe8\xa4\x2f\xc5\xf2\
\xf0\xe9\x71\x7b\x70\x79\x98\xde\x0e\xc5\x18\x50\x04\xf4\x64\x5a\
\xd0\xa4\xcc\x54\x26\xa3\x05\x80\xc9\xa0\xd1\x38\x76\x54\x41\xa0\
\x67\xaa\xd7\x96\x01\xb7\x4e\x80\xe3\xdd\x79\x80\x1a\x01\x43\x08\
\x01\x61\xad\x54\xf3\xdf\x98\x82\x9f\x4b\x5b\xad\xa6\xdf\x59\x48\
\x82\x80\xf1\x16\x62\x0a\xda\xe9\x9d\xcb\x15\x8c\xf3\xca\x00\x75\
\xc8\xeb\x50\x88\x25\x48\x5b\xd3\x4f\xa6\x92\xb0\x5a\xaf\x2c\x01\
\x59\x5d\xd9\xf0\x22\x26\xde\x35\x32\xee\xf7\x0c\x4e\xbb\x8a\xaa\
\x63\x6e\x2e\x56\xf3\xd1\x4f\x84\x04\xc1\xe4\x5d\x28\x5b\x3b\x4d\
\xaf\xec\xc4\x4a\xda\x5e\x21\x50\x8c\x72\xab\xed\x5c\x68\x4b\x29\
\x5a\x79\x13\x3f\x0b\xa4\x80\xae\x7e\x43\x93\xb0\xd4\x12\x56\x09\
\x10\xb4\x61\x74\x9d\x8c\x1f\x0a\x0e\x2b\x86\x40\x70\x0f\xef\x30\
\x81\x4e\xd9\x34\x7c\x54\xc4\xb5\x8d\x76\x3a\xf7\xce\xea\x74\x65\
\xab\xf3\xdc\xda\x66\xf3\x53\x4f\x3d\xf7\xca\xab\x6e\xe0\x6d\x50\
\x6e\x2b\x01\xc9\xca\xa3\x8f\x3e\x3a\x77\xb0\xd2\xff\xd5\x72\x7e\
\xfa\xc9\x46\xb9\xfc\x41\xc5\x04\xe5\x13\x47\x0e\xa6\x03\x8b\x95\
\xb4\xb9\xbe\x09\xee\x9c\x61\x82\xe9\x04\xa2\x84\xe6\xcb\x07\x96\
\x9d\x96\x04\x4c\x6b\xab\x1b\xb2\x32\xec\x9a\xc8\x48\x36\xcc\x65\
\xae\x13\x09\x46\xdc\x9c\x82\x33\x3c\x00\x11\x2d\x6e\xe6\xab\x3e\
\x5e\x1a\x83\xc5\x60\x80\x0f\x50\xe2\xbe\xe0\xee\x31\xc0\xd7\x6e\
\xb5\x43\x20\x25\x24\x00\x05\x81\x64\xa1\x14\x29\x6a\x34\x62\x0c\
\x92\x21\x5c\xc5\x58\x0d\x87\x96\x95\x85\x62\x50\xd1\xcf\x96\x3b\
\xe7\x2c\x97\xee\x47\x68\xc9\xb8\x79\x5a\x3e\xcf\x42\x3b\xab\x38\
\x2e\xd0\xc5\xcc\x70\xa5\x3d\xc2\x7f\xe2\x55\x00\x0c\xe6\x11\xf0\
\xb2\x9d\x3f\xed\x0d\xc1\x66\xcc\x21\x34\x37\xf7\x58\x80\xf4\xcc\
\x85\x3a\x1b\x76\x4b\x90\x17\x0f\xa4\xb6\xfc\xf7\x66\xb3\x69\xe1\
\x54\x63\xdc\xdf\xaa\x2c\xb1\x67\x4c\xe7\xc2\x8d\x63\x77\x79\x56\
\xf1\xb5\x5b\x3b\x8e\x9f\x76\x9a\xad\x5d\x6b\x8a\x32\xc1\xc5\x03\
\xec\x31\xbe\xc3\xb3\x69\x2b\x31\x03\xd6\x85\xf4\xb2\x0e\x98\x17\
\x50\x95\x6b\xb0\x2a\x23\x68\xb2\x30\x97\x96\x97\x1a\xee\xb3\x54\
\x93\xdc\xc7\x98\x51\x80\x40\x94\x6a\x4b\x69\x73\x4b\x6d\x93\xc2\
\xbb\xbe\xb6\x9d\xae\xad\x6f\xaf\x6e\x75\x06\x4f\x0d\x52\xfe\x4b\
\x7f\xf5\xb5\x7f\x78\xcd\xc4\xb8\x8d\xca\x6d\x29\x20\xff\xb3\x7c\
\xf8\xc3\xef\x5f\x2e\x8e\xd3\xe3\xc2\xee\x47\xca\x0b\x85\x33\x07\
\x1a\xf5\xfb\x17\xab\xa5\x1c\x81\x34\xe3\x12\xcb\x8b\x75\x7c\x10\
\x03\x14\x8d\x07\x40\xca\xba\x98\xb7\x1f\xad\xad\x6f\x48\xb3\xc5\
\xd2\x5e\xd6\x28\xc4\x68\xfa\xbc\x8e\x09\xb7\x30\x1c\xed\x2e\x20\
\x08\xa7\xf6\x8b\x11\x26\x62\x9d\xe2\xbc\xfd\x9a\xb4\x04\x93\x05\
\x08\x0f\x80\x09\xdc\x3d\xf9\xeb\x14\x04\xd2\x45\x16\x2b\x92\x05\
\xe1\x22\xb9\x0d\xba\x0e\xb0\xe1\x56\x08\xb3\x8e\x97\xda\x72\x5f\
\x10\x08\x84\x09\xd0\x7a\x0a\x85\xc0\xc4\x87\x4c\x0d\xc1\x34\xcf\
\x61\x45\x23\xeb\x62\xf8\x4e\xbb\x3a\xd2\xfc\x7e\x65\x80\x00\x49\
\xb1\x2b\xa9\x7b\x70\x8f\xb0\x96\xb8\x92\x00\xdd\xc2\x06\x98\x1d\
\x3f\x95\x14\x83\x54\x53\x4b\x02\xe2\x31\x24\xb9\x56\x7d\x59\x4c\
\xac\x21\xad\x66\x74\x9f\x59\x04\x08\x35\xef\x65\x61\x8d\x3b\x6f\
\xb4\xe5\x99\x2b\x2b\xab\x8e\xc3\xb0\x04\xb1\x47\x40\x3c\x9a\x41\
\x4e\x04\x04\x5a\x7a\x9e\x19\xd6\x52\xf4\xe2\xc5\x48\x16\x1c\xf5\
\xb9\xb1\xb8\xc4\xdb\x64\x53\xd1\xf7\x45\x7c\xc4\xfa\x94\x9d\x56\
\x27\x6d\x6e\xe3\xee\xc9\x03\x90\xa0\x6c\xb5\x7a\x9b\xad\xce\xe4\
\xf5\xce\x60\xf0\x8d\xb9\x62\xe9\x85\xce\xdc\x81\x7f\x7f\xea\xa9\
\xa7\x90\xfa\xdb\xb2\xdc\xf6\x02\xf2\xde\xf2\xd1\x8f\x3e\x7a\xa8\
\x36\x9a\x9d\xc9\x15\x46\x0f\x2b\xd0\xbb\x5f\xae\xc9\xfb\x14\xa8\
\x1e\x17\x10\x96\x04\xcc\xd2\x64\x34\x9a\xab\x96\x8a\x6b\xc7\x8f\
\x1d\x7e\xe3\xd4\xbd\x27\x2f\xb5\x3a\x9d\x47\x46\xe3\xc1\xc3\x3b\
\x5b\x3b\x79\x46\x98\x81\x1a\xa0\x66\x74\x19\x4b\xc2\xa8\x31\x00\
\x60\xd7\x3e\x02\x74\x4f\x27\x91\x35\x21\xe6\x20\xab\x85\x35\x40\
\x3b\xb2\xb8\xca\x2f\xc4\xd4\xf5\xad\x56\xd7\x0b\x83\x1a\xf5\x9a\
\xd7\x4b\xf8\xfb\x62\xc3\xaf\x5c\x60\xca\x06\xf5\x1f\x3d\x72\x38\
\x75\xdb\x2d\x83\x8c\xcc\x11\x16\x01\x77\x04\x57\x8a\x9c\x0f\xed\
\xe0\x5a\x04\xda\xf1\x8a\xee\x61\x6c\x04\x77\xa4\xd1\x10\x70\x25\
\x08\xdb\x3b\x2d\xa7\xc0\xc9\xa8\xf1\x7e\x44\x04\xc1\x33\x9e\x01\
\xbe\xee\xf7\xfc\x24\x3d\x80\x98\x80\xb5\xe7\xb6\x86\xaa\x8a\xe9\
\xe9\xeb\x9b\x5b\x16\x90\x86\x00\x3b\xc4\xc5\x52\xbd\x1b\x1b\xdb\
\xe9\xd0\xa1\x25\x0b\x07\x8a\x02\x85\xe0\x91\x75\xf5\x89\x3e\x76\
\xba\xed\xd4\x90\xdb\x48\xff\x14\xc6\x4b\x48\xca\x4e\x13\x43\x1b\
\xa6\x84\xb0\xc0\x0a\x8b\x41\x2c\x46\x3c\x42\x06\x6d\x43\xcf\x19\
\xca\x7d\x25\xb3\xc6\x26\xdd\xec\x39\xc0\xf5\xbd\xbe\xec\xe4\x70\
\x78\x75\x30\x98\x5c\x1a\x4d\x72\x57\xa6\xf9\xfc\xd9\xe1\x60\xfc\
\xfa\xe6\x78\xfc\xca\x33\xcf\xbc\xb4\x0d\x2f\x7f\x12\xca\x4f\x9c\
\x80\xfc\x5f\xe5\xb1\xc7\x4e\x57\x53\x3b\x55\xe7\x0b\xb3\x51\xe5\
\xe8\x43\x4d\x34\xd3\x63\xa7\x4f\x57\x8f\xdc\x5d\x3b\x5d\xa9\xd4\
\x3f\x3e\x9e\x0e\x96\x14\xf0\xd6\xc5\xbc\x95\x62\x61\x4e\xe1\xc3\
\xa8\xab\xa0\xf5\xaa\xc4\xe5\x58\xb7\xd7\xbd\x4b\x02\x52\x94\xab\
\x73\x55\xca\xef\x7a\xbd\xb1\xf8\xa8\x7c\xf8\x7e\x71\xae\xb8\x31\
\x1c\xf5\xe5\xc1\x14\x8e\x4e\xa4\xb6\x15\x27\x48\xa6\xc6\x65\xc5\
\x2a\x6b\x3a\x78\x4e\x2e\x5b\x57\x8c\x5f\xef\x0d\xc7\x67\x44\xcc\
\xe9\xc1\x03\x4b\x83\x4e\xb7\x33\x14\xe0\xe4\xa9\x4d\xca\xba\x36\
\x27\xa0\x6e\x09\xcc\xed\xc9\x6c\x56\x17\x9e\x79\xe3\xea\xf1\x52\
\xb1\xb8\xa5\xb6\xcc\xcb\x8a\xe5\x65\x2d\x96\x05\xf4\x9e\x04\xa5\
\x30\x1a\x4f\x3b\xc5\xf9\xc2\x42\x6e\x96\xab\xab\x5e\xf9\x46\xb3\
\x96\x80\x5c\x54\x3d\x15\xd5\xc9\xac\xf3\x99\xdc\x2c\x79\x32\xd3\
\x99\xea\xcc\x4f\xd2\x78\x4e\xae\xe5\x74\xcc\xbe\xa9\x69\x36\xc1\
\x90\x4c\xc6\xb3\xbe\x62\x9e\xc2\x78\x3a\x9b\x9b\x2f\xe6\x07\x12\
\x08\x3c\xc4\x4e\xbc\xb0\x67\xa1\x34\x52\x43\x48\x54\x48\x19\xac\
\x2b\x50\x3e\x2c\x17\x0d\x4f\x4c\xcf\x18\x9c\x9b\xe5\xd3\x83\x72\
\x5e\xbb\x93\xd9\x24\xaf\x6b\x19\x09\x9d\x93\xc0\x17\x17\x17\x17\
\xcb\x9d\x4e\x3b\xd7\x55\x00\xa7\x87\x75\xe4\x6e\x56\xe5\xc2\x76\
\xa7\xb9\x7c\x57\x16\x65\x63\xbe\x54\x6a\x15\xe6\x0b\xd7\xba\xfd\
\xd1\x96\x9a\xb4\x31\xd7\x38\xb2\x7a\x3b\x5b\x86\xfd\xb2\x5f\xf6\
\xcb\x7e\xd9\x2f\xfb\x65\xbf\xec\x97\xfd\xb2\x5f\xf6\xcb\x7e\xb9\
\xfd\x4a\x4a\xff\x0d\xc1\x05\xdf\x77\x68\xee\x5b\x62\x00\x00\x00\
\x00\x49\x45\x4e\x44\xae\x42\x60\x82\
\x00\x00\x05\x03\
\x89\
\x50\x4e\x47\x0d\x0a\x1a\x0a\x00\x00\x00\x0d\x49\x48\x44\x52\x00\
\x00\x00\x20\x00\x00\x00\x20\x08\x06\x00\x00\x00\x73\x7a\x7a\xf4\
\x00\x00\x00\x01\x73\x52\x47\x42\x00\xae\xce\x1c\xe9\x00\x00\x00\
\x04\x67\x41\x4d\x41\x00\x00\xb1\x8f\x0b\xfc\x61\x05\x00\x00\x00\
\x09\x70\x48\x59\x73\x00\x00\x2e\x23\x00\x00\x2e\x23\x01\x78\xa5\
\x3f\x76\x00\x00\x04\x98\x49\x44\x41\x54\x58\x47\xd5\x97\x7f\x6c\
\x13\x65\x18\xc7\x9f\xf7\xda\x5e\xb7\xb2\x8e\x6e\x6e\x58\xdc\x98\
\x05\xc1\x2d\x61\x61\x73\x64\x99\x2c\x06\xc6\x88\x4e\x04\xd1\x45\
\xb3\x39\xf6\x03\x10\x83\x41\x4c\x06\x26\x46\xc0\x65\x33\x92\x48\
\x14\xa2\xdb\xb2\x98\x31\x37\xcb\x26\xc1\x80\x01\x87\x21\x18\xf0\
\x0f\x7e\x68\x48\xf6\x07\x46\x1c\x06\x50\xd1\x28\xb0\xad\xa5\xeb\
\xda\xae\xbf\xaf\xf7\xbe\x3e\xc7\x5e\x37\x96\xb5\x5d\x3b\x25\xc6\
\x4f\xd2\xdc\xdd\xe7\x2e\xef\xfb\xbd\x7b\x9f\xf7\xbd\x2b\xfc\xd7\
\x10\xbe\xbd\x3f\x98\x99\x01\x54\x2c\x0d\x7b\x49\xb9\x7b\x4c\x21\
\x04\x94\x8c\xe0\xde\x10\x6c\x22\x7e\x45\xfd\xbb\x01\xcc\x2c\x07\
\x3b\x5c\x85\x1d\x15\x61\xcb\x8b\xd1\x18\x14\xad\xa6\x12\x61\x4c\
\x06\x10\x34\x20\x13\x15\x43\xa5\xfc\xba\x61\x83\xb0\xe7\x9f\x07\
\xe8\xa1\xb3\xb0\xb9\x17\x71\x6f\x3d\x01\xb6\x30\xf1\xcf\xef\xb5\
\xe2\xaf\xe7\x13\xc5\x5b\xfd\x5a\x95\xed\x86\xa8\x76\x0d\x61\xff\
\x7e\x3c\x85\x7d\x12\x01\x88\x71\x51\xd0\xbd\x7c\xab\xc3\x91\xf7\
\xc2\x20\x06\xc8\x9f\x79\x80\xa3\x4c\x05\x01\x56\x85\x8f\x74\xbb\
\xe8\xbc\x95\xae\xbf\x68\x4e\xd6\x5e\xfe\x32\x09\x9c\x16\x35\xbf\
\x62\x02\xb5\xc8\x82\xb9\xab\x3d\xbe\xa2\x5a\x97\xd7\xf4\xb8\x1f\
\xa3\xdc\x46\xdb\x8e\x01\x0e\xcf\x2c\x80\x99\x99\xf0\x51\x37\xab\
\xbc\x8e\xbc\xd4\xd3\x7b\x53\xc5\x4b\x47\xf5\x2c\x24\x4d\x6d\x8b\
\x10\x90\xf2\x9f\x1f\x75\x94\xed\x1c\x91\x0c\x99\x77\x80\xb2\x2f\
\x40\x05\xbd\x50\x2b\x5c\xe7\x57\xcc\xa0\x06\xcc\xac\x04\x3b\x6f\
\xd1\xf7\x9f\x7c\x50\xdf\xbb\x2b\x0d\x3c\x23\x2a\x7e\x66\x12\xcc\
\x90\x11\x72\x55\x36\x5b\x3d\xa6\x65\x36\x1c\xa2\x8f\x81\x91\xee\
\xbf\x0b\xef\x5e\xe2\x0b\x70\x90\xae\x23\x84\xed\x7f\xe0\xeb\x3d\
\xe9\xe2\x85\x8e\xbb\x05\x16\x0e\x79\x41\x91\xcf\x56\xdb\x65\x91\
\x13\x0c\x67\x41\x03\xbb\x60\xbd\x60\xe1\xa7\xa6\x10\x7b\x80\x83\
\x74\x25\x01\xda\x61\x3c\xb6\xdd\x48\x2e\x1d\x4f\xe2\x76\x0a\x34\
\x67\xa5\xd7\x5a\xfb\xe9\x10\x25\x9a\x56\xd8\x28\xb4\x70\x1d\x91\
\xd8\x02\xf4\xd0\xf9\xf8\x18\x4f\xa4\x9d\x7a\x27\x4b\xfc\xb6\x73\
\x36\xb7\x53\x90\xe7\xe5\x07\xac\x5b\x8e\x0f\x30\xb5\xd8\x84\x05\
\xf6\x19\xd7\x51\x11\xf8\x36\x32\x4d\x4c\xc0\x79\xbd\x5f\x7f\xe5\
\xe4\x9c\x68\x9d\x83\xce\x40\xed\x35\x9d\x16\xec\xbc\x2b\xd6\xce\
\x15\xa6\x0f\x60\x62\xe5\xaa\xe0\x68\x81\xfe\x44\x43\x1a\x37\x61\
\x71\x3f\xbd\x7b\x58\x4a\x36\x5e\x06\x3f\xf9\x80\xab\x98\x88\x1e\
\x40\xb9\x7b\x15\x6c\x4b\x39\xd7\x6a\x00\xb7\x2d\x6c\xb5\x2b\x30\
\xe3\xa3\xc1\xd1\xc2\x2a\x17\x0e\x53\x03\xbc\x4a\x24\xae\x63\x22\
\x7a\x00\x13\x5b\x26\x48\x7e\x93\xd8\x77\x38\x99\x9b\xb0\x78\x8b\
\x37\x3b\x19\x90\x73\x58\x74\x3f\x72\x15\x33\xd1\x03\xa8\x60\xf5\
\xac\xab\x67\x74\xe0\x73\x46\xbc\x8e\x68\x12\x98\x3b\xaf\xdc\x83\
\x2d\x7d\xce\x55\x5c\x4c\x57\x03\xc5\xe2\xcf\xe7\x13\xf9\x7e\x58\
\xa4\x79\x79\x7e\x59\xd4\xf9\xc1\x0e\xdf\x71\x15\x17\x91\x03\x1c\
\xa1\x89\x38\xa6\x59\x9a\xa1\x9f\xb4\xdc\x84\x25\x34\x77\x71\x10\
\x37\x57\xa1\x5e\x08\x8c\x99\xf8\x98\xbc\x0e\x98\xe9\x1a\x7c\xec\
\xa5\xfc\x48\x87\x01\x9e\xca\x78\x2f\xff\x61\x36\x1a\xb9\x00\x3d\
\x6b\x1a\x6d\xce\x27\xb6\x5c\xc7\x96\xfa\xb8\xb2\xe1\xaf\x15\xea\
\x04\xcf\xd8\x61\x74\x26\x02\x74\xd2\x6c\xa2\x61\xa7\x0c\x7d\xdd\
\xc9\x10\x0a\x8c\x7b\xdd\xe9\x7d\xa9\x4c\x79\x9d\x46\x20\xb4\xe4\
\x19\x8f\x94\xb5\x74\x7c\x8d\xf7\x2d\x2a\xf1\xf9\xd3\xb3\xcd\x58\
\x90\x8d\x5c\x45\x65\xa2\xe1\x1e\x9a\x2b\xc8\xf2\x57\x73\xda\xca\
\x32\x84\xc1\x6b\x22\xb7\xf1\x81\xef\x7b\xe7\xe6\x43\x83\x9e\x47\
\x56\xf4\xc0\x06\xb2\x93\xdb\xa8\x4c\xd4\x40\x9d\x70\x85\x12\xd5\
\x11\x65\x35\x83\xc4\x64\xca\x6d\x5c\xf8\x57\xd5\x8f\x78\x16\x2c\
\xbf\x8d\x2b\x67\x33\x57\xd3\x32\xb9\x08\x75\xa4\x29\x98\x6a\xfa\
\xc1\x5d\xf1\x91\x55\x79\x97\xc7\x43\x28\xbb\xc4\x6b\x2f\x7d\x63\
\x18\x3b\xaf\xc7\xd7\xee\x10\xd7\xd3\x32\x39\x40\x05\x09\x82\x08\
\xdb\x5c\x39\x65\x03\x81\x15\xaf\x39\xb8\x9d\x16\x96\x92\x19\xb2\
\xbf\xd4\x66\xc5\x31\xf8\x10\x5e\x16\x2e\x72\x1d\x13\x53\xa7\x61\
\x95\x70\x13\x67\xc2\x0e\xfb\x93\x6f\x0d\xd3\x85\xc5\x3e\x6e\x23\
\xa3\xd1\x32\x67\x4d\x87\x25\x94\x60\x38\x83\xe3\xde\xce\x6d\xcc\
\x84\x5f\x07\x6a\x84\x0b\x4c\x10\xda\x6c\x55\xed\x56\x36\x7b\x6e\
\x88\xdb\xb0\x78\x9e\x7d\xd7\xe6\x7d\x68\xc9\x2f\xd8\xd2\x9b\x38\
\x6c\xca\xd7\x6e\x5c\x84\x0f\xa0\x50\x47\x5a\x42\xba\xd4\xb3\xce\
\x9a\x03\x16\xe5\xa3\x92\xdb\x49\x48\x85\x15\xa3\xce\xc2\xea\x3b\
\xa0\x26\x5b\xf1\x3b\xcf\xc5\x75\x5c\x44\x0e\xa0\xdc\x0d\x25\x3b\
\xbc\x99\x05\x37\xbc\x6b\x1b\x87\xb9\x1d\x87\x66\xe4\x06\x86\x9f\
\x7b\xdf\x86\xd7\xbd\x0d\xd5\xe4\x1a\xd7\x71\x13\x39\x80\xc2\x26\
\xe2\x00\x19\x5e\x77\x14\x6d\xb4\xc9\x8f\x95\xbb\xb9\x55\x3e\x3e\
\x64\x7b\xcd\x27\x16\xaa\xd6\x1c\xc2\x27\xd5\xcb\xed\x7d\xa4\x9b\
\x56\x0a\x5d\xde\xdf\x8c\x4b\x4b\x03\x19\x99\x99\x2c\x69\xf7\x37\
\x83\xb8\x70\x1d\xc3\xff\x06\x33\x5b\xb0\xee\x21\xf6\xc9\xde\x43\
\xf7\x6a\xed\x7f\x54\x6b\x7f\xef\xd3\xba\x0a\x2a\x6f\x82\xc4\xd6\
\xc1\x2b\xc2\x00\x3f\x3b\x63\x62\x0f\xa0\xdc\xad\x97\x35\xe0\x9e\
\x09\x17\x9b\x7d\x38\xdf\xfb\xc7\x4e\xfc\xaf\x01\xf8\x0b\x56\x4d\
\xa4\x3c\xcc\xbe\x69\x31\x00\x00\x00\x00\x49\x45\x4e\x44\xae\x42\
\x60\x82\
\x00\x00\x05\x03\
\x89\
\x50\x4e\x47\x0d\x0a\x1a\x0a\x00\x00\x00\x0d\x49\x48\x44\x52\x00\
\x00\x00\x20\x00\x00\x00\x20\x08\x06\x00\x00\x00\x73\x7a\x7a\xf4\
\x00\x00\x00\x01\x73\x52\x47\x42\x00\xae\xce\x1c\xe9\x00\x00\x00\
\x04\x67\x41\x4d\x41\x00\x00\xb1\x8f\x0b\xfc\x61\x05\x00\x00\x00\
\x09\x70\x48\x59\x73\x00\x00\x2e\x23\x00\x00\x2e\x23\x01\x78\xa5\
\x3f\x76\x00\x00\x04\x98\x49\x44\x41\x54\x58\x47\xd5\x97\x7f\x6c\
\x13\x65\x18\xc7\x9f\xf7\xda\x5e\xb7\xb2\x8e\x6e\x6e\x58\xdc\x98\
\x05\xc1\x2d\x61\x61\x73\x64\x99\x2c\x06\xc6\x88\x4e\x04\xd1\x45\
\xb3\x39\xf6\x03\x10\x83\x41\x4c\x06\x26\x46\xc0\x65\x33\x92\x48\
\x14\xa2\xdb\xb2\x98\x31\x37\xcb\x26\xc1\x80\x01\x87\x21\x18\xf0\
\x0f\x7e\x68\x48\xf6\x07\x46\x1c\x06\x50\xd1\x28\xb0\xad\xa5\xeb\
\xda\xae\xbf\xaf\xf7\xbe\x3e\xc7\x5e\x37\x96\xb5\x5d\x3b\x25\xc6\
\x4f\xd2\xdc\xdd\xe7\x2e\xef\xfb\xbd\x7b\x9f\xf7\xbd\x2b\xfc\xd7\
\x10\xbe\xbd\x3f\x98\x99\x01\x54\x2c\x0d\x7b\x49\xb9\x7b\x4c\x21\
\x04\x94\x8c\xe0\xde\x10\x6c\x22\x7e\x45\xfd\xbb\x01\xcc\x2c\x07\
\x3b\x5c\x85\x1d\x15\x61\xcb\x8b\xd1\x18\x14\xad\xa6\x12\x61\x4c\
\x06\x10\x34\x20\x13\x15\x43\xa5\xfc\xba\x61\x83\xb0\xe7\x9f\x07\
\xe8\xa1\xb3\xb0\xb9\x17\x71\x6f\x3d\x01\xb6\x30\xf1\xcf\xef\xb5\
\xe2\xaf\xe7\x13\xc5\x5b\xfd\x5a\x95\xed\x86\xa8\x76\x0d\x61\xff\
\x7e\x3c\x85\x7d\x12\x01\x88\x71\x51\xd0\xbd\x7c\xab\xc3\x91\xf7\
\xc2\x20\x06\xc8\x9f\x79\x80\xa3\x4c\x05\x01\x56\x85\x8f\x74\xbb\
\xe8\xbc\x95\xae\xbf\x68\x4e\xd6\x5e\xfe\x32\x09\x9c\x16\x35\xbf\
\x62\x02\xb5\xc8\x82\xb9\xab\x3d\xbe\xa2\x5a\x97\xd7\xf4\xb8\x1f\
\xa3\xdc\x46\xdb\x8e\x01\x0e\xcf\x2c\x80\x99\x99\xf0\x51\x37\xab\
\xbc\x8e\xbc\xd4\xd3\x7b\x53\xc5\x4b\x47\xf5\x2c\x24\x4d\x6d\x8b\
\x10\x90\xf2\x9f\x1f\x75\x94\xed\x1c\x91\x0c\x99\x77\x80\xb2\x2f\
\x40\x05\xbd\x50\x2b\x5c\xe7\x57\xcc\xa0\x06\xcc\xac\x04\x3b\x6f\
\xd1\xf7\x9f\x7c\x50\xdf\xbb\x2b\x0d\x3c\x23\x2a\x7e\x66\x12\xcc\
\x90\x11\x72\x55\x36\x5b\x3d\xa6\x65\x36\x1c\xa2\x8f\x81\x91\xee\
\xbf\x0b\xef\x5e\xe2\x0b\x70\x90\xae\x23\x84\xed\x7f\xe0\xeb\x3d\
\xe9\xe2\x85\x8e\xbb\x05\x16\x0e\x79\x41\x91\xcf\x56\xdb\x65\x91\
\x13\x0c\x67\x41\x03\xbb\x60\xbd\x60\xe1\xa7\xa6\x10\x7b\x80\x83\
\x74\x25\x01\xda\x61\x3c\xb6\xdd\x48\x2e\x1d\x4f\xe2\x76\x0a\x34\
\x67\xa5\xd7\x5a\xfb\xe9\x10\x25\x9a\x56\xd8\x28\xb4\x70\x1d\x91\
\xd8\x02\xf4\xd0\xf9\xf8\x18\x4f\xa4\x9d\x7a\x27\x4b\xfc\xb6\x73\
\x36\xb7\x53\x90\xe7\xe5\x07\xac\x5b\x8e\x0f\x30\xb5\xd8\x84\x05\
\xf6\x19\xd7\x51\x11\xf8\x36\x32\x4d\x4c\xc0\x79\xbd\x5f\x7f\xe5\
\xe4\x9c\x68\x9d\x83\xce\x40\xed\x35\x9d\x16\xec\xbc\x2b\xd6\xce\
\x15\xa6\x0f\x60\x62\xe5\xaa\xe0\x68\x81\xfe\x44\x43\x1a\x37\x61\
\x71\x3f\xbd\x7b\x58\x4a\x36\x5e\x06\x3f\xf9\x80\xab\x98\x88\x1e\
\x40\xb9\x7b\x15\x6c\x4b\x39\xd7\x6a\x00\xb7\x2d\x6c\xb5\x2b\x30\
\xe3\xa3\xc1\xd1\xc2\x2a\x17\x0e\x53\x03\xbc\x4a\x24\xae\x63\x22\
\x7a\x00\x13\x5b\x26\x48\x7e\x93\xd8\x77\x38\x99\x9b\xb0\x78\x8b\
\x37\x3b\x19\x90\x73\x58\x74\x3f\x72\x15\x33\xd1\x03\xa8\x60\xf5\
\xac\xab\x67\x74\xe0\x73\x46\xbc\x8e\x68\x12\x98\x3b\xaf\xdc\x83\
\x2d\x7d\xce\x55\x5c\x4c\x57\x03\xc5\xe2\xcf\xe7\x13\xf9\x7e\x58\
\xa4\x79\x79\x7e\x59\xd4\xf9\xc1\x0e\xdf\x71\x15\x17\x91\x03\x1c\
\xa1\x89\x38\xa6\x59\x9a\xa1\x9f\xb4\xdc\x84\x25\x34\x77\x71\x10\
\x37\x57\xa1\x5e\x08\x8c\x99\xf8\x98\xbc\x0e\x98\xe9\x1a\x7c\xec\
\xa5\xfc\x48\x87\x01\x9e\xca\x78\x2f\xff\x61\x36\x1a\xb9\x00\x3d\
\x6b\x1a\x6d\xce\x27\xb6\x5c\xc7\x96\xfa\xb8\xb2\xe1\xaf\x15\xea\
\x04\xcf\xd8\x61\x74\x26\x02\x74\xd2\x6c\xa2\x61\xa7\x0c\x7d\xdd\
\xc9\x10\x0a\x8c\x7b\xdd\xe9\x7d\xa9\x4c\x79\x9d\x46\x20\xb4\xe4\
\x19\x8f\x94\xb5\x74\x7c\x8d\xf7\x2d\x2a\xf1\xf9\xd3\xb3\xcd\x58\
\x90\x8d\x5c\x45\x65\xa2\xe1\x1e\x9a\x2b\xc8\xf2\x57\x73\xda\xca\
\x32\x84\xc1\x6b\x22\xb7\xf1\x81\xef\x7b\xe7\xe6\x43\x83\x9e\x47\
\x56\xf4\xc0\x06\xb2\x93\xdb\xa8\x4c\xd4\x40\x9d\x70\x85\x12\xd5\
\x11\x65\x35\x83\xc4\x64\xca\x6d\x5c\xf8\x57\xd5\x8f\x78\x16\x2c\
\xbf\x8d\x2b\x67\x33\x57\xd3\x32\xb9\x08\x75\xa4\x29\x98\x6a\xfa\
\xc1\x5d\xf1\x91\x55\x79\x97\xc7\x43\x28\xbb\xc4\x6b\x2f\x7d\x63\
\x18\x3b\xaf\xc7\xd7\xee\x10\xd7\xd3\x32\x39\x40\x05\x09\x82\x08\
\xdb\x5c\x39\x65\x03\x81\x15\xaf\x39\xb8\x9d\x16\x96\x92\x19\xb2\
\xbf\xd4\x66\xc5\x31\xf8\x10\x5e\x16\x2e\x72\x1d\x13\x53\xa7\x61\
\x95\x70\x13\x67\xc2\x0e\xfb\x93\x6f\x0d\xd3\x85\xc5\x3e\x6e\x23\
\xa3\xd1\x32\x67\x4d\x87\x25\x94\x60\x38\x83\xe3\xde\xce\x6d\xcc\
\x84\x5f\x07\x6a\x84\x0b\x4c\x10\xda\x6c\x55\xed\x56\x36\x7b\x6e\
\x88\xdb\xb0\x78\x9e\x7d\xd7\xe6\x7d\x68\xc9\x2f\xd8\xd2\x9b\x38\
\x6c\xca\xd7\x6e\x5c\x84\x0f\xa0\x50\x47\x5a\x42\xba\xd4\xb3\xce\
\x9a\x03\x16\xe5\xa3\x92\xdb\x49\x48\x85\x15\xa3\xce\xc2\xea\x3b\
\xa0\x26\x5b\xf1\x3b\xcf\xc5\x75\x5c\x44\x0e\xa0\xdc\x0d\x25\x3b\
\xbc\x99\x05\x37\xbc\x6b\x1b\x87\xb9\x1d\x87\x66\xe4\x06\x86\x9f\
\x7b\xdf\x86\xd7\xbd\x0d\xd5\xe4\x1a\xd7\x71\x13\x39\x80\xc2\x26\
\xe2\x00\x19\x5e\x77\x14\x6d\xb4\xc9\x8f\x95\xbb\xb9\x55\x3e\x3e\
\x64\x7b\xcd\x27\x16\xaa\xd6\x1c\xc2\x27\xd5\xcb\xed\x7d\xa4\x9b\
\x56\x0a\x5d\xde\xdf\x8c\x4b\x4b\x03\x19\x99\x99\x2c\x69\xf7\x37\
\x83\xb8\x70\x1d\xc3\xff\x06\x33\x5b\xb0\xee\x21\xf6\xc9\xde\x43\
\xf7\x6a\xed\x7f\x54\x6b\x7f\xef\xd3\xba\x0a\x2a\x6f\x82\xc4\xd6\
\xc1\x2b\xc2\x00\x3f\x3b\x63\x62\x0f\xa0\xdc\xad\x97\x35\xe0\x9e\
\x09\x17\x9b\x7d\x38\xdf\xfb\xc7\x4e\xfc\xaf\x01\xf8\x0b\x56\x4d\
\xa4\x3c\xcc\xbe\x69\x31\x00\x00\x00\x00\x49\x45\x4e\x44\xae\x42\
\x60\x82\
\x00\x00\x05\x0b\
\x89\
\x50\x4e\x47\x0d\x0a\x1a\x0a\x00\x00\x00\x0d\x49\x48\x44\x52\x00\
\x00\x00\x20\x00\x00\x00\x20\x08\x06\x00\x00\x00\x73\x7a\x7a\xf4\
\x00\x00\x00\x01\x73\x52\x47\x42\x00\xae\xce\x1c\xe9\x00\x00\x00\
\x04\x67\x41\x4d\x41\x00\x00\xb1\x8f\x0b\xfc\x61\x05\x00\x00\x00\
\x09\x70\x48\x59\x73\x00\x00\x2e\x23\x00\x00\x2e\x23\x01\x78\xa5\
\x3f\x76\x00\x00\x04\xa0\x49\x44\x41\x54\x58\x47\xed\x96\x7d\x4c\
\x5b\x55\x14\xc0\xdf\x7d\x2d\x2d\xaf\x48\xe9\x43\x46\x4b\xa1\x8c\
\xaf\xc9\x12\x98\x6b\xd8\x57\xb7\x64\x8c\xb9\x3f\x96\x69\x9c\xe2\
\x9c\x66\x6e\x06\x37\x18\x1b\xd1\x64\x43\x13\xe3\xe2\x22\xb2\xc5\
\x98\xb8\xc5\x0c\x62\x84\x95\x0d\x52\xa3\x26\x53\x33\x17\x9d\x5f\
\x4b\x0c\x59\xb6\x2c\x21\x51\x12\x05\xe7\x2a\x30\xe8\x56\xba\xd2\
\x76\x0c\x5a\x46\x1f\xed\xeb\xbb\x9e\xf7\xde\xb5\x13\xa1\x80\x76\
\xf5\x1f\xfd\x25\xcd\xed\x3d\xe7\xe6\x9e\xf3\xce\xd7\x7b\xd4\xff\
\xdc\x2f\x84\x3d\x7b\x8a\x85\xfd\xfb\x4b\xc9\x76\xc1\x20\xb2\xc6\
\x85\xb0\x77\xef\x63\x98\xa2\x9a\x05\xb8\x4f\x41\x51\x67\x90\xd1\
\xd8\x80\x1a\x1b\x43\x44\x3d\x27\x34\x59\xe3\xe5\x11\x9b\xd3\xa9\
\xdd\x7c\xe9\x52\xf6\x50\x30\xb8\x13\xbb\x5c\x9f\x09\x75\x75\x26\
\xa2\x9b\x93\xfb\xe5\x00\x35\x15\x89\xa0\x6b\x7e\xbf\xea\xd1\xcb\
\x97\xb3\xbf\xf3\xf9\x56\x51\x3c\x7f\x4e\xa8\xad\x2d\x27\xea\x98\
\xc4\xed\x80\x50\x5f\xcf\xc0\xa2\x91\x77\x14\xe5\x0f\x85\xe8\x9a\
\xae\x2e\xc3\xdb\x7d\x7d\x05\x82\x20\xb4\x0b\x35\x35\x07\x31\xc6\
\x31\x53\xfd\xb7\x6b\x00\x37\x34\xd0\xd8\xe9\x5c\x4b\x29\x14\x5b\
\x28\x8c\xd7\x81\x28\x17\x7e\xe8\xa4\xc3\x91\x76\xb4\xb7\xf7\x41\
\xe9\x10\x61\x5d\x66\x66\xb0\xd5\x6c\xf6\xa4\x27\x25\x75\xa2\x50\
\xa8\x1e\xd9\x6c\x63\x44\x15\x65\xc1\x0e\x48\x86\x5d\xae\x4a\xf8\
\xfb\x22\x27\x08\x79\x17\xbc\x5e\xcd\x45\x8f\x87\xf9\x25\x10\x50\
\xbb\x83\x41\xe5\x44\x38\x4c\x73\x90\x06\xf9\xf4\x3d\xb2\x18\x86\
\x3f\xb9\x72\xe5\x48\x99\x56\x3b\x00\xdb\x97\xe8\xb6\xb6\x1e\x59\
\x23\xb3\x20\x07\x20\x8c\xf9\x14\x42\xc7\x03\x91\x48\x59\xf3\xf5\
\xeb\xba\x8f\x87\x86\xb4\xe3\x10\x6a\xa2\x9e\x17\x95\x42\x81\xdf\
\x28\x29\xb9\xfd\x82\xc9\xe4\x83\x7b\xde\xa4\xad\xd6\x33\x44\x35\
\xbf\x03\xd0\x62\x1b\x61\x69\x3a\xef\xf1\x64\x1e\xee\xe9\xc9\xf0\
\x71\x1c\x74\xda\x3f\xa3\xd2\x64\x9a\x38\x56\x5a\xea\x4d\xa6\xe9\
\x68\xab\xce\x79\x19\x18\xdf\x0a\xbd\xfd\x5e\xa3\xdd\x6e\x3c\x02\
\xf9\x9d\xe4\xf9\xb8\x8a\x56\xec\x92\x0b\x1e\x4f\xca\x06\xbd\xbe\
\x20\x2d\x18\xd4\x36\x76\x77\x77\xc6\xbc\x10\x57\x57\x57\xc0\x70\
\x39\x7e\xb0\xb7\xd7\x70\xaa\xbf\x3f\x8d\x88\xe3\xe6\xb7\x40\x40\
\xd5\x35\x3a\xaa\x86\x02\xce\x13\xf7\xb3\x3a\x80\xf7\xed\xcb\xc3\
\x34\xdd\x74\xd4\x6e\x5f\x74\xd6\xe1\x78\x80\x88\xe3\x46\xa7\x52\
\x45\x3a\x56\xaf\x76\x3f\x6b\x34\xde\x84\x5a\x38\x26\xca\x66\x38\
\x80\xb7\x6f\x57\x60\x41\x38\x71\x7e\x64\x44\x6f\xed\xef\xd7\x11\
\x71\xdc\x94\xb2\xec\xd4\x37\xe5\xe5\xc3\x9b\x32\x32\xae\xe0\x48\
\x64\xeb\x1f\xdd\x30\xd3\x01\x96\xdd\x31\xc6\xf3\xcb\x0f\x41\xc1\
\x11\x51\xdc\x3c\x93\x9b\x1b\xf8\xd2\x62\x71\x99\xd4\x6a\x1b\x1a\
\x1b\xdb\x41\xb7\xb7\xbb\x88\x6a\x7a\x17\x08\xbb\x76\xa5\x20\x86\
\xb9\xf8\xea\xd5\xab\x4b\x3e\x1a\x1c\xd4\x12\xf1\xac\x24\x43\x6b\
\x2d\x67\x59\xae\x44\xab\x0d\xe5\x30\x4c\xf8\x87\xf1\x71\xe6\x6b\
\xa7\x33\x85\xa8\x25\xd4\x70\xe6\xc8\xb2\x65\xbe\x9d\xd9\xd9\x5e\
\x84\xd0\xeb\xc8\x6a\x3d\x47\x54\x51\x94\x64\x95\x61\x98\xa7\x9d\
\x53\x53\x8b\x3e\xb9\x71\x23\x95\x48\x66\xf0\x10\x18\xac\x2e\x28\
\x18\xaf\xcc\xca\xba\xab\x41\x88\x83\x5c\xfe\x0a\xe2\x4c\xec\x70\
\x2c\xfd\xb3\x03\x39\x1a\x0d\x6f\x85\x01\xf4\x70\x6a\x6a\x1f\x18\
\xaf\x03\xe3\xd7\x88\x6a\x1a\x7f\x4d\xc1\x73\x1d\x30\x64\xc2\xb3\
\x4c\x34\x9d\x5a\x2d\xbc\x63\x36\x7b\xbf\x5f\xbf\xfe\x26\x3c\xd1\
\x17\x1a\x85\xa2\x06\x1c\x36\x43\x2e\x9f\x02\x75\x97\x7c\x4a\xa6\
\x42\xaf\x9f\xfc\xb6\xbc\xdc\x09\xc6\xbf\xa2\x92\x93\x9f\x88\x65\
\x5c\x24\x1a\x01\x5c\x5b\xbb\x54\xc0\xb8\xe8\xf3\xe1\xe1\x19\x55\
\x6f\x86\x02\x3a\x05\x4f\x63\x50\xa9\x7e\xa2\x94\xca\xc3\x74\x4b\
\xcb\xcf\x44\x35\x0d\x1a\x21\xea\x40\x71\xf1\x9d\x97\x0b\x0b\x6f\
\xc3\x13\xbc\x8b\xda\xda\x5a\x61\x85\x6e\x8e\x4d\x34\x02\x70\x6a\
\x53\xb7\xdf\xaf\x1e\x81\xb9\x4e\x44\x12\x1b\x0d\x86\xc9\xb3\x50\
\x40\x60\xdc\x0a\xa1\xdc\x16\xc3\xb8\xaf\x22\x23\x23\xf8\xa1\xc5\
\x72\xeb\x95\xc2\xc2\x01\x30\x5a\x05\x91\x69\x99\xcf\xb8\xc8\xbd\
\x14\x08\xc2\x1a\xf1\xe5\x42\x76\x12\x6b\xe0\xd2\xf6\xb2\x32\xb7\
\x8a\xa6\x1b\xe0\xc2\xb7\x20\x94\x61\xa2\x9a\x4e\x30\xd8\x5c\x9c\
\x92\xd2\xb1\x21\x3d\xfd\x03\x94\x94\xf4\x38\x9c\xbd\x42\x34\x0b\
\x07\xc6\xee\x8f\x55\x2b\x56\x4c\x18\x8d\x46\x2c\xfe\x56\x15\x15\
\x85\x47\x77\xef\x1e\x04\xf9\x01\x72\x24\x21\x48\x11\xc0\x55\x55\
\xe2\xc0\xd1\x0d\x4c\x4c\xa8\xc4\xbd\x58\x81\x27\xe0\x3d\xae\x53\
\x2a\x3b\xe1\x69\x9a\x44\x59\xa2\x90\x1d\x50\x2a\xa5\xa1\xe3\xe6\
\x38\x29\xff\x4f\x9a\x4c\x81\xb5\x2c\xeb\x83\xb4\x1c\x12\xf7\x89\
\x44\xae\x01\x9a\x66\xc3\x50\x61\x1c\xcf\x23\xc8\x37\x7e\x0d\x2a\
\x19\xa4\xef\xd3\xa7\x4f\x8f\x48\xfa\x04\x12\x2d\xc2\x08\xc6\x52\
\xc9\x6e\x31\x1a\xef\xe6\xa8\xd5\x5e\xf8\x84\xb2\xc9\x9a\xc4\x22\
\x3b\x10\x89\xf0\x49\xd0\xc3\xe2\xe6\xf9\xc5\x8b\xfd\xf0\x11\xf9\
\x29\x7c\xbf\x71\x92\x2e\xc1\x48\x0e\x40\xeb\xdc\x51\x80\xd5\x25\
\x2c\x1b\xb2\xe8\x74\x1c\x0c\x9b\x19\x33\x3b\x51\xc8\x11\xe0\x38\
\x37\x7c\x20\xe0\xba\xfc\x7c\xf1\xab\x75\x98\x6e\x6d\xb5\x4b\xf2\
\x7f\x01\x39\x02\x62\xb8\x11\xb2\x6d\x33\x18\x6e\xc1\xb6\x55\x94\
\xfd\x47\xa0\xa8\xdf\x01\xa4\x36\xc2\xd1\x23\xe5\x2e\x98\x00\x00\
\x00\x00\x49\x45\x4e\x44\xae\x42\x60\x82\
\x00\x00\x04\xd7\
\x89\
\x50\x4e\x47\x0d\x0a\x1a\x0a\x00\x00\x00\x0d\x49\x48\x44\x52\x00\
\x00\x00\x20\x00\x00\x00\x20\x08\x06\x00\x00\x00\x73\x7a\x7a\xf4\
\x00\x00\x00\x01\x73\x52\x47\x42\x00\xae\xce\x1c\xe9\x00\x00\x00\
\x04\x67\x41\x4d\x41\x00\x00\xb1\x8f\x0b\xfc\x61\x05\x00\x00\x00\
\x09\x70\x48\x59\x73\x00\x00\x2e\x23\x00\x00\x2e\x23\x01\x78\xa5\
\x3f\x76\x00\x00\x04\x6c\x49\x44\x41\x54\x58\x47\xed\x96\x5b\x6c\
\x14\x55\x18\xc7\xff\x67\x66\x67\xbb\xb7\xee\xa5\x6d\xca\x1a\x24\
\x8d\x42\x28\x5a\xda\x4a\x4a\xa3\xc4\xc4\x0b\x06\x62\xd5\x0a\x31\
\x69\x55\x12\xc5\xcb\x83\x42\x42\x4a\x69\x78\x32\xe8\x83\xc4\x27\
\x22\x2d\xf1\x01\x4d\x6c\x44\xa2\x89\x3c\x6a\x0d\x56\x4c\x88\x0f\
\x25\x20\x34\xd8\x2e\x68\x4c\x94\x56\x22\x0a\xdb\xd6\x6d\x77\xb7\
\x7b\x99\xcb\x19\xbf\x99\x3d\xd9\xb2\xbd\x40\x71\xbb\xf5\xc5\x5f\
\xb2\x7b\x66\xbe\xff\xec\x9c\xff\x9c\xef\x7c\xdf\x2c\xfe\x67\xa9\
\x68\xe8\xc6\xfa\x86\xc3\x78\x50\x9c\x2e\x1a\x26\xc6\xa2\x68\xec\
\x41\x3b\x4c\xf6\x05\x7d\xc0\xc1\x3f\xf6\x72\xec\x39\xdb\x85\xb4\
\x90\x6f\x89\x24\xc6\xa2\xe0\x1c\xad\xfa\xe5\x00\xe2\xc7\xab\xc1\
\x12\xce\xd7\xa7\x25\x0c\xd4\xf5\x60\xb5\x90\x6f\xc9\x92\x18\xb0\
\x30\x75\x20\x7b\x5d\x42\xec\x58\x15\x70\xb5\x7c\x83\x6c\xe2\x7c\
\xfd\x61\xb4\x08\x79\x41\x8a\x36\x70\xff\x07\xf0\xd1\xe0\xcd\x9d\
\x01\x06\x2d\xfc\xc4\x89\x72\xa8\x67\x2b\x42\x0c\xac\xaf\xe1\x7d\
\x1c\xc4\x3b\x0b\xcf\x73\xe7\x7b\x80\x6e\x56\x1f\xc0\x66\xc6\xd0\
\x46\x29\xdf\xca\x4c\xd4\xd0\x5d\x98\x3e\x14\xc4\x64\xbf\x47\x5c\
\x94\xc3\xb3\x86\xc3\xfb\xf4\x04\x4c\xa7\x76\x4a\xe7\x78\xe1\xa7\
\x2e\xfc\x2d\xa4\x3c\x8b\x36\xd0\x76\x02\xf2\x2f\xd7\xb0\x93\x7e\
\xf1\x16\x33\xa4\x7b\xf5\x51\x0f\xd4\x11\x27\x8c\x1b\x4e\xe8\x71\
\x09\x3c\x4b\x7b\x41\x15\x17\xdf\x84\x23\x68\x22\xb0\x7d\x12\xa8\
\x4e\x8f\x9a\x1c\x6d\x97\xf6\xe1\x82\x90\x6c\x16\x65\x80\x72\x59\
\x4b\xc3\x71\xa6\xcb\xcd\xda\x85\x20\x92\x83\x65\x30\x52\x39\x6d\
\x31\x48\x0e\x20\xb0\x75\x1a\x72\xdd\x54\x96\x26\xec\x18\xea\xc4\
\x87\x42\xba\xbd\x81\x86\x1e\xb4\xc2\xc4\x67\xc6\x15\x5f\x79\xa2\
\xdf\x0f\x3d\x21\x84\x7f\x81\xef\x01\x0d\xee\x27\x26\xc0\x19\xef\
\x4d\xcb\xd8\xfd\x6b\x07\xb2\xb2\xd0\xe6\xa5\xbe\x1b\x3b\x18\xd5\
\xb7\x3a\x50\xe9\x9a\xea\xf7\xce\xbb\xc4\x77\x82\x7a\x5d\x86\x3e\
\xe2\x81\x7b\xb5\xb6\xc1\xe1\x34\x2a\xa3\xdf\xe0\xeb\x05\x77\xa7\
\xf5\xe4\x34\xf9\xa7\xda\x77\x2b\xe4\xf8\x99\x32\x11\x2d\x1e\x2d\
\x2a\x43\xfb\x53\xa1\xba\xc5\x3a\xeb\x7c\x5e\x03\x0d\x87\xb0\xd6\
\x5a\xf6\xec\x99\x90\x3c\x75\x71\xc9\x5a\x05\x64\x2a\x92\x50\xfb\
\x24\xe4\xda\xe4\x38\xcd\xbc\xdf\x8a\xcd\xb9\xfb\xa3\xa7\xe1\x80\
\x8c\xcf\xb9\x95\xf3\x01\x97\x88\x16\x4f\xd9\x4a\x8e\xd0\x2b\xe3\
\x60\xab\xa6\x7f\x90\x4c\x34\x47\x3a\x30\x68\xc5\xe7\x18\x88\x0d\
\x63\x17\x54\xb9\x29\x7e\xd2\x2f\x22\xc5\xe3\x6b\xca\xc2\xff\x62\
\x94\x0e\xd4\x8f\xd2\x12\x1e\xa1\x2a\x18\x15\x52\x61\x15\x58\x5d\
\x4d\xd6\x31\xa2\x9e\xae\xaa\x4a\x9c\x77\x8a\xe8\xfc\x48\x0a\x83\
\xf3\x6e\x0d\xf2\x0a\x15\xb2\xdf\x00\xff\xcb\x8d\x64\x84\xea\xed\
\x26\x24\x4a\x75\xe0\x49\x2a\xbf\x75\x53\x19\x13\xd8\x15\xe9\xc4\
\x27\x42\xca\x53\x50\x05\xe1\x2d\xd8\xcd\x52\xce\xe7\xe2\x7d\x7e\
\x50\xd3\x98\x97\xb2\x30\x47\xf9\xe3\x49\xf8\x5a\x62\x70\xae\x4f\
\x66\x95\x9a\xcc\x90\x1c\x56\x0d\xa4\x94\x40\xe6\x37\x9a\x51\xa0\
\x54\x98\x08\x3d\x3f\x09\xa9\x26\x79\xc5\xe0\xd8\x42\x0d\xa8\x5f\
\x48\x05\xcc\xa4\xc0\x04\xa3\xf6\xfa\xa6\xfa\xa3\x0f\x5c\x27\xbf\
\xb3\x70\x50\xb7\x0f\xb6\x26\x50\xfe\xd2\x0d\xd3\x71\x5f\xe2\x24\
\x97\x8d\x6d\x8a\x07\x15\xc3\x9d\xd8\x48\x57\x7f\x2f\x2e\xb3\x71\
\xaf\xd5\x10\x7c\x79\x0c\x66\x65\xba\x8f\x5a\x75\xd3\xe5\x2e\x0c\
\x09\x69\x0e\x79\x03\x8d\xdd\x68\xa4\x8c\xd4\xa6\x2f\xcd\xdd\x78\
\xae\x55\x06\x82\xaf\x8e\xd1\x52\x26\x2e\x92\xd3\x4d\xc3\x7b\xf1\
\x14\x2d\xe7\x97\x83\x6f\xa0\xa0\x1f\xd2\x03\x20\xf0\x58\x1a\xde\
\xed\x63\x9c\x2b\xfa\x81\xc8\x5e\x3c\x4b\xf9\xa6\x3e\xbc\x30\x79\
\x03\xf4\x62\x69\x35\xa3\x2e\x68\x53\x22\x20\xf0\xd6\x72\xf8\xda\
\xa3\x30\x3d\xda\x11\xda\x40\x9b\xe8\x89\xcf\x09\x29\x0f\xcd\x3b\
\xe1\xa8\xc9\x20\xb4\x23\x06\x47\x73\x6c\x8c\x71\xb4\x90\xc1\x83\
\x24\xcc\x5d\xca\x59\xcc\x18\x00\x36\x6b\xbf\x17\x36\x1c\xd7\x3d\
\x3a\x3c\xad\x51\x93\xcb\xe6\x1e\x7a\x9a\x0e\xab\x75\x0a\xa9\x80\
\xac\x8a\x03\x66\x20\x73\x94\xad\x4c\xf7\x1a\x0c\x1b\x87\xf6\xe1\
\x5b\x21\xdd\x96\x7c\x15\x50\xdb\x8d\xa5\xbf\xaa\x0e\xa6\x7e\xce\
\xed\x64\x25\x44\x6f\xb1\x9d\x94\x47\x45\x7f\x97\x9e\xe6\x6d\x3b\
\x58\x02\xec\x15\x68\x3a\x84\x2a\x72\x12\xd4\xc7\x45\x51\xd0\x89\
\xff\x19\xca\x85\xa2\x9f\x2a\xe5\xe4\x16\xb6\x01\x95\xe1\x2e\x6b\
\xe4\xf1\x9c\x01\x5f\xa3\x06\x16\x4e\x25\x4c\x09\xaf\xd9\x81\x12\
\x92\xdb\x03\x0a\x82\x92\x29\xc3\xd0\xa8\x16\x29\x03\xae\x87\x69\
\xe3\x32\xbc\x47\xed\xf2\x0f\x5b\x2f\x21\x33\x9b\xd0\xda\xaf\xf4\
\xf1\xd4\xd1\x3b\xd7\xa3\xc5\x14\x37\x8e\xe4\x94\xd2\x62\x1b\xa0\
\xb2\x31\x99\x75\x44\xb9\x77\x35\xa6\x2c\x1f\xbd\xb3\x6b\xbc\x54\
\xe4\x56\x40\x46\x94\xc3\x80\x3b\xcc\x20\x85\xe9\x6f\x2d\xc7\x31\
\x3b\xbe\x0c\xe4\x0c\x64\x70\x8d\xbe\xb9\xeb\xa1\x38\xa5\xc2\xbc\
\x1a\xe9\x42\xc4\x8e\x2f\x03\xb6\x81\xe1\xfd\x98\xa6\x75\x3f\x2a\
\xad\x89\xab\xd4\x11\xbb\x6d\xe5\xbf\xc0\xfa\xeb\x2d\x0e\x97\x09\
\xe0\x1f\xec\x2b\x88\xc0\x9b\x54\x7d\xe5\x00\x00\x00\x00\x49\x45\
\x4e\x44\xae\x42\x60\x82\
"

qt_resource_name = b"\
\x00\x07\
\x07\x3b\xe0\xb3\
\x00\x70\
\x00\x6c\x00\x75\x00\x67\x00\x69\x00\x6e\x00\x73\
\x00\x0f\
\x0b\xf8\x29\x44\
\x00\x70\
\x00\x6f\x00\x77\x00\x65\x00\x72\x00\x5f\x00\x63\x00\x6c\x00\x69\x00\x70\x00\x62\x00\x6f\x00\x61\x00\x72\x00\x64\
\x00\x05\
\x00\x6f\xa6\x53\
\x00\x69\
\x00\x63\x00\x6f\x00\x6e\x00\x73\
\x00\x08\
\x0a\x61\x5a\xa7\
\x00\x69\
\x00\x63\x00\x6f\x00\x6e\x00\x2e\x00\x70\x00\x6e\x00\x67\
\x00\x0a\
\x02\xcc\x7b\x87\
\x00\x7a\
\x00\x6f\x00\x6f\x00\x6d\x00\x58\x00\x59\x00\x2e\x00\x70\x00\x6e\x00\x67\
\x00\x0a\
\x02\xfb\x7b\x87\
\x00\x7a\
\x00\x6f\x00\x6f\x00\x6d\x00\x59\x00\x58\x00\x2e\x00\x70\x00\x6e\x00\x67\
\x00\x0a\
\x0e\xd9\x1b\xa7\
\x00\x63\
\x00\x6f\x00\x70\x00\x79\x00\x58\x00\x59\x00\x2e\x00\x70\x00\x6e\x00\x67\
\x00\x0a\
\x0e\xe6\x1b\xa7\
\x00\x63\
\x00\x6f\x00\x70\x00\x79\x00\x59\x00\x58\x00\x2e\x00\x70\x00\x6e\x00\x67\
"

qt_resource_struct_v1 = b"\
\x00\x00\x00\x00\x00\x02\x00\x00\x00\x01\x00\x00\x00\x01\
\x00\x00\x00\x00\x00\x02\x00\x00\x00\x01\x00\x00\x00\x02\
\x00\x00\x00\x14\x00\x02\x00\x00\x00\x02\x00\x00\x00\x03\
\x00\x00\x00\x38\x00\x02\x00\x00\x00\x04\x00\x00\x00\x05\
\x00\x00\x00\x48\x00\x00\x00\x00\x00\x01\x00\x00\x00\x00\
\x00\x00\x00\x5e\x00\x00\x00\x00\x00\x01\x00\x00\xef\x4e\
\x00\x00\x00\x78\x00\x00\x00\x00\x00\x01\x00\x00\xf4\x55\
\x00\x00\x00\x92\x00\x00\x00\x00\x00\x01\x00\x00\xf9\x5c\
\x00\x00\x00\xac\x00\x00\x00\x00\x00\x01\x00\x00\xfe\x6b\
"

qt_resource_struct_v2 = b"\
\x00\x00\x00\x00\x00\x02\x00\x00\x00\x01\x00\x00\x00\x01\
\x00\x00\x00\x00\x00\x00\x00\x00\
\x00\x00\x00\x00\x00\x02\x00\x00\x00\x01\x00\x00\x00\x02\
\x00\x00\x00\x00\x00\x00\x00\x00\
\x00\x00\x00\x14\x00\x02\x00\x00\x00\x02\x00\x00\x00\x03\
\x00\x00\x00\x00\x00\x00\x00\x00\
\x00\x00\x00\x38\x00\x02\x00\x00\x00\x04\x00\x00\x00\x05\
\x00\x00\x00\x00\x00\x00\x00\x00\
\x00\x00\x00\x48\x00\x00\x00\x00\x00\x01\x00\x00\x00\x00\
\x00\x00\x01\x9b\xdb\x93\xea\xf1\
\x00\x00\x00\x5e\x00\x00\x00\x00\x00\x01\x00\x00\xef\x4e\
\x00\x00\x01\x92\x77\x89\x2c\x4c\
\x00\x00\x00\x78\x00\x00\x00\x00\x00\x01\x00\x00\xf4\x55\
\x00\x00\x01\x92\x77\x89\x2c\x4c\
\x00\x00\x00\x92\x00\x00\x00\x00\x00\x01\x00\x00\xf9\x5c\
\x00\x00\x01\x92\x77\x89\x2c\x3e\
\x00\x00\x00\xac\x00\x00\x00\x00\x00\x01\x00\x00\xfe\x6b\
\x00\x00\x01\x92\x77\x89\x2c\x4b\
"

qt_version = [int(v) for v in QtCore.qVersion().split('.')]
if qt_version < [5, 8, 0]:
    rcc_version = 1
    qt_resource_struct = qt_resource_struct_v1
else:
    rcc_version = 2
    qt_resource_struct = qt_resource_struct_v2

def qInitResources():
    QtCore.qRegisterResourceData(rcc_version, qt_resource_struct, qt_resource_name, qt_resource_data)

def qCleanupResources():
    QtCore.qUnregisterResourceData(rcc_version, qt_resource_struct, qt_resource_name, qt_resource_data)

qInitResources()
